검색어,공고 이름,회사 이름,회사 위치,게시일,링크,카테고리,출처,경력,직무분야,마감일,JD수집
Morgan Stanley,"Junior Sales (Sales Support), Analyst/Associate, Investment Management",Morgan Stanley,서울,2026-06-29,https://kr.linkedin.com/jobs/view/junior-sales-sales-support-analyst-associate-investment-management-at-morgan-stanley-4414462768,모건스탠리,LinkedIn,,,,본문
Morgan Stanley,2027 Investment Banking Industrial Placement / Summer Analyst Program (Seoul),Morgan Stanley,"서울, 대한민국",2026-07-06,https://kr.linkedin.com/jobs/view/2027-investment-banking-industrial-placement-summer-analyst-program-seoul-at-morgan-stanley-4436070636,모건스탠리,LinkedIn,,,,본문
Investment Banking,Investment Banking Analyst - C11 - SEOUL,Citi,서울,2026-06-19,https://kr.linkedin.com/jobs/view/investment-banking-analyst-c11-seoul-at-citi-4429678663,외국계IBD,LinkedIn,,,,본문
Investment Banking,Investment Banking Analyst - C11 - SEOUL,Citi,서울,2026-06-19,https://kr.linkedin.com/jobs/view/investment-banking-analyst-c11-seoul-at-citi-4429687642,외국계IBD,LinkedIn,,,,본문
Investment Banking,Expert - Private Equity,맥킨지앤드컴퍼니,서울,2026-06-22,https://kr.linkedin.com/jobs/view/expert-private-equity-at-mckinsey-company-3434797032,외국계IBD,LinkedIn,,,,본문
Investment Banking,"Trainee, Investment Banking (DCM focused)",Natixis Corporate & Investment Banking,"서울, 대한민국",2026-07-02,https://kr.linkedin.com/jobs/view/trainee-investment-banking-dcm-focused-at-natixis-corporate-investment-banking-4413888265,외국계IBD,LinkedIn,,,,본문
Investment Banking,Global Investment Banking - Mergers & Acquisitions- Analyst/ Associate,JPMorganChase,서울,2026-06-30,https://kr.linkedin.com/jobs/view/global-investment-banking-mergers-acquisitions-analyst-associate-at-jpmorganchase-4422483959,외국계IBD,LinkedIn,,,,본문
Investment Banking,"Intern, Debt Capital Markets, Korea (6 months to 1 year)",Natixis Corporate & Investment Banking,"서울, 대한민국",2026-07-06,https://kr.linkedin.com/jobs/view/intern-debt-capital-markets-korea-6-months-to-1-year-at-natixis-corporate-investment-banking-4436079264,외국계IBD,LinkedIn,,,,본문
Investment Banking,"Associate, Investment Analyst, Korea Credit",Ares Management,서울,2026-06-27,https://kr.linkedin.com/jobs/view/associate-investment-analyst-korea-credit-at-ares-management-4411522195,외국계IBD,LinkedIn,,,,본문
Investment Banking,"GMD Trading, Trainee",Crédit Agricole CIB,서울 인천 지역,2026-06-18,https://kr.linkedin.com/jobs/view/gmd-trading-trainee-at-cr%C3%A9dit-agricole-cib-4420415285,외국계IBD,LinkedIn,,,,본문
Investment Banking,Analyst - Real Assets,Macquarie Group,서울,2026-07-03,https://kr.linkedin.com/jobs/view/analyst-real-assets-at-macquarie-group-4424861086,외국계IBD,LinkedIn,,,,본문
Investment Banking,"CMO Officer, Permanent",Crédit Agricole CIB,서울 인천 지역,2026-07-02,https://kr.linkedin.com/jobs/view/cmo-officer-permanent-at-cr%C3%A9dit-agricole-cib-4417481117,외국계IBD,LinkedIn,,,,본문
Investment Banking,2026 Debt Capital Markets Intern (6-months) - Seoul,Mizuho,"서울, 대한민국",2026-07-02,https://kr.linkedin.com/jobs/view/2026-debt-capital-markets-intern-6-months-seoul-at-mizuho-4436154950,외국계IBD,LinkedIn,,,,본문
Investment Banking,(Branch) MNC Senior RM_Permanent,BNP Paribas,서울,2026-06-02,https://kr.linkedin.com/jobs/view/branch-mnc-senior-rm-permanent-at-bnp-paribas-4422367356,외국계IBD,LinkedIn,,,,본문
Investment Banking,2027 Commercial & Investment Bank - Markets Summer Analyst Program - Seoul,JPMorganChase,서울,2026-06-30,https://kr.linkedin.com/jobs/view/2027-commercial-investment-bank-markets-summer-analyst-program-seoul-at-jpmorganchase-4422344611,외국계IBD,LinkedIn,,,,본문
Investment Banking,Consultant,Roland Berger,서울,2026-06-23,https://kr.linkedin.com/jobs/view/consultant-at-roland-berger-4429440301,외국계IBD,LinkedIn,,,,본문
Investment Banking,"Senior Manager, Capital Markets & Strategic Finance",FuriosaAI,서울,2026-07-02,https://kr.linkedin.com/jobs/view/senior-manager-capital-markets-strategic-finance-at-furiosaai-4427169409,외국계IBD,LinkedIn,,,,본문
Investment Banking,"Strategic Partner Development Manager, Chrome and Ecosystem Partnerships (Korean, English)",Google,서울,2026-06-22,https://kr.linkedin.com/jobs/view/strategic-partner-development-manager-chrome-and-ecosystem-partnerships-korean-english-at-google-4430580031,외국계IBD,LinkedIn,,,,본문
Investment Banking,Monetization Strategy & Operations Project Intern (Monetization Strategy & Operations) - 2026 Start (BS/MS),TikTok,서울,2026-07-03,https://kr.linkedin.com/jobs/view/monetization-strategy-operations-project-intern-monetization-strategy-operations-2026-start-bs-ms-at-tiktok-4345784491,외국계IBD,LinkedIn,,,,본문
Investment Banking,2027 Commercial & Investment Bank - Markets Summer Analyst Program - Research - Seoul,JPMorganChase,서울,2026-06-30,https://kr.linkedin.com/jobs/view/2027-commercial-investment-bank-markets-summer-analyst-program-research-seoul-at-jpmorganchase-4422346519,외국계IBD,LinkedIn,,,,본문
Investment Banking,"Relationship Manager (Korea Business, Corporate Banking Department)",Agricultural Bank of China – Seoul Branch,종로구,2026-06-22,https://kr.linkedin.com/jobs/view/relationship-manager-korea-business-corporate-banking-department-at-agricultural-bank-of-china-%E2%80%93-seoul-branch-4430378114,외국계IBD,LinkedIn,,,,본문
Investment Banking,"Business Development Manager/Coordinator, Country Management",CLSA,"서울, 대한민국",2026-06-22,https://kr.linkedin.com/jobs/view/business-development-manager-coordinator-country-management-at-clsa-4407188283,외국계IBD,LinkedIn,,,,본문
Investment Banking,"Senior Analyst, App Marketing (Bangkok Based, Relocation Provided)",Agoda,서울,2026-06-18,https://kr.linkedin.com/jobs/view/senior-analyst-app-marketing-bangkok-based-relocation-provided-at-agoda-4410529642,외국계IBD,LinkedIn,,,,본문
Investment Banking,Consultant - Private Equity & Principals Investors,맥킨지앤드컴퍼니,서울,2026-06-25,https://kr.linkedin.com/jobs/view/consultant-private-equity-principals-investors-at-mckinsey-company-4365527572,외국계IBD,LinkedIn,,,,본문
Investment Banking,Graduate Analyst,Société Générale,"서울, 대한민국",2026-06-19,https://kr.linkedin.com/jobs/view/graduate-analyst-at-societe-generale-4430994126,외국계IBD,LinkedIn,,,,본문
Investment Banking,Finance Specialist - Fully Remote | Upto $80/hr,Mercor,"서울, 대한민국",2026-06-24,https://kr.linkedin.com/jobs/view/finance-specialist-fully-remote-upto-%2480-hr-at-mercor-4431465509,외국계IBD,LinkedIn,,,,본문
Investment Banking,"Risk (Sectors, Corporates & Structured), Trainee",Crédit Agricole CIB,서울 인천 지역,2026-06-24,https://kr.linkedin.com/jobs/view/risk-sectors-corporates-structured-trainee-at-cr%C3%A9dit-agricole-cib-4432575346,외국계IBD,LinkedIn,,,,본문
Investment Banking,Global Investment Banking Summer Analyst - 2027 - Seoul,Bank of America,서울,2026-07-01,https://kr.linkedin.com/jobs/view/global-investment-banking-summer-analyst-2027-seoul-at-bank-of-america-4434370810,외국계IBD,LinkedIn,,,,본문
Investment Banking,"Associate, Private Equity, CLSA Capital Partners",CLSA,"서울, 대한민국",2026-06-16,https://kr.linkedin.com/jobs/view/associate-private-equity-clsa-capital-partners-at-clsa-4415481593,외국계IBD,LinkedIn,,,,본문
Investment Banking,Equity Capital Markets - Origination Assistant - 6 Month Contract,JPMorganChase,서울,2026-06-30,https://kr.linkedin.com/jobs/view/equity-capital-markets-origination-assistant-6-month-contract-at-jpmorganchase-4358575605,외국계IBD,LinkedIn,,,,본문
Investment Banking,"Global Investment Banking - M&A Origination Assistant, 6-Month Fixed-Term Contract",JPMorganChase,서울,2026-06-30,https://kr.linkedin.com/jobs/view/global-investment-banking-m-a-origination-assistant-6-month-fixed-term-contract-at-jpmorganchase-4410246020,외국계IBD,LinkedIn,,,,본문
Investment Banking,"Global Banking & Markets, Operations - Equity and Listed Derivatives, Associate 부장/ Vice President, Seoul",Goldman Sachs,서울,2026-06-23,https://kr.linkedin.com/jobs/view/global-banking-markets-operations-equity-and-listed-derivatives-associate-%EB%B6%80%EC%9E%A5-vice-president-seoul-at-goldman-sachs-4401877613,외국계IBD,LinkedIn,,,,본문
Investment Banking,Project Manager,DNV,서울,2026-06-23,https://kr.linkedin.com/jobs/view/project-manager-at-dnv-4413015529,외국계IBD,LinkedIn,,,,본문
Investment Banking,"Director, Strategic Planning & Corporate Development",IQVIA,서울,2026-06-27,https://kr.linkedin.com/jobs/view/director-strategic-planning-corporate-development-at-iqvia-4433830360,외국계IBD,LinkedIn,,,,본문
Investment Banking,Manager Product Control,HSBC,서울,2026-07-06,https://kr.linkedin.com/jobs/view/manager-product-control-at-hsbc-4437185038,외국계IBD,LinkedIn,,,,본문
Investment Banking,"Specialist II, FX Sales - Seoul",BNY,서울,2026-06-23,https://kr.linkedin.com/jobs/view/specialist-ii-fx-sales-seoul-at-bny-4431251550,외국계IBD,LinkedIn,,,,본문
Investment Banking,[Finance Div.] IR Manager (7년 이상),KRAFTON Inc.,서울,2026-07-04,https://kr.linkedin.com/jobs/view/finance-div-ir-manager-7%EB%85%84-%EC%9D%B4%EC%83%81-at-krafton-inc-4401070738,외국계IBD,LinkedIn,,,,본문
Investment Banking,[CJ대한통운] '자금관리' 경력사원 모집,CJ Logistics,서울,2026-06-23,https://kr.linkedin.com/jobs/view/cj%EB%8C%80%ED%95%9C%ED%86%B5%EC%9A%B4-%EC%9E%90%EA%B8%88%EA%B4%80%EB%A6%AC-%EA%B2%BD%EB%A0%A5%EC%82%AC%EC%9B%90-%EB%AA%A8%EC%A7%91-at-cj-logistics-4410156464,외국계IBD,LinkedIn,,,,본문
Investment Banking,TSCO (Trade Settlement & Confirmations Operations) - Branch Operations -차장 Associate,Deutsche Bank,서울 인천 지역,2026-06-21,https://kr.linkedin.com/jobs/view/tsco-trade-settlement-confirmations-operations-branch-operations-%EC%B0%A8%EC%9E%A5-associate-at-deutsche-bank-4412150432,외국계IBD,LinkedIn,,,,본문
Investment Banking,[한화머시너리앤서비스홀딩스] 자금 조달 및 운용,Hanwha Vision,"서울, 대한민국",2026-06-26,https://kr.linkedin.com/jobs/view/%ED%95%9C%ED%99%94%EB%A8%B8%EC%8B%9C%EB%84%88%EB%A6%AC%EC%95%A4%EC%84%9C%EB%B9%84%EC%8A%A4%ED%99%80%EB%94%A9%EC%8A%A4-%EC%9E%90%EA%B8%88-%EC%A1%B0%EB%8B%AC-%EB%B0%8F-%EC%9A%B4%EC%9A%A9-at-hanwha-vision-4430273859,외국계IBD,LinkedIn,,,,본문
증권,[경력] 금융 SI 영업,CJ OliveNetworks,서울,2026-07-02,https://kr.linkedin.com/jobs/view/%EA%B2%BD%EB%A0%A5-%EA%B8%88%EC%9C%B5-si-%EC%98%81%EC%97%85-at-cj-olivenetworks-4347732080,증권사,LinkedIn,,,,본문
증권,Investment Manager,Ward Howell International,서초구,2026-06-03,https://kr.linkedin.com/jobs/view/investment-manager-at-ward-howell-international-4382705898,증권사,LinkedIn,,,,본문
증권,디지털지점(신입/계약직)*,넥스트증권,"서울, 대한민국",2026-06-18,https://kr.linkedin.com/jobs/view/%EB%94%94%EC%A7%80%ED%84%B8%EC%A7%80%EC%A0%90-%EC%8B%A0%EC%9E%85-%EA%B3%84%EC%95%BD%EC%A7%81-at-next-securities-4430160530,증권사,LinkedIn,,,,본문
증권,Head of Legal (General counsel),Orum Therapeutics,대전광역시,2026-07-02,https://kr.linkedin.com/jobs/view/head-of-legal-general-counsel-at-orum-therapeutics-4435046467,증권사,LinkedIn,,,,본문
증권,[경력] AICC PM,CJ OliveNetworks,서울,2026-07-03,https://kr.linkedin.com/jobs/view/%EA%B2%BD%EB%A0%A5-aicc-pm-at-cj-olivenetworks-4406434796,증권사,LinkedIn,,,,본문
증권,Inside Sales Coordinator,Rotork,성남,2026-06-24,https://kr.linkedin.com/jobs/view/inside-sales-coordinator-at-rotork-4429848001,증권사,LinkedIn,,,,본문
증권,UX Researcher,Mirae Asset Securities,"서울, 대한민국",2026-07-07,https://kr.linkedin.com/jobs/view/ux-researcher-at-mirae-asset-securities-4436285083,증권사,LinkedIn,,,,본문
증권,Brand&Marketing Team Leader,넥스트증권,"서울, 대한민국",2026-06-10,https://kr.linkedin.com/jobs/view/brand-marketing-team-leader-at-next-securities-4426746854,증권사,LinkedIn,,,,본문
증권,Product Manager (Contents Platform),넥스트증권,"서울, 대한민국",2026-06-10,https://kr.linkedin.com/jobs/view/product-manager-contents-platform-at-next-securities-4426758462,증권사,LinkedIn,,,,본문
증권,Account Director (금융),Adecco,"서울, 대한민국",2026-07-07,https://kr.linkedin.com/jobs/view/account-director-%EA%B8%88%EC%9C%B5-at-adecco-4436549111,증권사,LinkedIn,,,,본문
증권,Recruiting Business Partner (7년 미만),토스증권 (Toss Securities),서울,2026-06-18,https://kr.linkedin.com/jobs/view/recruiting-business-partner-7%EB%85%84-%EB%AF%B8%EB%A7%8C-at-toss-securities-4429346095,증권사,LinkedIn,,,,본문
증권,UX Researcher,토스증권 (Toss Securities),서울,2026-06-18,https://kr.linkedin.com/jobs/view/ux-researcher-at-toss-securities-4429362055,증권사,LinkedIn,,,,본문
증권,SA 제휴혁신 어시스턴트 (장애인 채용),MetLife,서울,2026-06-30,https://kr.linkedin.com/jobs/view/sa-%EC%A0%9C%ED%9C%B4%ED%98%81%EC%8B%A0-%EC%96%B4%EC%8B%9C%EC%8A%A4%ED%84%B4%ED%8A%B8-%EC%9E%A5%EC%95%A0%EC%9D%B8-%EC%B1%84%EC%9A%A9-at-metlife-4434749633,증권사,LinkedIn,,,,본문
증권,매매 도메인 Manager (Domain Product Owner),토스증권 (Toss Securities),서울,2026-06-18,https://kr.linkedin.com/jobs/view/%EB%A7%A4%EB%A7%A4-%EB%8F%84%EB%A9%94%EC%9D%B8-manager-domain-product-owner-at-toss-securities-4429352068,증권사,LinkedIn,,,,본문
증권,권리 도메인 Manager (Domain Product Owner),토스증권 (Toss Securities),서울,2026-06-18,https://kr.linkedin.com/jobs/view/%EA%B6%8C%EB%A6%AC-%EB%8F%84%EB%A9%94%EC%9D%B8-manager-domain-product-owner-at-toss-securities-4429365062,증권사,LinkedIn,,,,본문
증권,IT Audit Manager,토스증권 (Toss Securities),서울,2026-06-18,https://kr.linkedin.com/jobs/view/it-audit-manager-at-toss-securities-4429348236,증권사,LinkedIn,,,,본문
증권,Data Analytics Engineer (Data Warehouse/Mart),토스증권 (Toss Securities),서울,2026-06-18,https://kr.linkedin.com/jobs/view/data-analytics-engineer-data-warehouse-mart-at-toss-securities-4429366070,증권사,LinkedIn,,,,본문
증권,Frontend Developer,Toss Insurance(토스인슈어런스),서울,2026-06-18,https://kr.linkedin.com/jobs/view/frontend-developer-at-toss-insurance-%ED%86%A0%EC%8A%A4%EC%9D%B8%EC%8A%88%EC%96%B4%EB%9F%B0%EC%8A%A4-4429345088,증권사,LinkedIn,,,,본문
증권,Securities Settlement Manager (해외주식 - 주니어),토스증권 (Toss Securities),서울,2026-06-18,https://kr.linkedin.com/jobs/view/securities-settlement-manager-%ED%95%B4%EC%99%B8%EC%A3%BC%EC%8B%9D-%EC%A3%BC%EB%8B%88%EC%96%B4-at-toss-securities-4429358323,증권사,LinkedIn,,,,본문
증권,Data Analytics Engineer (Data Warehouse/CPC Mart),토스증권 (Toss Securities),서울,2026-06-18,https://kr.linkedin.com/jobs/view/data-analytics-engineer-data-warehouse-cpc-mart-at-toss-securities-4429343078,증권사,LinkedIn,,,,본문
증권사,[대기업/여의도역/신입가능] 증권사 유튜브/촬영 콘텐츠제작 PD,(주)사람인에이치에스,서울영등포구,2026-07-08,https://www.saramin.co.kr/zf_user/jobs/relay/view?view_type=search&rec_idx=54133366&location=ts&searchword=%EC%A6%9D%EA%B6%8C%EC%82%AC&searchType=search&paid_fl=n&search_uuid=898f5e48-0523-4aa5-ba75-c98408ad7f02,증권사,사람인,경력무관,"증권사, 영상디자이너, 촬영감독, PD/AD/FD, VJ 외",채용시,요약
증권사,[대기업증권사] 부산 로비매니저 채용 (리셉션/데스크/보안),(주)바른인사컨설팅,부산부산진구,2026-06-23,https://www.saramin.co.kr/zf_user/jobs/relay/view?view_type=search&rec_idx=54258517&location=ts&searchword=%EC%A6%9D%EA%B6%8C%EC%82%AC&searchType=search&paid_fl=n&search_uuid=898f5e48-0523-4aa5-ba75-c98408ad7f02,증권사,사람인,경력무관,"사무보조, 경비원, 경비지도사, 경호원, 관광가이드 외",채용시,요약
증권사,[증권사] 해운대지점 로비매니저 채용 (리셉션/데스크/보안),(주)바른인사컨설팅,부산해운대구,2026-07-02,https://www.saramin.co.kr/zf_user/jobs/relay/view?view_type=search&rec_idx=54347699&location=ts&searchword=%EC%A6%9D%EA%B6%8C%EC%82%AC&searchType=search&paid_fl=n&search_uuid=898f5e48-0523-4aa5-ba75-c98408ad7f02,증권사,사람인,경력무관,"사무보조, 총무, 경비원, 경비지도사, 경호원 외",채용시,요약
증권사,"여의도 증권사 웹디자이너 채용 [최대3,800/중식제공/여의도역]",(주)헬로서치,서울영등포구,2026-07-07,https://www.saramin.co.kr/zf_user/jobs/relay/view?view_type=search&rec_idx=54391251&location=ts&searchword=%EC%A6%9D%EA%B6%8C%EC%82%AC&searchType=search&paid_fl=n&search_uuid=898f5e48-0523-4aa5-ba75-c98408ad7f02,증권사,사람인,경력1년↑,"SNS, 촬영, 광고디자인, 그래픽디자인, 디지털디자인 외",채용시,요약
증권사,"[ 근무시간선택 ] 증권사어플- 이용문의, 오류접수 인바운드",(주)메타엠,서울송파구,2026-07-08,https://www.saramin.co.kr/zf_user/jobs/relay/view?view_type=search&rec_idx=54338382&location=ts&searchword=%EC%A6%9D%EA%B6%8C%EC%82%AC&searchType=search&paid_fl=n&search_uuid=898f5e48-0523-4aa5-ba75-c98408ad7f02,증권사,사람인,경력무관,"증권사, 서류관리, 사무보조, 전화응대, 손해보험사 외",~ 07/17(금),요약
증권사,[여의도/증권사] 사무보조 채용,(주)모닝인,서울영등포구,2026-07-02,https://www.saramin.co.kr/zf_user/jobs/relay/view?view_type=search&rec_idx=54350834&location=ts&searchword=%EC%A6%9D%EA%B6%8C%EC%82%AC&searchType=search&paid_fl=n&search_uuid=898f5e48-0523-4aa5-ba75-c98408ad7f02,증권사,사람인,경력,"사무보조, 서치펌, 헤드헌팅, 파견대행",~ 07/17(금),요약
증권사,[유명 증권사] 포항 로비 매니저 채용 (내방객응대),(주)바른인사컨설팅,경북포항시 남구,2026-06-08,https://www.saramin.co.kr/zf_user/jobs/relay/view?view_type=search&rec_idx=54111312&location=ts&searchword=%EC%A6%9D%EA%B6%8C%EC%82%AC&searchType=search&paid_fl=n&search_uuid=898f5e48-0523-4aa5-ba75-c98408ad7f02,증권사,사람인,경력무관,"사무행정, 사무직, 서류관리, 사무보조, 자료입력 외",채용시,요약
증권사,[대기업증권사] 리셉션(안내데스크) 채용,(주)바른인사컨설팅,서울중구,2026-06-25,https://www.saramin.co.kr/zf_user/jobs/relay/view?view_type=search&rec_idx=54121175&location=ts&searchword=%EC%A6%9D%EA%B6%8C%EC%82%AC&searchType=search&paid_fl=n&search_uuid=898f5e48-0523-4aa5-ba75-c98408ad7f02,증권사,사람인,경력1년↑,"사무보조, 안내데스크, 고객안내, 고객응대, 접수/예약 외",내일마감,요약
증권사,[대기업증권사/신입가능/목동] 로비매니저(보안/리셉션) 채용,(주)바른인사컨설팅,서울양천구,2026-06-29,https://www.saramin.co.kr/zf_user/jobs/relay/view?view_type=search&rec_idx=54310466&location=ts&searchword=%EC%A6%9D%EA%B6%8C%EC%82%AC&searchType=search&paid_fl=n&search_uuid=898f5e48-0523-4aa5-ba75-c98408ad7f02,증권사,사람인,경력무관,"사무보조, 수행비서, 안내데스크, 총무, 내방객응대 외",~ 07/14(화),요약
증권사,[유명증권사/신입가능/유급휴가1회] 리셉션 채용,(주)바른인사컨설팅,서울강남구,2026-06-30,https://www.saramin.co.kr/zf_user/jobs/relay/view?view_type=search&rec_idx=54323769&location=ts&searchword=%EC%A6%9D%EA%B6%8C%EC%82%AC&searchType=search&paid_fl=n&search_uuid=898f5e48-0523-4aa5-ba75-c98408ad7f02,증권사,사람인,경력,"사무직, 서류관리, 사무보조, 비서, 서무 외",채용시,요약
증권사,증권사 시스템 운영 상주 근무자 채용,(주)본정보,서울영등포구,2026-07-07,https://www.saramin.co.kr/zf_user/jobs/relay/view?view_type=search&rec_idx=54397390&location=ts&searchword=%EC%A6%9D%EA%B6%8C%EC%82%AC&searchType=search&paid_fl=n&search_uuid=898f5e48-0523-4aa5-ba75-c98408ad7f02,증권사,사람인,경력3년↑,"기술지원, 유지보수, SE(시스템엔지니어), 네트워크, 인프라 외",~ 08/06(목),요약
증권사,[여의도/휴학생 가능/신입가능] 증권사 유가증권 전달 업무,㈜휴먼리소스,서울영등포구,2026-07-07,https://www.saramin.co.kr/zf_user/jobs/relay/view?view_type=search&rec_idx=54393583&location=ts&searchword=%EC%A6%9D%EA%B6%8C%EC%82%AC&searchType=search&paid_fl=n&search_uuid=898f5e48-0523-4aa5-ba75-c98408ad7f02,증권사,사람인,경력무관,"서류관리, 사무보조, 배송기사, 육상운송, 행정보조 외",채용시,요약
증권사,[여의도] 증권사 총무팀 사무보조 모집,(주)링크모아,서울금천구,2026-06-22,https://www.saramin.co.kr/zf_user/jobs/relay/view?view_type=search&rec_idx=54227568&location=ts&searchword=%EC%A6%9D%EA%B6%8C%EC%82%AC&searchType=search&paid_fl=n&search_uuid=898f5e48-0523-4aa5-ba75-c98408ad7f02,증권사,사람인,경력무관,"사무직, 사무보조, 비품관리, 자산관리, 컨설팅 외",~ 07/19(일),요약
증권사,증권사 패밀리오피스 경력직 PB 채용,(주)유비소시어스,서울영등포구,2026-06-25,https://www.saramin.co.kr/zf_user/jobs/relay/view?view_type=search&rec_idx=54281348&location=ts&searchword=%EC%A6%9D%EA%B6%8C%EC%82%AC&searchType=search&paid_fl=n&search_uuid=898f5e48-0523-4aa5-ba75-c98408ad7f02,증권사,사람인,경력5년↑,"증권사, 금융사무, 증권사",채용시,요약
증권사,(국내증권사) VC팀 경력 채용 (과장 ~ 차장급) 계약직,시너지파트너즈(주),서울영등포구,2026-07-03,https://www.saramin.co.kr/zf_user/jobs/relay/view?view_type=search&rec_idx=54365904&location=ts&searchword=%EC%A6%9D%EA%B6%8C%EC%82%AC&searchType=search&paid_fl=n&search_uuid=898f5e48-0523-4aa5-ba75-c98408ad7f02,증권사,사람인,경력 8~15년,"증권사, 금융사무, 증권사",~ 07/13(월),요약
증권사,긴급 (국내증권사) 연금기획팀 퇴직연금 RK 및 운영 대리~과장급,시너지파트너즈(주),서울영등포구,2026-07-03,https://www.saramin.co.kr/zf_user/jobs/relay/view?view_type=search&rec_idx=54364731&location=ts&searchword=%EC%A6%9D%EA%B6%8C%EC%82%AC&searchType=search&paid_fl=n&search_uuid=898f5e48-0523-4aa5-ba75-c98408ad7f02,증권사,사람인,경력 4~10년,"증권사, 증권사",~ 07/10(금),요약
증권사,(국내증권사) 채권영업팀 채권영업 경력 채용 (대리 ~ 부장급),시너지파트너즈(주),서울영등포구,2026-07-03,https://www.saramin.co.kr/zf_user/jobs/relay/view?view_type=search&rec_idx=54365941&location=ts&searchword=%EC%A6%9D%EA%B6%8C%EC%82%AC&searchType=search&paid_fl=n&search_uuid=898f5e48-0523-4aa5-ba75-c98408ad7f02,증권사,사람인,경력 4~20년,"증권사, 금융상품영업, 증권사",~ 07/14(화),요약
증권사,[대형증권사] 스왑 프론트,(주)인코리아 프로페셔널(In Korea Professional),서울강남구,2026-07-06,https://www.saramin.co.kr/zf_user/jobs/relay/view?view_type=search&rec_idx=54383907&location=ts&searchword=%EC%A6%9D%EA%B6%8C%EC%82%AC&searchType=search&paid_fl=n&search_uuid=898f5e48-0523-4aa5-ba75-c98408ad7f02,증권사,사람인,경력 8~16년,"증권사, 증권사",~ 07/21(화),요약
증권사,[대형증권사] AI Data Strategist,(주)인코리아 프로페셔널(In Korea Professional),서울강남구,2026-07-06,https://www.saramin.co.kr/zf_user/jobs/relay/view?view_type=search&rec_idx=54384135&location=ts&searchword=%EC%A6%9D%EA%B6%8C%EC%82%AC&searchType=search&paid_fl=n&search_uuid=898f5e48-0523-4aa5-ba75-c98408ad7f02,증권사,사람인,경력 8~16년,"증권사, 증권사",~ 07/21(화),요약
증권사,[증권사] 해외주식 야간데스크 담당자 (정규직),주식회사 비온에이치알,서울영등포구,2026-07-01,https://www.saramin.co.kr/zf_user/jobs/relay/view?view_type=search&rec_idx=54273234&location=ts&searchword=%EC%A6%9D%EA%B6%8C%EC%82%AC&searchType=search&paid_fl=n&search_uuid=898f5e48-0523-4aa5-ba75-c98408ad7f02,증권사,사람인,경력3년↑,"증권사, 서치펌, 헤드헌팅",내일마감,요약
증권사,[증권사] 해외 주식 결제 및 권리 업무,주식회사 비온에이치알,서울영등포구,2026-07-01,https://www.saramin.co.kr/zf_user/jobs/relay/view?view_type=search&rec_idx=54273271&location=ts&searchword=%EC%A6%9D%EA%B6%8C%EC%82%AC&searchType=search&paid_fl=n&search_uuid=898f5e48-0523-4aa5-ba75-c98408ad7f02,증권사,사람인,경력2년↑,"증권사, 서치펌, 헤드헌팅",내일마감,요약
증권사,[증권사] Finance Manager(Treasury),주식회사 비온에이치알,서울영등포구,2026-06-24,https://www.saramin.co.kr/zf_user/jobs/relay/view?view_type=search&rec_idx=54273288&location=ts&searchword=%EC%A6%9D%EA%B6%8C%EC%82%AC&searchType=search&paid_fl=n&search_uuid=898f5e48-0523-4aa5-ba75-c98408ad7f02,증권사,사람인,경력6년↑,"증권사, 서치펌, 헤드헌팅",내일마감,요약
증권사,여의도소재 중견증권사 감사팀 팀장 차창~부장급,SMI,서울영등포구,2026-07-06,https://www.saramin.co.kr/zf_user/jobs/relay/view?view_type=search&rec_idx=54382949&location=ts&searchword=%EC%A6%9D%EA%B6%8C%EC%82%AC&searchType=search&paid_fl=n&search_uuid=898f5e48-0523-4aa5-ba75-c98408ad7f02,증권사,사람인,경력15년↑,"증권사, 신탁, 채권관리, 펀드, 증권사",~ 07/21(화),요약
증권사,여의도소재 중견증권사 결제관리팀 경력 대리~차장,SMI,서울영등포구,2026-07-08,https://www.saramin.co.kr/zf_user/jobs/relay/view?view_type=search&rec_idx=54403253&location=ts&searchword=%EC%A6%9D%EA%B6%8C%EC%82%AC&searchType=search&paid_fl=n&search_uuid=898f5e48-0523-4aa5-ba75-c98408ad7f02,증권사,사람인,경력 3~18년,"증권사, 결제관리, 증권사",~ 07/23(목),요약
증권사,[코스피 상장 IT서비스 중견기업] 증권사 IT 품질관리(3~12년),에이치알포유(주),서울마포구,2026-06-30,https://www.saramin.co.kr/zf_user/jobs/relay/view?view_type=search&rec_idx=54322120&location=ts&searchword=%EC%A6%9D%EA%B6%8C%EC%82%AC&searchType=search&paid_fl=n&search_uuid=898f5e48-0523-4aa5-ba75-c98408ad7f02,증권사,사람인,경력 3~12년,"증권사, IT컨설팅, QA/테스터, 금융감독기관대응, ISTQB 외",~ 07/10(금),요약
증권사,[코스피 상장 IT서비스 중견기업] 증권사 네트워크 엔지니어,에이치알포유(주),서울양천구,2026-07-04,https://www.saramin.co.kr/zf_user/jobs/relay/view?view_type=search&rec_idx=54371221&location=ts&searchword=%EC%A6%9D%EA%B6%8C%EC%82%AC&searchType=search&paid_fl=n&search_uuid=898f5e48-0523-4aa5-ba75-c98408ad7f02,증권사,사람인,경력 3~5년,"증권사, 네트워크, 방화벽, 인프라, IDC 외",~ 07/10(금),요약
증권사,[코스피 상장 IT서비스 중견기업] 증권사 원장 IT개발 (5~12년),에이치알포유(주),서울마포구,2026-07-04,https://www.saramin.co.kr/zf_user/jobs/relay/view?view_type=search&rec_idx=54371419&location=ts&searchword=%EC%A6%9D%EA%B6%8C%EC%82%AC&searchType=search&paid_fl=n&search_uuid=898f5e48-0523-4aa5-ba75-c98408ad7f02,증권사,사람인,경력 5~12년,"증권사, C++, C언어, Linux, Pro-C 외",~ 07/10(금),요약
증권사,[코스피 상장 IT서비스 중견기업] 증권사 데이터베이스 엔지니어,에이치알포유(주),서울마포구,2026-07-04,https://www.saramin.co.kr/zf_user/jobs/relay/view?view_type=search&rec_idx=54371234&location=ts&searchword=%EC%A6%9D%EA%B6%8C%EC%82%AC&searchType=search&paid_fl=n&search_uuid=898f5e48-0523-4aa5-ba75-c98408ad7f02,증권사,사람인,경력 3~12년,"증권사, 데이터엔지니어, DBA, 데이터마이닝, 트러블슈팅 외",~ 07/10(금),요약
증권사,[코스피 상장 IT서비스 중견기업] 증권사 HTS 개발/운영(5~10년),에이치알포유(주),서울마포구,2026-07-04,https://www.saramin.co.kr/zf_user/jobs/relay/view?view_type=search&rec_idx=54371220&location=ts&searchword=%EC%A6%9D%EA%B6%8C%EC%82%AC&searchType=search&paid_fl=n&search_uuid=898f5e48-0523-4aa5-ba75-c98408ad7f02,증권사,사람인,경력 5~12년,"증권사, 앱개발, 웹개발, API, MFC 외",~ 07/10(금),요약
증권사,[코스피 상장 IT서비스 중견기업] 증권사 MTS 앱/솔루션 개발,에이치알포유(주),서울마포구,2026-07-04,https://www.saramin.co.kr/zf_user/jobs/relay/view?view_type=search&rec_idx=54371218&location=ts&searchword=%EC%A6%9D%EA%B6%8C%EC%82%AC&searchType=search&paid_fl=n&search_uuid=898f5e48-0523-4aa5-ba75-c98408ad7f02,증권사,사람인,경력 5~12년,"증권사, 앱개발, Android, Angular, C++ 외",~ 07/10(금),요약
증권사,증권사 코스닥기업 애널리스트,(주)유비소시어스,서울영등포구,2026-06-25,https://www.saramin.co.kr/zf_user/jobs/relay/view?view_type=search&rec_idx=54281448&location=ts&searchword=%EC%A6%9D%EA%B6%8C%EC%82%AC&searchType=search&paid_fl=n&search_uuid=898f5e48-0523-4aa5-ba75-c98408ad7f02,증권사,사람인,경력1년↑,"애널리스트, 증권사",채용시,요약
증권사,(증권사) 상품지원팀 신탁결제 지원 경력 채용 (대리급)계약직,시너지파트너즈(주),서울영등포구,2026-07-03,https://www.saramin.co.kr/zf_user/jobs/relay/view?view_type=search&rec_idx=54364822&location=ts&searchword=%EC%A6%9D%EA%B6%8C%EC%82%AC&searchType=search&paid_fl=n&search_uuid=898f5e48-0523-4aa5-ba75-c98408ad7f02,증권사,사람인,경력 4~7년,"금융사무, 증권사",~ 07/13(월),요약
증권사,(증권사) 상품소싱팀 펀드 소싱 경력 채용 (대리급) 계약직,시너지파트너즈(주),서울영등포구,2026-07-03,https://www.saramin.co.kr/zf_user/jobs/relay/view?view_type=search&rec_idx=54365526&location=ts&searchword=%EC%A6%9D%EA%B6%8C%EC%82%AC&searchType=search&paid_fl=n&search_uuid=898f5e48-0523-4aa5-ba75-c98408ad7f02,증권사,사람인,경력 4~7년,"금융사무, 증권사",~ 07/13(월),요약
증권사,[증권사] 비대면 지점 업무 담당자,주식회사 비온에이치알,서울영등포구,2026-07-01,https://www.saramin.co.kr/zf_user/jobs/relay/view?view_type=search&rec_idx=54273217&location=ts&searchword=%EC%A6%9D%EA%B6%8C%EC%82%AC&searchType=search&paid_fl=n&search_uuid=898f5e48-0523-4aa5-ba75-c98408ad7f02,증권사,사람인,경력2년↑,"금융사무, 서치펌, 헤드헌팅",내일마감,요약
증권사,[중구/증권사] OTC결제팀 채용,(주)모닝인,서울중구,2026-06-23,https://www.saramin.co.kr/zf_user/jobs/relay/view?view_type=search&rec_idx=54260490&location=ts&searchword=%EC%A6%9D%EA%B6%8C%EC%82%AC&searchType=search&paid_fl=n&search_uuid=898f5e48-0523-4aa5-ba75-c98408ad7f02,증권사,사람인,경력,"사무행정, 사무직, 사무보조, 서무, 총무 외",오늘마감,요약
증권사,[대기업증권사/신입가능/대전] 로비매니저(보안/리셉션) 채용,(주)바른인사컨설팅,서울양천구,2026-07-01,https://www.saramin.co.kr/zf_user/jobs/relay/view?view_type=search&rec_idx=54338092&location=ts&searchword=%EC%A6%9D%EA%B6%8C%EC%82%AC&searchType=search&paid_fl=n&search_uuid=898f5e48-0523-4aa5-ba75-c98408ad7f02,증권사,사람인,경력무관,"사무보조, 수행비서, 안내데스크, 총무, 내방객응대 외",~ 07/16(목),요약
증권사,증권사 MTS/WTS 구축 및 고도화 기획자 채용,(주)엑스커머스,서울강남구,2026-06-17,https://www.saramin.co.kr/zf_user/jobs/relay/view?view_type=search&rec_idx=54205774&location=ts&searchword=%EC%A6%9D%EA%B6%8C%EC%82%AC&searchType=search&paid_fl=n&search_uuid=898f5e48-0523-4aa5-ba75-c98408ad7f02,증권사,사람인,경력 5~15년,"서비스기획, 앱기획, 웹기획, 웹에이전시",~ 07/17(금),요약
증권사,[대형증권사] 유저리서처(UX기획),(주)인코리아 프로페셔널(In Korea Professional),서울강남구,2026-06-26,https://www.saramin.co.kr/zf_user/jobs/relay/view?view_type=search&rec_idx=54292890&location=ts&searchword=%EC%A6%9D%EA%B6%8C%EC%82%AC&searchType=search&paid_fl=n&search_uuid=898f5e48-0523-4aa5-ba75-c98408ad7f02,증권사,사람인,경력 7~16년,"앱개발, 웹개발, UI/UX디자인, 개발PM, 증권사",~ 07/11(토),요약
증권사,[대형증권사] 디지털 마케팅,(주)인코리아 프로페셔널(In Korea Professional),서울강남구,2026-06-26,https://www.saramin.co.kr/zf_user/jobs/relay/view?view_type=search&rec_idx=54292899&location=ts&searchword=%EC%A6%9D%EA%B6%8C%EC%82%AC&searchType=search&paid_fl=n&search_uuid=898f5e48-0523-4aa5-ba75-c98408ad7f02,증권사,사람인,경력 5~15년,"마케팅전략, 인플루언서마케팅, 디지털마케팅, 모바일마케팅, 온라인마케팅 외",~ 07/11(토),요약
증권사,[대형증권사] 서비스 기획/운영,(주)인코리아 프로페셔널(In Korea Professional),서울강남구,2026-06-26,https://www.saramin.co.kr/zf_user/jobs/relay/view?view_type=search&rec_idx=54292908&location=ts&searchword=%EC%A6%9D%EA%B6%8C%EC%82%AC&searchType=search&paid_fl=n&search_uuid=898f5e48-0523-4aa5-ba75-c98408ad7f02,증권사,사람인,경력 5~15년,"사업기획, 상품기획, 서비스기획, 앱기획, 웹기획 외",~ 07/11(토),요약
증권사,[대형증권사] 국내변호사,(주)인코리아 프로페셔널(In Korea Professional),서울서초구,2026-07-06,https://www.saramin.co.kr/zf_user/jobs/relay/view?view_type=search&rec_idx=54380944&location=ts&searchword=%EC%A6%9D%EA%B6%8C%EC%82%AC&searchType=search&paid_fl=n&search_uuid=97e14e0a-6662-4179-96ac-93f8b4d2e1de,증권사,사람인,경력 2~10년,"변호사, 헤드헌팅",~ 07/21(화),요약
증권사,[국내 대형 증권사] AI Data Strategist 경력직 채용,(주)피플온(People On),서울강남구,2026-07-06,https://www.saramin.co.kr/zf_user/jobs/relay/view?view_type=search&rec_idx=54381745&location=ts&searchword=%EC%A6%9D%EA%B6%8C%EC%82%AC&searchType=search&paid_fl=n&search_uuid=97e14e0a-6662-4179-96ac-93f8b4d2e1de,증권사,사람인,경력8년↑,"데이터분석가, BI 엔지니어, 데이터 사이언티스트, 증권사",~ 07/17(금),요약
증권사,[증권사] Legal Counsel (변호사),주식회사 비온에이치알,서울영등포구,2026-06-24,https://www.saramin.co.kr/zf_user/jobs/relay/view?view_type=search&rec_idx=54273281&location=ts&searchword=%EC%A6%9D%EA%B6%8C%EC%82%AC&searchType=search&paid_fl=n&search_uuid=97e14e0a-6662-4179-96ac-93f8b4d2e1de,증권사,사람인,경력 2~5년,"변호사, 사내변호사, 서치펌, 헤드헌팅",내일마감,요약
증권사,[광화문/외국계증권회사] IT헬프데스크 정규직 채용,(주)모닝인,서울종로구,2026-07-02,https://www.saramin.co.kr/zf_user/jobs/relay/view?view_type=search&rec_idx=54346322&location=ts&searchword=%EC%A6%9D%EA%B6%8C%EC%82%AC&searchType=search&paid_fl=n&search_uuid=97e14e0a-6662-4179-96ac-93f8b4d2e1de,증권사,사람인,경력2년↑,"IT컨설팅, IT컨설팅, 아웃소싱",~ 07/17(금),요약
증권사,다우기술 경력사원 대규모 인재영입,(주)다우기술,경기성남시,2026-07-03,https://www.saramin.co.kr/zf_user/jobs/relay/view?view_type=search&rec_idx=54290748&location=ts&searchword=%EC%A6%9D%EA%B6%8C%EC%82%AC&searchType=search&paid_fl=n&search_uuid=97e14e0a-6662-4179-96ac-93f8b4d2e1de,증권사,사람인,경력2년↑,"증권사, 사무행정, 사무직, 서류관리, 기술지원 외",18시마감,요약
증권사,2026년도 상반기 신입(인턴) 및 경력사원 채용,(주)클리오,서울성동구,2026-07-06,https://www.saramin.co.kr/zf_user/jobs/relay/view?view_type=search&rec_idx=54048784&location=ts&searchword=%EC%A6%9D%EA%B6%8C%EC%82%AC&searchType=search&paid_fl=n&search_uuid=97e14e0a-6662-4179-96ac-93f8b4d2e1de,증권사,사람인,신입·경력,"모델링, 경리, 경리사무원, 급여(Payroll), 법인결산 외",~ 07/30(목),요약
증권사,신규직원 블라인드 채용 공고,교정공제회(재),서울강남구,2026-07-03,https://www.saramin.co.kr/zf_user/jobs/relay/view?view_type=search&rec_idx=54346822&location=ts&searchword=%EC%A6%9D%EA%B6%8C%EC%82%AC&searchType=search&paid_fl=n&search_uuid=97e14e0a-6662-4179-96ac-93f8b4d2e1de,증권사,사람인,신입,"증권사, 금융사무, 자산운용사, 사무행정, 자산운용 외",~ 07/15(수),요약
증권사,유진투자증권 지점 영업 신입사원 채용,유진투자증권(주),서울영등포구,2026-06-26,https://www.saramin.co.kr/zf_user/jobs/relay/view?view_type=search&rec_idx=54257540&location=ts&searchword=%EC%A6%9D%EA%B6%8C%EC%82%AC&searchType=search&paid_fl=n&search_uuid=97e14e0a-6662-4179-96ac-93f8b4d2e1de,증권사,사람인,신입,"증권사, 금융사무, 자산운용사, 자산운용, 기술영업 외",~ 07/12(일),요약
증권사,[해외취업] 글로벌 기업 취업 연수(국비전액지원),(재)서울현대교육재단,아시아·중동베트남,2026-05-21,https://www.saramin.co.kr/zf_user/jobs/relay/view?view_type=search&rec_idx=53958995&location=ts&searchword=%EC%A6%9D%EA%B6%8C%EC%82%AC&searchType=search&paid_fl=n&search_uuid=97e14e0a-6662-4179-96ac-93f8b4d2e1de,증권사,사람인,경력무관,"증권사, 금융사무, 일반은행, 자산운용사, 저축은행 외",~ 08/23(일),요약
증권사,2026 하반기 에이원심사손해사정 부문별 신입/경력직 공개채용,에이원심사손해사정(주),대전중구,2026-07-03,https://www.saramin.co.kr/zf_user/jobs/relay/view?view_type=search&rec_idx=54087265&location=ts&searchword=%EC%A6%9D%EA%B6%8C%EC%82%AC&searchType=search&paid_fl=n&search_uuid=97e14e0a-6662-4179-96ac-93f8b4d2e1de,증권사,사람인,경력무관,"증권사, 금융사무, 사무행정, 자산운용, 사무직 외",~ 07/20(월),요약
증권사,(주)리파인 신입/경력 채용공고,(주)리파인,서울송파구,2026-07-06,https://www.saramin.co.kr/zf_user/jobs/relay/view?view_type=search&rec_idx=54375943&location=ts&searchword=%EC%A6%9D%EA%B6%8C%EC%82%AC&searchType=search&paid_fl=n&search_uuid=97e14e0a-6662-4179-96ac-93f8b4d2e1de,증권사,사람인,신입·경력,"증권사, 자산운용, 서류관리, 자료입력, 백엔드/서버개발 외",~ 07/26(일),요약
증권사,동성건설㈜ 각 부문별 신입/경력 채용,동성건설㈜,대전유성구,2026-06-26,https://www.saramin.co.kr/zf_user/jobs/relay/view?view_type=search&rec_idx=54288004&location=ts&searchword=%EC%A6%9D%EA%B6%8C%EC%82%AC&searchType=search&paid_fl=n&search_uuid=97e14e0a-6662-4179-96ac-93f8b4d2e1de,증권사,사람인,경력무관,"사무직, 사무보조, 경리, 총무, 건축기사 외",~ 07/12(일),요약
증권사,26.09.01부 신규직원(정규직) 공개채용,경기대학교,경기수원시,2026-07-02,https://www.saramin.co.kr/zf_user/jobs/relay/view?view_type=search&rec_idx=54338394&location=ts&searchword=%EC%A6%9D%EA%B6%8C%EC%82%AC&searchType=search&paid_fl=n&search_uuid=97e14e0a-6662-4179-96ac-93f8b4d2e1de,증권사,사람인,경력무관,"사무행정, 교육행정, 시설관리, 교직원, 조교 외",~ 07/10(금),요약
증권사,"대일시스템 하반기 채용(해외영업지원,국내영업,아날로그회로설계,필드엔지니어,생산,제어엔지니어 팀장)",대일시스템,경기용인시 처인구,2026-06-24,https://www.saramin.co.kr/zf_user/jobs/relay/view?view_type=search&rec_idx=54206290&location=ts&searchword=%EC%A6%9D%EA%B6%8C%EC%82%AC&searchType=search&paid_fl=n&search_uuid=97e14e0a-6662-4179-96ac-93f8b4d2e1de,증권사,사람인,신입·경력,"기술지원, SE(시스템엔지니어), 머신러닝, 모델링, 알고리즘 외",~ 07/23(목),요약
증권사,2026년도 하반기 신입/경력 채용공고,(주)비엔케이시스템,부산강서구,2026-07-07,https://www.saramin.co.kr/zf_user/jobs/relay/view?view_type=search&rec_idx=54384654&location=ts&searchword=%EC%A6%9D%EA%B6%8C%EC%82%AC&searchType=search&paid_fl=n&search_uuid=97e14e0a-6662-4179-96ac-93f8b4d2e1de,증권사,사람인,신입·경력,"데이터엔지니어, 보안컨설팅, 앱개발, 웹개발, 정보보안 외",~ 07/19(일),요약
증권사,[영업점]고객 서비스 지원 아르바이트 상시 채용,엔에이치투자증권(주),충남당진시,2026-06-26,https://www.saramin.co.kr/zf_user/jobs/relay/view?view_type=search&rec_idx=54255069&location=ts&searchword=%EC%A6%9D%EA%B6%8C%EC%82%AC&searchType=search&paid_fl=n&search_uuid=97e14e0a-6662-4179-96ac-93f8b4d2e1de,증권사,사람인,경력무관,"증권사, 금융사무, 사무행정, 자산운용, 사무직 외",~ 08/11(화),요약
증권사,"건축/토목/CS/인사총무/개발자/증권트레이너/농작인/분양관리/운영,SCM PM/배리에이션MD 채용",(주)우남건설,경기화성시,2026-07-01,https://www.saramin.co.kr/zf_user/jobs/relay/view?view_type=search&rec_idx=54270742&location=ts&searchword=%EC%A6%9D%EA%B6%8C%EC%82%AC&searchType=search&paid_fl=n&search_uuid=97e14e0a-6662-4179-96ac-93f8b4d2e1de,증권사,사람인,신입·경력,"증권사, 사무행정, 서류관리, 사무보조, 백엔드/서버개발 외",~ 07/21(화),요약
증권사,"(주)iM증권 각 부문별 (자금, 랩/패시브운용, 영업점 텔러) 경력직 채용",(주)아이엠증권,서울영등포구,2026-07-03,https://www.saramin.co.kr/zf_user/jobs/relay/view?view_type=search&rec_idx=54283656&location=ts&searchword=%EC%A6%9D%EA%B6%8C%EC%82%AC&searchType=search&paid_fl=n&search_uuid=97e14e0a-6662-4179-96ac-93f8b4d2e1de,증권사,사람인,경력,"증권사, 금융사무, 자산운용사, 자산운용, 관리회계 외",17시마감,요약
증권사,[월220만/대전] 한국자산관리공사 사무보조/창구지원 채용,고려휴먼스(주),대전서구,2026-06-12,https://www.saramin.co.kr/zf_user/jobs/relay/view?view_type=search&rec_idx=54157082&location=ts&searchword=%EC%A6%9D%EA%B6%8C%EC%82%AC&searchType=search&paid_fl=n&search_uuid=97e14e0a-6662-4179-96ac-93f8b4d2e1de,증권사,사람인,경력무관,"증권사, 금융사무, 일반은행, 저축은행, 사무행정 외",채용시,요약
증권사,재물심사 부문 채용,에이원손해사정(주),서울전체,2026-07-03,https://www.saramin.co.kr/zf_user/jobs/relay/view?view_type=search&rec_idx=54213889&location=ts&searchword=%EC%A6%9D%EA%B6%8C%EC%82%AC&searchType=search&paid_fl=n&search_uuid=97e14e0a-6662-4179-96ac-93f8b4d2e1de,증권사,사람인,신입·경력,"증권사, 금융사무, 사무행정, 자산운용, 사무직 외",~ 07/13(월),요약
증권사,인심사 부문 채용,에이원손해사정(주),서울전체,2026-07-07,https://www.saramin.co.kr/zf_user/jobs/relay/view?view_type=search&rec_idx=54213806&location=ts&searchword=%EC%A6%9D%EA%B6%8C%EC%82%AC&searchType=search&paid_fl=n&search_uuid=97e14e0a-6662-4179-96ac-93f8b4d2e1de,증권사,사람인,신입·경력,"증권사, 금융사무, 사무행정, 자산운용, 사무직 외",~ 07/13(월),요약
증권사,[신영증권] 경영지원팀 경력직원 채용공고,신영증권(주),서울영등포구,2026-07-02,https://www.saramin.co.kr/zf_user/jobs/relay/view?view_type=search&rec_idx=54345961&location=ts&searchword=%EC%A6%9D%EA%B6%8C%EC%82%AC&searchType=search&paid_fl=n&search_uuid=97e14e0a-6662-4179-96ac-93f8b4d2e1de,증권사,사람인,경력 1~20년,"증권사, 증권사",~ 07/12(일),요약
증권사,특수금융부 경력직 채용,신한투자증권(주),서울영등포구,2026-07-07,https://www.saramin.co.kr/zf_user/jobs/relay/view?view_type=search&rec_idx=54389199&location=ts&searchword=%EC%A6%9D%EA%B6%8C%EC%82%AC&searchType=search&paid_fl=n&search_uuid=97e14e0a-6662-4179-96ac-93f8b4d2e1de,증권사,사람인,경력3년↑,"증권사, 자산관리, PM(프로젝트매니저), 리서치, 기업금융 외",~ 07/19(일),요약
증권사,[투자자문사] 경영지원팀 신입사원 채용 (급여공개) - 정규직,(주)폴라리스투자자문,서울영등포구,2026-07-08,https://www.saramin.co.kr/zf_user/jobs/relay/view?view_type=search&rec_idx=54172693&location=ts&searchword=%EC%A6%9D%EA%B6%8C%EC%82%AC&searchType=search&paid_fl=n&search_uuid=97e14e0a-6662-4179-96ac-93f8b4d2e1de,증권사,사람인,신입,"증권사, 금융사무, 일반은행, 자산운용사, 저축은행 외",내일마감,요약
증권사,[여의도/투자자문사] 경영지원팀 인턴 채용 - 정규직 전환 가능,(주)폴라리스투자자문,서울영등포구,2026-07-08,https://www.saramin.co.kr/zf_user/jobs/relay/view?view_type=search&rec_idx=54172679&location=ts&searchword=%EC%A6%9D%EA%B6%8C%EC%82%AC&searchType=search&paid_fl=n&search_uuid=97e14e0a-6662-4179-96ac-93f8b4d2e1de,증권사,사람인,신입,"증권사, 금융사무, 일반은행, 자산운용사, 저축은행 외",내일마감,요약
증권사,[중장년층 우대] GFC사업부/SFP지역단 금융영업 위촉직 모집,삼성생명보험(주),서울전체,2026-07-01,https://www.saramin.co.kr/zf_user/jobs/relay/view?view_type=search&rec_idx=54324777&location=ts&searchword=%EC%A6%9D%EA%B6%8C%EC%82%AC&searchType=search&paid_fl=n&search_uuid=97e14e0a-6662-4179-96ac-93f8b4d2e1de,증권사,사람인,신입·경력,"관리회계, 기업회계, 총무, 자산관리, 영업관리 외",~ 07/31(금),요약
증권사,[위펀] [결산/손익/세무신고] 재무회계 담당,(주)위펀,서울강남구,2026-07-02,https://www.saramin.co.kr/zf_user/jobs/relay/view?view_type=search&rec_idx=54352967&location=ts&searchword=%EC%A6%9D%EA%B6%8C%EC%82%AC&searchType=search&paid_fl=n&search_uuid=97e14e0a-6662-4179-96ac-93f8b4d2e1de,증권사,사람인,경력3년↑,"감사, 경리, 경리사무원, 관세사, 세무사 외",채용시,요약
증권사,"투자운용본부 신입, 경력무관 채용",(주)릿지자산운용,서울영등포구,2026-06-30,https://www.saramin.co.kr/zf_user/jobs/relay/view?view_type=search&rec_idx=54324061&location=ts&searchword=%EC%A6%9D%EA%B6%8C%EC%82%AC&searchType=search&paid_fl=n&search_uuid=97e14e0a-6662-4179-96ac-93f8b4d2e1de,증권사,사람인,경력무관,"금융사무, 자산운용사, 펀드매니저, 증권사",~ 07/30(목),요약
증권사,채비(주) 회계팀원 모집,채비(주),서울서초구,2026-07-01,https://www.saramin.co.kr/zf_user/jobs/relay/view?view_type=search&rec_idx=54323433&location=ts&searchword=%EC%A6%9D%EA%B6%8C%EC%82%AC&searchType=search&paid_fl=n&search_uuid=97e14e0a-6662-4179-96ac-93f8b4d2e1de,증권사,사람인,경력무관,"회계, 자동차, 자동차부품",~ 07/14(화),요약
증권사,케이비증권(주) 기업금융2본부 단기계약직 사무보조(비서포함),케이비증권(주),서울영등포구,2026-07-07,https://www.saramin.co.kr/zf_user/jobs/relay/view?view_type=search&rec_idx=54389931&location=ts&searchword=%EC%A6%9D%EA%B6%8C%EC%82%AC&searchType=search&paid_fl=n&search_uuid=97e14e0a-6662-4179-96ac-93f8b4d2e1de,증권사,사람인,경력1년↑,"사무보조, 비서, 서무, 증권사",~ 07/12(일),요약
증권사,[전환가능성/성남] 다우기술 DO기술지원팀 IT기술지원 채용,(주)사람인에이치에스,경기성남시 분당구,2026-06-17,https://www.saramin.co.kr/zf_user/jobs/relay/view?view_type=search&rec_idx=54207351&location=ts&searchword=%EC%A6%9D%EA%B6%8C%EC%82%AC&searchType=search&paid_fl=n&search_uuid=97e14e0a-6662-4179-96ac-93f8b4d2e1de,증권사,사람인,경력무관,"기술지원, 데이터엔지니어, 백엔드/서버개발, 보안컨설팅, 앱개발 외",상시채용,요약
증권사,이모션웨이브(주) 경영전략실 회계/기장·공시/IR 담당 채용,이모션웨이브(주),경기용인시 수지구,2026-07-07,https://www.saramin.co.kr/zf_user/jobs/relay/view?view_type=search&rec_idx=54398109&location=ts&searchword=%EC%A6%9D%EA%B6%8C%EC%82%AC&searchType=search&paid_fl=n&search_uuid=97e14e0a-6662-4179-96ac-93f8b4d2e1de,증권사,사람인,경력무관,"감사, 공인회계사, 세무사, 전산회계, 회계사 외",~ 09/05(토),요약
증권사,[코스피/중견]한일철강(주) 재경부 회계담당 경력사원 채용,한일철강(주),서울중구,2026-07-01,https://www.saramin.co.kr/zf_user/jobs/relay/view?view_type=search&rec_idx=54241637&location=ts&searchword=%EC%A6%9D%EA%B6%8C%EC%82%AC&searchType=search&paid_fl=n&search_uuid=97e14e0a-6662-4179-96ac-93f8b4d2e1de,증권사,사람인,경력 8~12년,"경리, 회계, 재무, 금속, 금속재료 외",~ 07/17(금),요약
증권사,[코스피/중견]한일철강(주) 철강영업 신입/경력사원 채용,한일철강(주),서울중구,2026-06-22,https://www.saramin.co.kr/zf_user/jobs/relay/view?view_type=search&rec_idx=54244952&location=ts&searchword=%EC%A6%9D%EA%B6%8C%EC%82%AC&searchType=search&paid_fl=n&search_uuid=97e14e0a-6662-4179-96ac-93f8b4d2e1de,증권사,사람인,신입·경력,"영업관리, 영업지원, 영업직, B2B, 거래처관리 외",~ 07/22(수),요약
증권사,[코스피/중견]한일철강(주) 철강영업 신입/경력 (부산 및 포항),한일철강(주),부산강서구,2026-07-08,https://www.saramin.co.kr/zf_user/jobs/relay/view?view_type=search&rec_idx=54395504&location=ts&searchword=%EC%A6%9D%EA%B6%8C%EC%82%AC&searchType=search&paid_fl=n&search_uuid=97e14e0a-6662-4179-96ac-93f8b4d2e1de,증권사,사람인,신입·경력,"영업관리, 영업지원, 영업직, B2B, 거래처관리 외",~ 08/06(목),요약
증권사,[CJ 그룹-CJ 메조미디어] 재무 및 회계담당자 경력채용,(주)씨제이메조미디어,서울중구,2026-07-02,https://www.saramin.co.kr/zf_user/jobs/relay/view?view_type=search&rec_idx=54352578&location=ts&searchword=%EC%A6%9D%EA%B6%8C%EC%82%AC&searchType=search&paid_fl=n&search_uuid=97e14e0a-6662-4179-96ac-93f8b4d2e1de,증권사,사람인,경력 3~6년,"회계, 재무, 광고기획사, 광고대행사, 광고영업",~ 07/20(월),요약
증권사,유진투자증권 재경팀 경력직원 채용,유진투자증권(주),서울영등포구,2026-07-01,https://www.saramin.co.kr/zf_user/jobs/relay/view?view_type=search&rec_idx=54337441&location=ts&searchword=%EC%A6%9D%EA%B6%8C%EC%82%AC&searchType=search&paid_fl=n&search_uuid=97e14e0a-6662-4179-96ac-93f8b4d2e1de,증권사,사람인,경력1년↑,"감사, 공인회계사, 세무사, 회계사, AICPA 외",~ 07/14(화),요약
증권사,(주)하이스틸 전산실 신입/경력 채용,(주)하이스틸,서울중구,2026-07-02,https://www.saramin.co.kr/zf_user/jobs/relay/view?view_type=search&rec_idx=54348776&location=ts&searchword=%EC%A6%9D%EA%B6%8C%EC%82%AC&searchType=search&paid_fl=n&search_uuid=97e14e0a-6662-4179-96ac-93f8b4d2e1de,증권사,사람인,경력무관,"데이터분석가, 보안컨설팅, 앱개발, 웹개발, 유지보수 외",~ 08/01(토),요약
증권사,유진투자증권 재경팀 업무직원 채용,유진투자증권(주),서울영등포구,2026-07-03,https://www.saramin.co.kr/zf_user/jobs/relay/view?view_type=search&rec_idx=54337492&location=ts&searchword=%EC%A6%9D%EA%B6%8C%EC%82%AC&searchType=search&paid_fl=n&search_uuid=97e14e0a-6662-4179-96ac-93f8b4d2e1de,증권사,사람인,신입,"사무직, 서류관리, 자료입력, 경리, 경리사무원 외",~ 07/14(화),요약
증권사,[대기업/여의도역/신입가능] 키움증권 서무 채용,(주)사람인에이치에스,서울영등포구,2026-07-02,https://www.saramin.co.kr/zf_user/jobs/relay/view?view_type=search&rec_idx=54350446&location=ts&searchword=%EC%A6%9D%EA%B6%8C%EC%82%AC&searchType=search&paid_fl=n&search_uuid=97e14e0a-6662-4179-96ac-93f8b4d2e1de,증권사,사람인,경력무관,"사무행정, 사무직, 사무보조, 자료입력, 경리 외",채용시,요약
증권사,AI솔루션부 경력직 채용 (AI Product Engineer),신한투자증권(주),서울영등포구,2026-07-03,https://www.saramin.co.kr/zf_user/jobs/relay/view?view_type=search&rec_idx=54362789&location=ts&searchword=%EC%A6%9D%EA%B6%8C%EC%82%AC&searchType=search&paid_fl=n&search_uuid=65283c3b-69ab-4ea8-8688-4a33869b5298,증권사,사람인,경력3년↑,"백엔드/서버개발, 웹개발, 프론트엔드, RDBMS, AI(인공지능) 외",~ 07/22(수),요약
증권사,"[위펀] 영업지원 담당 (정산,백오피스 지원 등)",(주)위펀,서울강남구,2026-07-06,https://www.saramin.co.kr/zf_user/jobs/relay/view?view_type=search&rec_idx=54379557&location=ts&searchword=%EC%A6%9D%EA%B6%8C%EC%82%AC&searchType=search&paid_fl=n&search_uuid=65283c3b-69ab-4ea8-8688-4a33869b5298,증권사,사람인,경력1년↑,"영업관리, 영업지원, 영업직, 영업판촉, B2B 외",채용시,요약
증권사,"지역인재 인턴십(채용전환) 10기 : ESH(안전,환경,보건)",비나텍(주),전북전주시 덕진구,2026-07-08,https://www.saramin.co.kr/zf_user/jobs/relay/view?view_type=search&rec_idx=54321130&location=ts&searchword=%EC%A6%9D%EA%B6%8C%EC%82%AC&searchType=search&paid_fl=n&search_uuid=65283c3b-69ab-4ea8-8688-4a33869b5298,증권사,사람인,신입,"시설관리, 인/허가, 전기기사, 전기, 전자",~ 07/30(목),요약
증권사,연구원 채용(신입/경력),(주)엘리시젠,서울성북구,2026-06-19,https://www.saramin.co.kr/zf_user/jobs/relay/view?view_type=search&rec_idx=54223646&location=ts&searchword=%EC%A6%9D%EA%B6%8C%EC%82%AC&searchType=search&paid_fl=n&search_uuid=65283c3b-69ab-4ea8-8688-4a33869b5298,증권사,사람인,경력무관,"생명과학, 유전자, 제약/바이오, QA, QC 외",~ 07/19(일),요약
증권사,[IPO 준비 기업] 연구본부 연구원 신입/경력 채용(증원),(주)엘리시젠,서울성북구,2026-07-01,https://www.saramin.co.kr/zf_user/jobs/relay/view?view_type=search&rec_idx=54332558&location=ts&searchword=%EC%A6%9D%EA%B6%8C%EC%82%AC&searchType=search&paid_fl=n&search_uuid=65283c3b-69ab-4ea8-8688-4a33869b5298,증권사,사람인,경력무관,"연구원, R&D, 생명과학, 세포배양, 세포실험 외",~ 07/31(금),요약
증권사,2026년도 OP직무 채용 공고,(주)비엔케이시스템,부산강서구,2026-07-06,https://www.saramin.co.kr/zf_user/jobs/relay/view?view_type=search&rec_idx=54384799&location=ts&searchword=%EC%A6%9D%EA%B6%8C%EC%82%AC&searchType=search&paid_fl=n&search_uuid=65283c3b-69ab-4ea8-8688-4a33869b5298,증권사,사람인,경력무관,"정보보안, 네트워크, 방화벽, 솔루션, 웹표준·웹접근성 외",~ 07/15(수),요약
증권사,[AI인공지능/정보보안] 재무회계 담당자 경력직 채용 (3~5년),(주)컴트루테크놀로지,서울마포구,2026-07-07,https://www.saramin.co.kr/zf_user/jobs/relay/view?view_type=search&rec_idx=54390642&location=ts&searchword=%EC%A6%9D%EA%B6%8C%EC%82%AC&searchType=search&paid_fl=n&search_uuid=65283c3b-69ab-4ea8-8688-4a33869b5298,증권사,사람인,경력 3~5년,"전산회계, 더존, 4대보험, 계산서발행, 급여(Payroll) 외",~ 07/19(일),요약
증권사,[종각/연4000이상/성과급별도] 대기업 무역사무 담당자 채용,(주)엠제이코리아,서울종로구,2026-07-06,https://www.saramin.co.kr/zf_user/jobs/relay/view?view_type=search&rec_idx=54280295&location=ts&searchword=%EC%A6%9D%EA%B6%8C%EC%82%AC&searchType=search&paid_fl=n&search_uuid=65283c3b-69ab-4ea8-8688-4a33869b5298,증권사,사람인,경력무관,"사무직, 사무보조, 서무, 국제무역사, 무역경리 외",~ 07/25(토),요약
증권사,[협업툴 플로우] SaaS 부문 개발자 (신입/경력),마드라스체크(주),서울영등포구,2026-07-07,https://www.saramin.co.kr/zf_user/jobs/relay/view?view_type=search&rec_idx=54383625&location=ts&searchword=%EC%A6%9D%EA%B6%8C%EC%82%AC&searchType=search&paid_fl=n&search_uuid=65283c3b-69ab-4ea8-8688-4a33869b5298,증권사,사람인,경력무관,"백엔드/서버개발, 웹개발, S/W, Java, SI·시스템통합 외",~ 08/31(월),요약
증권사,[주식회사 아크] 2026년 인사/총무 담당자 채용(인천),(주)아크,인천연수구,2026-07-08,https://www.saramin.co.kr/zf_user/jobs/relay/view?view_type=search&rec_idx=54352019&location=ts&searchword=%EC%A6%9D%EA%B6%8C%EC%82%AC&searchType=search&paid_fl=n&search_uuid=65283c3b-69ab-4ea8-8688-4a33869b5298,증권사,사람인,경력2년↑,"사무행정, 비품관리, 사내행사, 경영지원, HRD 외",~ 08/01(토),요약
증권사,전북은행빌딩 우편취급국 사무원 구함,(주)전은산업,전북전주시 덕진구,2026-07-07,https://www.saramin.co.kr/zf_user/jobs/relay/view?view_type=search&rec_idx=54394259&location=ts&searchword=%EC%A6%9D%EA%B6%8C%EC%82%AC&searchType=search&paid_fl=n&search_uuid=65283c3b-69ab-4ea8-8688-4a33869b5298,증권사,사람인,경력무관,"사무직, 용역업체",~ 07/14(화),요약
증권사,ㅣ상여600만 정착지원금60 보너스30ㅣ26년 상반기 제조 공채,퍼펙트커리어 주식회사,경기안산시 단원구,2026-06-18,https://www.saramin.co.kr/zf_user/jobs/relay/view?view_type=search&rec_idx=54218051&location=ts&searchword=%EC%A6%9D%EA%B6%8C%EC%82%AC&searchType=search&paid_fl=n&search_uuid=65283c3b-69ab-4ea8-8688-4a33869b5298,증권사,사람인,경력무관,"ER(노무관리), 기계조작원, 단순생산직, 생산관리, 설비OP 외",~ 07/18(토),요약
증권사,상여300 정착지원금60 보너스30ㅣ26년 반도체 회로기판 제조공채,퍼펙트커리어 주식회사,경기안산시 단원구,2026-06-20,https://www.saramin.co.kr/zf_user/jobs/relay/view?view_type=search&rec_idx=54235123&location=ts&searchword=%EC%A6%9D%EA%B6%8C%EC%82%AC&searchType=search&paid_fl=n&search_uuid=65283c3b-69ab-4ea8-8688-4a33869b5298,증권사,사람인,경력무관,"ER(노무관리), 기계조작원, 단순생산직, 생산관리, 설비OP 외",~ 07/20(월),요약
증권사,코스피상장 PCB Global TopㅣAI 선두기업 2026년 공채ㅣ기숙사有,퍼펙트커리어 주식회사,경기안산시,2026-07-06,https://www.saramin.co.kr/zf_user/jobs/relay/view?view_type=search&rec_idx=54360099&location=ts&searchword=%EC%A6%9D%EA%B6%8C%EC%82%AC&searchType=search&paid_fl=n&search_uuid=65283c3b-69ab-4ea8-8688-4a33869b5298,증권사,사람인,경력무관,"ER(노무관리), 기계조작원, 단순생산직, 생산관리, 설비OP 외",오늘마감,요약
증권사,[신영증권] 리스크심사팀 경력채용,신영증권(주),서울영등포구,2026-06-19,https://www.saramin.co.kr/zf_user/jobs/relay/view?view_type=search&rec_idx=54230285&location=ts&searchword=%EC%A6%9D%EA%B6%8C%EC%82%AC&searchType=search&paid_fl=n&search_uuid=65283c3b-69ab-4ea8-8688-4a33869b5298,증권사,사람인,경력4년↑,"증권사, 증권사",~ 07/19(일),요약
증권사,(주)라구나인베스트먼트 벤처캐피탈(VC) 투자심사역 채용 공고,(주)라구나인베스트먼트,서울강남구,2026-06-23,https://www.saramin.co.kr/zf_user/jobs/relay/view?view_type=search&rec_idx=54261281&location=ts&searchword=%EC%A6%9D%EA%B6%8C%EC%82%AC&searchType=search&paid_fl=n&search_uuid=65283c3b-69ab-4ea8-8688-4a33869b5298,증권사,사람인,신입·경력,"증권사, 자산운용사, 자산운용, 심사역, 애널리스트 외",채용시,요약
증권사,[월220만/공기업/특별복리후생] 한국자산관리공사 사무보조 채용,고려휴먼스(주),서울강남구,2026-06-24,https://www.saramin.co.kr/zf_user/jobs/relay/view?view_type=search&rec_idx=54271669&location=ts&searchword=%EC%A6%9D%EA%B6%8C%EC%82%AC&searchType=search&paid_fl=n&search_uuid=65283c3b-69ab-4ea8-8688-4a33869b5298,증권사,사람인,경력무관,"증권사, 금융사무, 일반은행, 저축은행, 사무행정 외",채용시,요약
증권사,[월220만/공기업/양재] 한국자산관리공사 사무보조 채용,고려휴먼스(주),서울강남구,2026-06-23,https://www.saramin.co.kr/zf_user/jobs/relay/view?view_type=search&rec_idx=54255485&location=ts&searchword=%EC%A6%9D%EA%B6%8C%EC%82%AC&searchType=search&paid_fl=n&search_uuid=65283c3b-69ab-4ea8-8688-4a33869b5298,증권사,사람인,경력무관,"증권사, 금융사무, 일반은행, 저축은행, 사무행정 외",채용시,요약
증권사,[월220만/전주] 한국자산관리공사 사무보조/창구지원 채용,고려휴먼스(주),전북전주시 덕진구,2026-06-24,https://www.saramin.co.kr/zf_user/jobs/relay/view?view_type=search&rec_idx=54268142&location=ts&searchword=%EC%A6%9D%EA%B6%8C%EC%82%AC&searchType=search&paid_fl=n&search_uuid=65283c3b-69ab-4ea8-8688-4a33869b5298,증권사,사람인,경력무관,"증권사, 금융사무, 일반은행, 저축은행, 사무행정 외",채용시,요약
증권사,[월220만/전주/특별복리후생] 한국자산관리공사 사무보조 채용,고려휴먼스(주),전북전주시 덕진구,2026-07-03,https://www.saramin.co.kr/zf_user/jobs/relay/view?view_type=search&rec_idx=54362297&location=ts&searchword=%EC%A6%9D%EA%B6%8C%EC%82%AC&searchType=search&paid_fl=n&search_uuid=65283c3b-69ab-4ea8-8688-4a33869b5298,증권사,사람인,경력무관,"증권사, 금융사무, 일반은행, 저축은행, 사무행정 외",채용시,요약
증권사,대기업/신입가능] 하나은행 본점 사무보조,고려휴먼스(주),서울중구,2026-07-06,https://www.saramin.co.kr/zf_user/jobs/relay/view?view_type=search&rec_idx=54365248&location=ts&searchword=%EC%A6%9D%EA%B6%8C%EC%82%AC&searchType=search&paid_fl=n&search_uuid=65283c3b-69ab-4ea8-8688-4a33869b5298,증권사,사람인,경력무관,"증권사, 금융사무, 일반은행, 저축은행, 사무행정 외",~ 07/18(토),요약
증권사,[자체직/여의도/복리후생上]JB우리캐피탈 금융사무원 모집,(주)티오에스코리아,서울영등포구,2026-06-30,https://www.saramin.co.kr/zf_user/jobs/relay/view?view_type=search&rec_idx=54321026&location=ts&searchword=%EC%A6%9D%EA%B6%8C%EC%82%AC&searchType=search&paid_fl=n&search_uuid=65283c3b-69ab-4ea8-8688-4a33869b5298,증권사,사람인,경력무관,"증권사, 금융사무, 사무행정, 사무직, 서류관리 외",~ 07/30(목),요약
증권사,[은행원] 하나은행 대전시 대전세종 순환텔러 모집,에이스휴먼파워(주),대전서구,2026-07-07,https://www.saramin.co.kr/zf_user/jobs/relay/view?view_type=search&rec_idx=54390456&location=ts&searchword=%EC%A6%9D%EA%B6%8C%EC%82%AC&searchType=search&paid_fl=n&search_uuid=65283c3b-69ab-4ea8-8688-4a33869b5298,증권사,사람인,경력무관,"증권사, 금융사무, 일반은행, 자산운용사, 저축은행 외",~ 08/06(목),요약
증권사,[NICE평가정보/성과급] 회원사 관리업무 지원(금융사무) 담당자,(주)코리아인,서울영등포구,2026-07-06,https://www.saramin.co.kr/zf_user/jobs/relay/view?view_type=search&rec_idx=54190774&location=ts&searchword=%EC%A6%9D%EA%B6%8C%EC%82%AC&searchType=search&paid_fl=n&search_uuid=65283c3b-69ab-4ea8-8688-4a33869b5298,증권사,사람인,경력무관,"증권사, 금융사무, 일반은행, 저축은행, 사무행정 외",~ 07/10(금),요약
증권사,AML 운영 담당자,(주)카카오페이증권,서울영등포구,2026-06-30,https://www.saramin.co.kr/zf_user/jobs/relay/view?view_type=search&rec_idx=54318511&location=ts&searchword=%EC%A6%9D%EA%B6%8C%EC%82%AC&searchType=search&paid_fl=n&search_uuid=65283c3b-69ab-4ea8-8688-4a33869b5298,증권사,사람인,경력5년↑,"증권사, 기술지원, 자금관리, 증권사",~ 07/15(수),요약
증권사,[광화문/싱가포르계은행] 금융사무(Global Markets Operations),(주)맨파워그룹코리아,서울종로구,2026-06-29,https://www.saramin.co.kr/zf_user/jobs/relay/view?view_type=search&rec_idx=54273053&location=ts&searchword=%EC%A6%9D%EA%B6%8C%EC%82%AC&searchType=search&paid_fl=n&search_uuid=65283c3b-69ab-4ea8-8688-4a33869b5298,증권사,사람인,경력2년↑,"증권사, 금융사무, 일반은행, 자산운용사, 사무행정 외",채용시,요약
증권사,ETF LP 트레이더 신입/경력사원 채용,다올투자증권(주),서울영등포구,2026-07-06,https://www.saramin.co.kr/zf_user/jobs/relay/view?view_type=search&rec_idx=54346864&location=ts&searchword=%EC%A6%9D%EA%B6%8C%EC%82%AC&searchType=search&paid_fl=n&search_uuid=65283c3b-69ab-4ea8-8688-4a33869b5298,증권사,사람인,경력무관,"증권사, 금융사무, ETF, 증권사",~ 07/19(일),요약
증권사,금융소비자보호팀 신입/경력직원 채용,유안타증권(주),서울영등포구,2026-06-24,https://www.saramin.co.kr/zf_user/jobs/relay/view?view_type=search&rec_idx=54270832&location=ts&searchword=%EC%A6%9D%EA%B6%8C%EC%82%AC&searchType=search&paid_fl=n&search_uuid=65283c3b-69ab-4ea8-8688-4a33869b5298,증권사,사람인,경력무관,"증권사, 증권사",~ 07/24(금),요약
증권사,[7일마감/광주] 생명보험협회 호남본부 직원 채용,(주)씨아이템프러리,광주서구,2026-07-03,https://www.saramin.co.kr/zf_user/jobs/relay/view?view_type=search&rec_idx=54241854&location=ts&searchword=%EC%A6%9D%EA%B6%8C%EC%82%AC&searchType=search&paid_fl=n&search_uuid=65283c3b-69ab-4ea8-8688-4a33869b5298,증권사,사람인,경력무관,"증권사, 금융사무, 일반은행, 사무행정, 사무직 외",~ 07/22(수),요약
증권사,[학동/자체직] 하나캐피탈 오토금융팀 사무지원 채용,(주)씨아이템프러리,서울강남구,2026-07-01,https://www.saramin.co.kr/zf_user/jobs/relay/view?view_type=search&rec_idx=54290683&location=ts&searchword=%EC%A6%9D%EA%B6%8C%EC%82%AC&searchType=search&paid_fl=n&search_uuid=65283c3b-69ab-4ea8-8688-4a33869b5298,증권사,사람인,경력무관,"증권사, 금융사무, 일반은행, 자산운용사, 저축은행 외",~ 07/26(일),요약
증권사,[2일마감/부산] 생명보험협회 영남본부 민원응대직 채용,(주)씨아이템프러리,부산부산진구,2026-07-02,https://www.saramin.co.kr/zf_user/jobs/relay/view?view_type=search&rec_idx=54290821&location=ts&searchword=%EC%A6%9D%EA%B6%8C%EC%82%AC&searchType=search&paid_fl=n&search_uuid=65283c3b-69ab-4ea8-8688-4a33869b5298,증권사,사람인,경력무관,"증권사, 금융사무, 일반은행, 사무행정, 사무직 외",~ 07/26(일),요약
증권사,HB저축은행 [종합금융1팀] 계약직 수시채용 (팀원),(주)에이치비저축은행,서울강남구,2026-07-07,https://www.saramin.co.kr/zf_user/jobs/relay/view?view_type=search&rec_idx=54396458&location=ts&searchword=%EC%A6%9D%EA%B6%8C%EC%82%AC&searchType=search&paid_fl=n&search_uuid=65283c3b-69ab-4ea8-8688-4a33869b5298,증권사,사람인,경력무관,"증권사, 금융사무, 저축은행, 제2금융권, 저축은행",상시채용,요약
증권사,[대기업] 증권 IT 품질관리(QA) 담당 (선임~책임급) 정규직 채용,(주)사람인에이치에스,서울마포구,2026-06-29,https://www.saramin.co.kr/zf_user/jobs/relay/view?view_type=search&rec_idx=54313375&location=ts&searchword=%EC%A6%9D%EA%B6%8C%EC%82%AC&searchType=search&paid_fl=n&search_uuid=65283c3b-69ab-4ea8-8688-4a33869b5298,증권사,사람인,경력3년↑,"증권사, 기술지원, 백엔드/서버개발, 유지보수, IT컨설팅 외",채용시,요약
증권사,[리딩에이스캐피탈] 리스크관리팀 경력 채용,리딩에이스캐피탈(주),서울영등포구,2026-06-16,https://www.saramin.co.kr/zf_user/jobs/relay/view?view_type=search&rec_idx=54190091&location=ts&searchword=%EC%A6%9D%EA%B6%8C%EC%82%AC&searchType=search&paid_fl=n&search_uuid=65283c3b-69ab-4ea8-8688-4a33869b5298,증권사,사람인,경력무관,"증권사, 금융사무, 일반은행, 자산운용사, 저축은행 외",~ 07/16(목),요약
증권사,[신입/경력] 자산운용전략 컨설턴트 채용,(주)이앤에프어드바이저,서울영등포구,2026-07-07,https://www.saramin.co.kr/zf_user/jobs/relay/view?view_type=search&rec_idx=54392499&location=ts&searchword=%EC%A6%9D%EA%B6%8C%EC%82%AC&searchType=search&paid_fl=n&search_uuid=65283c3b-69ab-4ea8-8688-4a33869b5298,증권사,사람인,경력무관,"증권사, 자산운용사, 자산운용, 데이터분석가, 연구원 외",~ 08/31(월),요약
증권사,"[상장사 IR PR] 신입, 경력 동료를 구합니다. (초봉 4,300)",케이론파트너스 주식회사,서울영등포구,2026-07-07,https://www.saramin.co.kr/zf_user/jobs/relay/view?view_type=search&rec_idx=54370737&location=ts&searchword=%EC%A6%9D%EA%B6%8C%EC%82%AC&searchType=search&paid_fl=n&search_uuid=65283c3b-69ab-4ea8-8688-4a33869b5298,증권사,사람인,경력무관,"증권사, 기업홍보, 경영컨설팅, 주식투자, 홍보대행사",~ 08/03(월),요약
증권사,백오피스(영업점 업무) 직원 수시 채용(신입 가능 / 경력 우대),에셋플러스자산운용(주),경기성남시 분당구,2026-07-06,https://www.saramin.co.kr/zf_user/jobs/relay/view?view_type=search&rec_idx=54364589&location=ts&searchword=%EC%A6%9D%EA%B6%8C%EC%82%AC&searchType=search&paid_fl=n&search_uuid=65283c3b-69ab-4ea8-8688-4a33869b5298,증권사,사람인,신입·경력,"자산운용사, 자산운용, Excel, 영업관리, 영업지원 외",~ 07/13(월),요약
증권사,인프라 투자 경력직원 채용 (관련 경력 5년 이상),(주)하나대체투자자산운용,서울중구,2026-07-06,https://www.saramin.co.kr/zf_user/jobs/relay/view?view_type=search&rec_idx=54379925&location=ts&searchword=%EC%A6%9D%EA%B6%8C%EC%82%AC&searchType=search&paid_fl=n&search_uuid=65283c3b-69ab-4ea8-8688-4a33869b5298,증권사,사람인,경력5년↑,"인프라, 재무기획, 재무제표, 재무회계, 시장조사 외",~ 07/31(금),요약
증권사,KB증권 Prime고객지원부 계약직원 채용,케이비증권(주),서울강서구,2026-07-01,https://www.saramin.co.kr/zf_user/jobs/relay/view?view_type=search&rec_idx=54333014&location=ts&searchword=%EC%A6%9D%EA%B6%8C%EC%82%AC&searchType=search&paid_fl=n&search_uuid=65283c3b-69ab-4ea8-8688-4a33869b5298,증권사,사람인,경력무관,"금융사무, 고객관리, 증권사",~ 07/19(일),요약
증권사,[주식회사 에이티에스그룹] 유튜브 주식 콘텐츠 영상편집자 채용,주식회사 에이티에스그룹,경북경주시,2026-07-03,https://www.saramin.co.kr/zf_user/jobs/relay/view?view_type=search&rec_idx=54366814&location=ts&searchword=%EC%A6%9D%EA%B6%8C%EC%82%AC&searchType=search&paid_fl=n&search_uuid=65283c3b-69ab-4ea8-8688-4a33869b5298,증권사,사람인,경력무관,"영상편집, 콘텐츠마케팅, 주식투자, 인터넷금융",~ 08/02(일),요약
Data Analyst,Data Analyst,Cube,대한민국,2026-06-17,https://kr.linkedin.com/jobs/view/data-analyst-at-cube-4430102498,데이터애널리스트,LinkedIn,,,,본문
Data Analyst,Sales Data Analyst - KR,Apple,서울,2026-05-13,https://kr.linkedin.com/jobs/view/sales-data-analyst-kr-at-apple-4414170122,데이터애널리스트,LinkedIn,,,,본문
Data Analyst,Sales Data Analyst - KR,Apple,서울,2026-05-13,https://kr.linkedin.com/jobs/view/sales-data-analyst-kr-at-apple-4414166460,데이터애널리스트,LinkedIn,,,,본문
Data Analyst,Business Intelligence Associate,Shopee,서울,2026-06-20,https://kr.linkedin.com/jobs/view/business-intelligence-associate-at-shopee-4402387816,데이터애널리스트,LinkedIn,,,,본문
Data Analyst,Data Analyst (분석),CJ OLIVE YOUNG,서울,2026-06-23,https://kr.linkedin.com/jobs/view/data-analyst-%EB%B6%84%EC%84%9D-at-cj-olive-young-4430895915,데이터애널리스트,LinkedIn,,,,본문
Data Analyst,Data Analyst Excel - Remote,YO IT Consulting,대한민국,2026-07-05,https://kr.linkedin.com/jobs/view/data-analyst-excel-remote-at-yo-it-consulting-4436013728,데이터애널리스트,LinkedIn,,,,본문
Data Analyst,Junior Analyst,NielsenIQ,"서울, 대한민국",2026-06-22,https://kr.linkedin.com/jobs/view/junior-analyst-at-nielseniq-4363411725,데이터애널리스트,LinkedIn,,,,본문
Data Analyst,Data Analyst Excel - Remote,YO IT Consulting,서울,2026-07-05,https://kr.linkedin.com/jobs/view/data-analyst-excel-remote-at-yo-it-consulting-4436019559,데이터애널리스트,LinkedIn,,,,본문
Data Analyst,Data Analyst,CLO Virtual Fashion,서울,2026-07-05,https://kr.linkedin.com/jobs/view/data-analyst-at-clo-virtual-fashion-4168214817,데이터애널리스트,LinkedIn,,,,본문
Data Analyst,Data Analyst (1 Year Contract),Criteo,서울,2026-06-17,https://kr.linkedin.com/jobs/view/data-analyst-1-year-contract-at-criteo-4429913631,데이터애널리스트,LinkedIn,,,,본문
Data Analyst,Experienced Analyst,Johnson & Johnson Innovative Medicine,서울,2026-07-07,https://kr.linkedin.com/jobs/view/experienced-analyst-at-johnson-johnson-innovative-medicine-4437724628,데이터애널리스트,LinkedIn,,,,본문
Data Analyst,Experience Analytics Manager,CHANEL,서울,2026-07-02,https://kr.linkedin.com/jobs/view/experience-analytics-manager-at-chanel-4435016458,데이터애널리스트,LinkedIn,,,,본문
Data Analyst,Data Analytics Engineer,MarqVision,"서울, 대한민국",2026-07-03,https://kr.linkedin.com/jobs/view/data-analytics-engineer-at-marqvision-4406956095,데이터애널리스트,LinkedIn,,,,본문
Data Analyst,Middle Office Quant Analyst,Presto,"서울, 대한민국",2026-07-04,https://kr.linkedin.com/jobs/view/middle-office-quant-analyst-at-presto-4436947095,데이터애널리스트,LinkedIn,,,,본문
Data Analyst,Data Scientist,NielsenIQ,"서울, 대한민국",2026-06-29,https://kr.linkedin.com/jobs/view/data-scientist-at-nielseniq-4425061761,데이터애널리스트,LinkedIn,,,,본문
Data Analyst,Digital Performance Senior Specialist,Philip Morris International,서울,2026-06-27,https://kr.linkedin.com/jobs/view/digital-performance-senior-specialist-at-philip-morris-international-4434073708,데이터애널리스트,LinkedIn,,,,본문
Data Analyst,"Global Costing and Business Analyst (대전 근무, Global 조직)",Merck Life Science,"대전, 대한민국",2026-06-30,https://kr.linkedin.com/jobs/view/global-costing-and-business-analyst-%EB%8C%80%EC%A0%84-%EA%B7%BC%EB%AC%B4-global-%EC%A1%B0%EC%A7%81-at-merck-life-science-4422252180,데이터애널리스트,LinkedIn,,,,본문
Data Analyst,Data Analytics Engineer (Product),Toss Insurance(토스인슈어런스),서울,2026-06-18,https://kr.linkedin.com/jobs/view/data-analytics-engineer-product-at-toss-insurance-%ED%86%A0%EC%8A%A4%EC%9D%B8%EC%8A%88%EC%96%B4%EB%9F%B0%EC%8A%A4-4429349080,데이터애널리스트,LinkedIn,,,,본문
Data Analyst,Demand Planning Analyst (1-year Contract),Stryker,서울,2026-07-03,https://kr.linkedin.com/jobs/view/demand-planning-analyst-1-year-contract-at-stryker-4391204157,데이터애널리스트,LinkedIn,,,,본문
Data Analyst,Data Analytics Engineer,Bucketplace (오늘의집),"서울, 대한민국",2026-06-25,https://kr.linkedin.com/jobs/view/data-analytics-engineer-at-bucketplace-ohouse-4338860421,데이터애널리스트,LinkedIn,,,,본문
Data Analyst,Planning Executive,BAT,서울,2026-06-27,https://kr.linkedin.com/jobs/view/planning-executive-at-bat-4414748519,데이터애널리스트,LinkedIn,,,,본문
Data Analyst,[CJ대한통운] 더운반디지털플랫폼 'Data Scientist' 경력사원 모집,CJ Logistics,서울,2026-06-24,https://kr.linkedin.com/jobs/view/cj%EB%8C%80%ED%95%9C%ED%86%B5%EC%9A%B4-%EB%8D%94%EC%9A%B4%EB%B0%98%EB%94%94%EC%A7%80%ED%84%B8%ED%94%8C%EB%9E%AB%ED%8F%BC-data-scientist-%EA%B2%BD%EB%A0%A5%EC%82%AC%EC%9B%90-%EB%AA%A8%EC%A7%91-at-cj-logistics-4355675695,데이터애널리스트,LinkedIn,,,,본문
Data Analyst,"[쿠팡로지스틱스서비스] Principal, Business analyst",Coupang Logistics Services,"서울, 대한민국",2026-06-10,https://kr.linkedin.com/jobs/view/%EC%BF%A0%ED%8C%A1%EB%A1%9C%EC%A7%80%EC%8A%A4%ED%8B%B1%EC%8A%A4%EC%84%9C%EB%B9%84%EC%8A%A4-principal-business-analyst-at-coupang-logistics-services-4402332163,데이터애널리스트,LinkedIn,,,,본문
Data Analyst,VIE Sales Analyst,Valeo,대구,2026-06-17,https://kr.linkedin.com/jobs/view/vie-sales-analyst-at-valeo-4410780990,데이터애널리스트,LinkedIn,,,,본문
Data Analyst,BALENCIAGA Retail Performance Specialist,BALENCIAGA,서울 인천 지역,2026-07-07,https://kr.linkedin.com/jobs/view/balenciaga-retail-performance-specialist-at-balenciaga-4437728898,데이터애널리스트,LinkedIn,,,,본문
Data Analyst,Statistical Analyst Manager – Retail Measurement & Modeling,NielsenIQ,"서울, 대한민국",2026-06-24,https://kr.linkedin.com/jobs/view/statistical-analyst-manager-%E2%80%93-retail-measurement-modeling-at-nielseniq-4431469574,데이터애널리스트,LinkedIn,,,,본문
Data Analyst,Data Engineer,CLO Virtual Fashion,서울,2026-06-17,https://kr.linkedin.com/jobs/view/data-engineer-at-clo-virtual-fashion-4388942361,데이터애널리스트,LinkedIn,,,,본문
Data Analyst,"Data Engineer (정보계, 3년이하)",Toss Bank(토스뱅크),서울,2026-06-18,https://kr.linkedin.com/jobs/view/data-engineer-%EC%A0%95%EB%B3%B4%EA%B3%84-3%EB%85%84%EC%9D%B4%ED%95%98-at-toss-bank-%ED%86%A0%EC%8A%A4%EB%B1%85%ED%81%AC-4429356078,데이터애널리스트,LinkedIn,,,,본문
Data Analyst,Sales Operation,Applied Materials Korea,화성시,2026-06-22,https://kr.linkedin.com/jobs/view/sales-operation-at-applied-materials-korea-4423680394,데이터애널리스트,LinkedIn,,,,본문
Data Analyst,"Data Engineer – MVA Inference & Audience Development (Remote, Global)","Reliance Automated Verified Leads, LLC",대한민국,2026-03-31,https://kr.linkedin.com/jobs/view/data-engineer-%E2%80%93-mva-inference-audience-development-remote-global-at-reliance-automated-verified-leads-llc-4393276086,데이터애널리스트,LinkedIn,,,,본문
Data Analyst,Freelance Agent Evaluation Engineer,Mindrift,대한민국,2026-07-06,https://kr.linkedin.com/jobs/view/freelance-agent-evaluation-engineer-at-mindrift-4437154577,데이터애널리스트,LinkedIn,,,,본문
Data Analyst,[재택/프리랜서] Welocalize 데이터 라벨러 모집안내,Welo Data,대한민국,2025-11-14,https://kr.linkedin.com/jobs/view/%EC%9E%AC%ED%83%9D-%ED%94%84%EB%A6%AC%EB%9E%9C%EC%84%9C-welocalize-%EB%8D%B0%EC%9D%B4%ED%84%B0-%EB%9D%BC%EB%B2%A8%EB%9F%AC-%EB%AA%A8%EC%A7%91%EC%95%88%EB%82%B4-at-welo-data-4340850248,데이터애널리스트,LinkedIn,,,,본문
Data Analyst,Data Analytics Engineer (광고/DMP),CJ OLIVE YOUNG,서울,2026-07-01,https://kr.linkedin.com/jobs/view/data-analytics-engineer-%EA%B4%91%EA%B3%A0-dmp-at-cj-olive-young-4426702339,데이터애널리스트,LinkedIn,,,,본문
Data Analyst,"Korea Residents - Survey Participants - Seoul, South Korea",Prolific,서울 인천 지역,2026-04-27,https://kr.linkedin.com/jobs/view/korea-residents-survey-participants-seoul-south-korea-at-prolific-4407446074,데이터애널리스트,LinkedIn,,,,본문
Data Analyst,"Korea Residents - Survey Participants - Suwon, South Korea",Prolific,수원,2026-04-27,https://kr.linkedin.com/jobs/view/korea-residents-survey-participants-suwon-south-korea-at-prolific-4407463075,데이터애널리스트,LinkedIn,,,,본문
Data Analyst,"Korea Residents - Survey Participants - Yongin, South Korea",Prolific,용인,2026-04-27,https://kr.linkedin.com/jobs/view/korea-residents-survey-participants-yongin-south-korea-at-prolific-4407460152,데이터애널리스트,LinkedIn,,,,본문
Data Analyst,"Korea Residents - Survey Participants - Goyang, South Korea",Prolific,고양시,2026-04-27,https://kr.linkedin.com/jobs/view/korea-residents-survey-participants-goyang-south-korea-at-prolific-4407471017,데이터애널리스트,LinkedIn,,,,본문
Data Analyst,"Korea Residents - Survey Participants - Uijeongbu, South Korea",Prolific,의정부,2026-04-27,https://kr.linkedin.com/jobs/view/korea-residents-survey-participants-uijeongbu-south-korea-at-prolific-4407455198,데이터애널리스트,LinkedIn,,,,본문
Data Analyst,Freelance Agent Evaluation Engineer,Mindrift,부산,2026-07-06,https://kr.linkedin.com/jobs/view/freelance-agent-evaluation-engineer-at-mindrift-4437174130,데이터애널리스트,LinkedIn,,,,본문
Data Analyst,Data Engineer (광고/DMP),CJ OLIVE YOUNG,서울,2026-06-23,https://kr.linkedin.com/jobs/view/data-engineer-%EA%B4%91%EA%B3%A0-dmp-at-cj-olive-young-4422338575,데이터애널리스트,LinkedIn,,,,본문
데이터 애널리스트,데이터 애널리스트/IT아키텍처 부문 채용,교보라이프플래닛생명보험(주),서울용산구,2026-07-06,https://www.saramin.co.kr/zf_user/jobs/relay/view?view_type=search&rec_idx=54347179&location=ts&searchword=%EB%8D%B0%EC%9D%B4%ED%84%B0+%EC%95%A0%EB%84%90%EB%A6%AC%EC%8A%A4%ED%8A%B8&searchType=search&paid_fl=n&search_uuid=deb4b763-ea38-4143-875a-0f72f131a923,데이터애널리스트,사람인,경력5년↑,"OracleDB, 데이터분석, 애널리스트, AI(인공지능), Python 외",~ 07/12(일),요약
데이터 애널리스트,[마케팅 전략] 데이터 애널리스트,슈퍼센트(주),서울송파구,2026-07-01,https://www.saramin.co.kr/zf_user/jobs/relay/view?view_type=search&rec_idx=53654174&location=ts&searchword=%EB%8D%B0%EC%9D%B4%ED%84%B0+%EC%95%A0%EB%84%90%EB%A6%AC%EC%8A%A4%ED%8A%B8&searchType=search&paid_fl=n&search_uuid=deb4b763-ea38-4143-875a-0f72f131a923,데이터애널리스트,사람인,경력무관,"데이터분석가, 데이터분석, Python, SQL, 알고리즘 외",~ 07/15(수),요약
데이터 애널리스트,MRO사업부 경력사원 채용 (Data Analyst),한화시스템(주),서울전체,2026-06-26,https://www.saramin.co.kr/zf_user/jobs/relay/view?view_type=search&rec_idx=54290051&location=ts&searchword=%EB%8D%B0%EC%9D%B4%ED%84%B0+%EC%95%A0%EB%84%90%EB%A6%AC%EC%8A%A4%ED%8A%B8&searchType=search&paid_fl=n&search_uuid=deb4b763-ea38-4143-875a-0f72f131a923,데이터애널리스트,사람인,경력5년↑,"데이터분석가, 빅데이터, 데이터분석, AI(인공지능), Python 외",~ 07/12(일),요약
데이터 애널리스트,[쿠팡CFS] Business Analyst(데이터 분석가) 경력직 채용,쿠팡풀필먼트서비스(유),서울송파구,2026-07-06,https://www.saramin.co.kr/zf_user/jobs/relay/view?view_type=search&rec_idx=54377000&location=ts&searchword=%EB%8D%B0%EC%9D%B4%ED%84%B0+%EC%95%A0%EB%84%90%EB%A6%AC%EC%8A%A4%ED%8A%B8&searchType=search&paid_fl=n&search_uuid=deb4b763-ea38-4143-875a-0f72f131a923,데이터애널리스트,사람인,경력,"데이터분석가, 자료입력, 데이터 사이언티스트, 데이터분석, Python 외",~ 08/05(수),요약
데이터 애널리스트,(주)딜리버스 Data Analyst Intern,(주)딜리버스,서울성동구,2026-06-18,https://www.saramin.co.kr/zf_user/jobs/relay/view?view_type=search&rec_idx=54213407&location=ts&searchword=%EB%8D%B0%EC%9D%B4%ED%84%B0+%EC%95%A0%EB%84%90%EB%A6%AC%EC%8A%A4%ED%8A%B8&searchType=search&paid_fl=n&search_uuid=deb4b763-ea38-4143-875a-0f72f131a923,데이터애널리스트,사람인,경력무관,"데이터엔지니어, 데이터분석가, 자료입력, 데이터분석, DBMS 외",~ 07/18(토),요약
데이터 애널리스트,MRO사업부 경력사원 채용 (CBM+ Data Analyst),한화시스템(주),서울전체,2026-06-26,https://www.saramin.co.kr/zf_user/jobs/relay/view?view_type=search&rec_idx=54289879&location=ts&searchword=%EB%8D%B0%EC%9D%B4%ED%84%B0+%EC%95%A0%EB%84%90%EB%A6%AC%EC%8A%A4%ED%8A%B8&searchType=search&paid_fl=n&search_uuid=deb4b763-ea38-4143-875a-0f72f131a923,데이터애널리스트,사람인,경력5년↑,"데이터분석가, 데이터분석, 알고리즘, 알고리즘개발, 기타제조업",~ 07/12(일),요약
데이터 애널리스트,[여의도] 글로벌 기업데이터 'B사' Project Research Analyst,(주)맨파워그룹코리아,서울영등포구,2026-06-30,https://www.saramin.co.kr/zf_user/jobs/relay/view?view_type=search&rec_idx=54294354&location=ts&searchword=%EB%8D%B0%EC%9D%B4%ED%84%B0+%EC%95%A0%EB%84%90%EB%A6%AC%EC%8A%A4%ED%8A%B8&searchType=search&paid_fl=n&search_uuid=deb4b763-ea38-4143-875a-0f72f131a923,데이터애널리스트,사람인,경력무관,"자료입력, 데이터분석, 서류관리, 사무직, 사무행정 외",채용시,요약
데이터 애널리스트,[미리디] 데이터 분석가 (Data Analyst),(주)미리디,서울구로구,2026-06-24,https://www.saramin.co.kr/zf_user/jobs/relay/view?view_type=search&rec_idx=54226862&location=ts&searchword=%EB%8D%B0%EC%9D%B4%ED%84%B0+%EC%95%A0%EB%84%90%EB%A6%AC%EC%8A%A4%ED%8A%B8&searchType=search&paid_fl=n&search_uuid=deb4b763-ea38-4143-875a-0f72f131a923,데이터애널리스트,사람인,경력 2~6년,"데이터분석가, 데이터분석, 소프트웨어개발",~ 08/18(화),요약
데이터 애널리스트,알지에이리인슈어런스컴파니한국지점 Business & Data Analyst를 찾고 있어요,알지에이리인슈어런스컴파니한국지점,서울중구,2026-06-30,https://www.saramin.co.kr/zf_user/jobs/relay/view?view_type=search&rec_idx=54319496&location=ts&searchword=%EB%8D%B0%EC%9D%B4%ED%84%B0+%EC%95%A0%EB%84%90%EB%A6%AC%EC%8A%A4%ED%8A%B8&searchType=search&paid_fl=n&search_uuid=deb4b763-ea38-4143-875a-0f72f131a923,데이터애널리스트,사람인,경력3년↑,"금융사무, 보험사",~ 07/30(목),요약
데이터 애널리스트,Data Analyst (3년 이상),엔카닷컴(주),서울중구,2026-06-25,https://www.saramin.co.kr/zf_user/jobs/relay/view?view_type=search&rec_idx=54277248&location=ts&searchword=%EB%8D%B0%EC%9D%B4%ED%84%B0+%EC%95%A0%EB%84%90%EB%A6%AC%EC%8A%A4%ED%8A%B8&searchType=search&paid_fl=n&search_uuid=deb4b763-ea38-4143-875a-0f72f131a923,데이터애널리스트,사람인,경력 3~10년,"데이터엔지니어, 데이터분석가, 데이터분석, QA/테스터, KPI관리 외",~ 07/15(수),요약
데이터 애널리스트,[아이디어스] Data Analyst,(주)백패커,서울서초구,2026-06-29,https://www.saramin.co.kr/zf_user/jobs/relay/view?view_type=search&rec_idx=54313639&location=ts&searchword=%EB%8D%B0%EC%9D%B4%ED%84%B0+%EC%95%A0%EB%84%90%EB%A6%AC%EC%8A%A4%ED%8A%B8&searchType=search&paid_fl=n&search_uuid=deb4b763-ea38-4143-875a-0f72f131a923,데이터애널리스트,사람인,경력7년↑,"데이터분석가, 데이터분석, 전자상거래, 쇼핑몰, 오픈마켓",~ 07/29(수),요약
데이터 애널리스트,Data Analyst(대출 중개 서비스 PA),케이비핀테크(주),서울서초구,2026-06-10,https://www.saramin.co.kr/zf_user/jobs/relay/view?view_type=search&rec_idx=54136358&location=ts&searchword=%EB%8D%B0%EC%9D%B4%ED%84%B0+%EC%95%A0%EB%84%90%EB%A6%AC%EC%8A%A4%ED%8A%B8&searchType=search&paid_fl=n&search_uuid=deb4b763-ea38-4143-875a-0f72f131a923,데이터애널리스트,사람인,경력 5~10년,"데이터분석가, 자산관리",~ 07/10(금),요약
데이터 애널리스트,[닐슨아이큐코리아] Statistical Analyst Retail Data/Modeling,닐슨아이큐서비스코리아(유),서울중구,2026-06-17,https://www.saramin.co.kr/zf_user/jobs/relay/view?view_type=search&rec_idx=54204387&location=ts&searchword=%EB%8D%B0%EC%9D%B4%ED%84%B0+%EC%95%A0%EB%84%90%EB%A6%AC%EC%8A%A4%ED%8A%B8&searchType=search&paid_fl=n&search_uuid=deb4b763-ea38-4143-875a-0f72f131a923,데이터애널리스트,사람인,경력6년↑,"데이터분석가, 데이터 사이언티스트, 데이터분석, 컨설팅, 조사분석",~ 07/17(금),요약
데이터 애널리스트,Data Analyst (Senior),(주)윌로그,서울강남구,2026-06-17,https://www.saramin.co.kr/zf_user/jobs/relay/view?view_type=search&rec_idx=54201553&location=ts&searchword=%EB%8D%B0%EC%9D%B4%ED%84%B0+%EC%95%A0%EB%84%90%EB%A6%AC%EC%8A%A4%ED%8A%B8&searchType=search&paid_fl=n&search_uuid=deb4b763-ea38-4143-875a-0f72f131a923,데이터애널리스트,사람인,경력 10~15년,"데이터분석가, Python, SQL, R, SI·시스템통합",~ 07/16(목),요약
데이터 애널리스트,Business Data Analyst (5년 이상),스푼랩스,서울강남구,2026-07-02,https://www.saramin.co.kr/zf_user/jobs/relay/view?view_type=search&rec_idx=54350730&location=ts&searchword=%EB%8D%B0%EC%9D%B4%ED%84%B0+%EC%95%A0%EB%84%90%EB%A6%AC%EC%8A%A4%ED%8A%B8&searchType=search&paid_fl=n&search_uuid=deb4b763-ea38-4143-875a-0f72f131a923,데이터애널리스트,사람인,경력5년↑,"데이터분석, 소프트웨어개발",채용시,요약
데이터 애널리스트,㈜아모텍 2026년 하반기 신입/경력 수시채용,(주)아모텍,서울서초구,2026-07-02,https://www.saramin.co.kr/zf_user/jobs/relay/view?view_type=search&rec_idx=54350023&location=ts&searchword=%EB%8D%B0%EC%9D%B4%ED%84%B0+%EC%95%A0%EB%84%90%EB%A6%AC%EC%8A%A4%ED%8A%B8&searchType=search&paid_fl=n&search_uuid=deb4b763-ea38-4143-875a-0f72f131a923,데이터애널리스트,사람인,신입·경력,"유지보수, 사무행정, Excel, 총무, 사업기획 외",~ 07/31(금),요약
데이터 애널리스트,2026년도 상반기 신입(인턴) 및 경력사원 채용,(주)클리오,서울성동구,2026-07-06,https://www.saramin.co.kr/zf_user/jobs/relay/view?view_type=search&rec_idx=54048784&location=ts&searchword=%EB%8D%B0%EC%9D%B4%ED%84%B0+%EC%95%A0%EB%84%90%EB%A6%AC%EC%8A%A4%ED%8A%B8&searchType=search&paid_fl=n&search_uuid=deb4b763-ea38-4143-875a-0f72f131a923,데이터애널리스트,사람인,신입·경력,"사업기획, 전략기획, 시장조사, 사업관리, 기획 외",~ 07/30(목),요약
데이터 애널리스트,2026년 7월 롯데바이오로직스 각 부문별 채용,롯데바이오로직스(주),서울송파구,2026-07-03,https://www.saramin.co.kr/zf_user/jobs/relay/view?view_type=search&rec_idx=54360900&location=ts&searchword=%EB%8D%B0%EC%9D%B4%ED%84%B0+%EC%95%A0%EB%84%90%EB%A6%AC%EC%8A%A4%ED%8A%B8&searchType=search&paid_fl=n&search_uuid=deb4b763-ea38-4143-875a-0f72f131a923,데이터애널리스트,사람인,신입·경력,"데이터엔지니어, 데이터분석가, 데이터시각화, 데이터마이닝, 데이터라벨링 외",~ 07/13(월),요약
데이터 애널리스트,[2026년] 부문별 채용 연계형 인턴사원 공개 모집,(주)서연이화,경기안양시,2026-07-02,https://www.saramin.co.kr/zf_user/jobs/relay/view?view_type=search&rec_idx=54258473&location=ts&searchword=%EB%8D%B0%EC%9D%B4%ED%84%B0+%EC%95%A0%EB%84%90%EB%A6%AC%EC%8A%A4%ED%8A%B8&searchType=search&paid_fl=n&search_uuid=deb4b763-ea38-4143-875a-0f72f131a923,데이터애널리스트,사람인,신입,"빅데이터, AI(인공지능), 기술지원, SE(시스템엔지니어), 유지보수 외",~ 07/12(일),요약
데이터 애널리스트,2026 하반기 에이원심사손해사정 부문별 신입/경력직 공개채용,에이원심사손해사정(주),대전중구,2026-07-03,https://www.saramin.co.kr/zf_user/jobs/relay/view?view_type=search&rec_idx=54087265&location=ts&searchword=%EB%8D%B0%EC%9D%B4%ED%84%B0+%EC%95%A0%EB%84%90%EB%A6%AC%EC%8A%A4%ED%8A%B8&searchType=search&paid_fl=n&search_uuid=deb4b763-ea38-4143-875a-0f72f131a923,데이터애널리스트,사람인,경력무관,"데이터분석가, 자료입력, 애널리스트, 기술지원, 사무보조 외",~ 07/20(월),요약
데이터 애널리스트,각 분야 신입 및 경력사원 정규직 모집,(주)나이벡,충북진천군,2026-06-25,https://www.saramin.co.kr/zf_user/jobs/relay/view?view_type=search&rec_idx=54281760&location=ts&searchword=%EB%8D%B0%EC%9D%B4%ED%84%B0+%EC%95%A0%EB%84%90%EB%A6%AC%EC%8A%A4%ED%8A%B8&searchType=search&paid_fl=n&search_uuid=deb4b763-ea38-4143-875a-0f72f131a923,데이터애널리스트,사람인,신입·경력,"자료입력, 문서작성, 서류관리, 사무직, 사무행정 외",~ 07/22(수),요약
데이터 애널리스트,[여의도/투자자문사] 경영지원팀 인턴 채용 - 정규직 전환 가능,(주)폴라리스투자자문,서울영등포구,2026-07-08,https://www.saramin.co.kr/zf_user/jobs/relay/view?view_type=search&rec_idx=54172679&location=ts&searchword=%EB%8D%B0%EC%9D%B4%ED%84%B0+%EC%95%A0%EB%84%90%EB%A6%AC%EC%8A%A4%ED%8A%B8&searchType=search&paid_fl=n&search_uuid=deb4b763-ea38-4143-875a-0f72f131a923,데이터애널리스트,사람인,신입,"애널리스트, 문서작성, 사무직, 사무행정, 경영지원 외",내일마감,요약
데이터 애널리스트,"[기획, 운용]더존비즈온 세무회계 프로그램 웹기획자 경력 채용",(주)더존비즈온,서울중구,2026-07-06,https://www.saramin.co.kr/zf_user/jobs/relay/view?view_type=search&rec_idx=54379151&location=ts&searchword=%EB%8D%B0%EC%9D%B4%ED%84%B0+%EC%95%A0%EB%84%90%EB%A6%AC%EC%8A%A4%ED%8A%B8&searchType=search&paid_fl=n&search_uuid=deb4b763-ea38-4143-875a-0f72f131a923,데이터애널리스트,사람인,경력 3~8년,"데이터분석, 사업기획, 사업관리, 기획, 자료조사 외",~ 07/21(화),요약
데이터 애널리스트,(주)라구나인베스트먼트 벤처캐피탈(VC) 투자심사역 채용 공고,(주)라구나인베스트먼트,서울강남구,2026-06-23,https://www.saramin.co.kr/zf_user/jobs/relay/view?view_type=search&rec_idx=54261281&location=ts&searchword=%EB%8D%B0%EC%9D%B4%ED%84%B0+%EC%95%A0%EB%84%90%EB%A6%AC%EC%8A%A4%ED%8A%B8&searchType=search&paid_fl=n&search_uuid=deb4b763-ea38-4143-875a-0f72f131a923,데이터애널리스트,사람인,신입·경력,"애널리스트, 기업분석, 증권사, 자산운용, 투자자문사 외",채용시,요약
데이터 애널리스트,(주)엠씨투자자문 데이터(퀀트·AI) 기반 리서치 및 주니어 운용역 채용 공고,(주)엠씨투자자문,서울영등포구,2026-07-07,https://www.saramin.co.kr/zf_user/jobs/relay/view?view_type=search&rec_idx=54379914&location=ts&searchword=%EB%8D%B0%EC%9D%B4%ED%84%B0+%EC%95%A0%EB%84%90%EB%A6%AC%EC%8A%A4%ED%8A%B8&searchType=search&paid_fl=n&search_uuid=deb4b763-ea38-4143-875a-0f72f131a923,데이터애널리스트,사람인,신입·경력,"애널리스트, 기업분석, 펀드매니저, 투자자문, 자산운용 외",~ 08/06(목),요약
데이터 애널리스트,Data Analytics Specialist,토스뱅크(주),서울강남구,2026-06-30,https://www.saramin.co.kr/zf_user/jobs/relay/view?view_type=search&rec_idx=54318303&location=ts&searchword=%EB%8D%B0%EC%9D%B4%ED%84%B0+%EC%95%A0%EB%84%90%EB%A6%AC%EC%8A%A4%ED%8A%B8&searchType=search&paid_fl=n&search_uuid=deb4b763-ea38-4143-875a-0f72f131a923,데이터애널리스트,사람인,신입·경력,"데이터엔지니어, 데이터분석가, 기술지원, SE(시스템엔지니어), BI 엔지니어 외",~ 07/15(수),요약
데이터 애널리스트,디지털 헬스케어 선도기업 전직군 채용 상시 모집,시너지에이아이(주),서울강서구,2026-07-01,https://www.saramin.co.kr/zf_user/jobs/relay/view?view_type=search&rec_idx=54334936&location=ts&searchword=%EB%8D%B0%EC%9D%B4%ED%84%B0+%EC%95%A0%EB%84%90%EB%A6%AC%EC%8A%A4%ED%8A%B8&searchType=search&paid_fl=n&search_uuid=deb4b763-ea38-4143-875a-0f72f131a923,데이터애널리스트,사람인,경력3년↑,"데이터시각화, 데이터마이닝, 빅데이터, 기술지원, 웹개발 외",~ 07/31(금),요약
데이터 애널리스트,인공지능(AI) 및 빅데이터 전문가 모집,(주)좋은정보기술,전북전주시 덕진구,2026-07-05,https://www.saramin.co.kr/zf_user/jobs/relay/view?view_type=search&rec_idx=54373169&location=ts&searchword=%EB%8D%B0%EC%9D%B4%ED%84%B0+%EC%95%A0%EB%84%90%EB%A6%AC%EC%8A%A4%ED%8A%B8&searchType=search&paid_fl=n&search_uuid=deb4b763-ea38-4143-875a-0f72f131a923,데이터애널리스트,사람인,신입·경력,"데이터엔지니어, DBA, 데이터분석가, 데이터시각화, 데이터마이닝 외",~ 09/03(목),요약
데이터 애널리스트,"[Coupang Eats] Senior, Business analyst(비즈니스 분석가)",쿠팡(주),서울강남구,2026-06-17,https://www.saramin.co.kr/zf_user/jobs/relay/view?view_type=search&rec_idx=54193076&location=ts&searchword=%EB%8D%B0%EC%9D%B4%ED%84%B0+%EC%95%A0%EB%84%90%EB%A6%AC%EC%8A%A4%ED%8A%B8&searchType=search&paid_fl=n&search_uuid=deb4b763-ea38-4143-875a-0f72f131a923,데이터애널리스트,사람인,경력 3~10년,"데이터분석, 전자상거래, 오픈마켓",상시채용,요약
데이터 애널리스트,[발산역] 외국계 일렉트릭기업 Finance Analyst(보너스/재택/1Y),(주)맨파워그룹코리아,서울강서구,2026-07-06,https://www.saramin.co.kr/zf_user/jobs/relay/view?view_type=search&rec_idx=54385637&location=ts&searchword=%EB%8D%B0%EC%9D%B4%ED%84%B0+%EC%95%A0%EB%84%90%EB%A6%AC%EC%8A%A4%ED%8A%B8&searchType=search&paid_fl=n&search_uuid=deb4b763-ea38-4143-875a-0f72f131a923,데이터애널리스트,사람인,경력3년↑,"CFA, CFO, IR/공시, 관리회계, 기업회계 외",~ 07/21(화),요약
데이터 애널리스트,이큐브랩(Haulla) Business Analyst Intern (경력무관),(주)이큐브랩,서울구로구,2026-07-02,https://www.saramin.co.kr/zf_user/jobs/relay/view?view_type=search&rec_idx=54348008&location=ts&searchword=%EB%8D%B0%EC%9D%B4%ED%84%B0+%EC%95%A0%EB%84%90%EB%A6%AC%EC%8A%A4%ED%8A%B8&searchType=search&paid_fl=n&search_uuid=deb4b763-ea38-4143-875a-0f72f131a923,데이터애널리스트,사람인,경력무관,"사무직, 사무행정, Excel, 경영지원, 사업기획 외",~ 08/01(토),요약
데이터 애널리스트,썬케미칼코리아(주) HR Analyst 신입/경력 사원 모집,썬케미칼코리아(주),울산남구,2026-06-25,https://www.saramin.co.kr/zf_user/jobs/relay/view?view_type=search&rec_idx=54279568&location=ts&searchword=%EB%8D%B0%EC%9D%B4%ED%84%B0+%EC%95%A0%EB%84%90%EB%A6%AC%EC%8A%A4%ED%8A%B8&searchType=search&paid_fl=n&search_uuid=deb4b763-ea38-4143-875a-0f72f131a923,데이터애널리스트,사람인,신입·경력,"급여(Payroll), 복리후생, 화학, 유기합성",~ 07/25(토),요약
데이터 애널리스트,(주)바이오리서치에이아이 제약바이오 Analyst/서비스 기획 채용,(주)바이오리서치에이아이,서울강남구,2026-06-30,https://www.saramin.co.kr/zf_user/jobs/relay/view?view_type=search&rec_idx=54321030&location=ts&searchword=%EB%8D%B0%EC%9D%B4%ED%84%B0+%EC%95%A0%EB%84%90%EB%A6%AC%EC%8A%A4%ED%8A%B8&searchType=search&paid_fl=n&search_uuid=deb4b763-ea38-4143-875a-0f72f131a923,데이터애널리스트,사람인,경력2년↑,"연구원, 생명과학, 소프트웨어개발",채용시,요약
데이터 애널리스트,[을지로/SSBT 미국계은행] KYC·AML Client Onboarding,(주)맨파워그룹코리아,서울중구,2026-06-29,https://www.saramin.co.kr/zf_user/jobs/relay/view?view_type=search&rec_idx=54271797&location=ts&searchword=%EB%8D%B0%EC%9D%B4%ED%84%B0+%EC%95%A0%EB%84%90%EB%A6%AC%EC%8A%A4%ED%8A%B8&searchType=search&paid_fl=n&search_uuid=deb4b763-ea38-4143-875a-0f72f131a923,데이터애널리스트,사람인,경력1년↑,"데이터분석가, 자료입력, 애널리스트, 사무보조, 문서작성 외",채용시,요약
데이터 애널리스트,[광화문역] 일본 3개 메가 글로벌 은행 Credit Risk Management,(주)맨파워그룹코리아,서울중구,2026-06-30,https://www.saramin.co.kr/zf_user/jobs/relay/view?view_type=search&rec_idx=54318951&location=ts&searchword=%EB%8D%B0%EC%9D%B4%ED%84%B0+%EC%95%A0%EB%84%90%EB%A6%AC%EC%8A%A4%ED%8A%B8&searchType=search&paid_fl=n&search_uuid=deb4b763-ea38-4143-875a-0f72f131a923,데이터애널리스트,사람인,경력무관,"데이터분석, 애널리스트, 시장조사, 기획, 금융사무 외",~ 07/15(수),요약
데이터 애널리스트,[국제선박투자운용] 금융전문인력 인턴 채용,(주) 국제선박투자운용,서울중구,2026-07-01,https://www.saramin.co.kr/zf_user/jobs/relay/view?view_type=search&rec_idx=54332446&location=ts&searchword=%EB%8D%B0%EC%9D%B4%ED%84%B0+%EC%95%A0%EB%84%90%EB%A6%AC%EC%8A%A4%ED%8A%B8&searchType=search&paid_fl=n&search_uuid=deb4b763-ea38-4143-875a-0f72f131a923,데이터애널리스트,사람인,경력무관,"애널리스트, 기업분석, 투자자문, 증권사, 기업심사 외",~ 07/31(금),요약
데이터 애널리스트,(정규직) 법인영업팀 리서치 재무모델 분석/운영 담당자 모집,(주)에프앤가이드,서울강서구,2026-07-07,https://www.saramin.co.kr/zf_user/jobs/relay/view?view_type=search&rec_idx=54389649&location=ts&searchword=%EB%8D%B0%EC%9D%B4%ED%84%B0+%EC%95%A0%EB%84%90%EB%A6%AC%EC%8A%A4%ED%8A%B8&searchType=search&paid_fl=n&search_uuid=deb4b763-ea38-4143-875a-0f72f131a923,데이터애널리스트,사람인,신입·경력,"데이터분석가, 소프트웨어개발",~ 08/06(목),요약
데이터 애널리스트,"[머크] Global Costing and Business Analyst (4년, 대전)",씨그마알드리치코리아(유),대전유성구,2026-07-02,https://www.saramin.co.kr/zf_user/jobs/relay/view?view_type=search&rec_idx=54350209&location=ts&searchword=%EB%8D%B0%EC%9D%B4%ED%84%B0+%EC%95%A0%EB%84%90%EB%A6%AC%EC%8A%A4%ED%8A%B8&searchType=search&paid_fl=n&search_uuid=deb4b763-ea38-4143-875a-0f72f131a923,데이터애널리스트,사람인,경력4년↑,"데이터엔지니어, 데이터분석가, 데이터시각화, 데이터마이닝, 데이터라벨링 외",채용시,요약
데이터 애널리스트,밸류업 컨설턴트 채용,(주)아이알큐더스,서울영등포구,2026-06-29,https://www.saramin.co.kr/zf_user/jobs/relay/view?view_type=search&rec_idx=54309446&location=ts&searchword=%EB%8D%B0%EC%9D%B4%ED%84%B0+%EC%95%A0%EB%84%90%EB%A6%AC%EC%8A%A4%ED%8A%B8&searchType=search&paid_fl=n&search_uuid=deb4b763-ea38-4143-875a-0f72f131a923,데이터애널리스트,사람인,신입·경력,"기업분석, 투자자문, 기업심사, IR/공시, IPO 외",~ 07/28(화),요약
데이터 애널리스트,ArcGIS Imagery Solution Engineer,(주)한국에스리,서울강남구,2026-07-03,https://www.saramin.co.kr/zf_user/jobs/relay/view?view_type=search&rec_idx=54359399&location=ts&searchword=%EB%8D%B0%EC%9D%B4%ED%84%B0+%EC%95%A0%EB%84%90%EB%A6%AC%EC%8A%A4%ED%8A%B8&searchType=search&paid_fl=n&search_uuid=deb4b763-ea38-4143-875a-0f72f131a923,데이터애널리스트,사람인,경력무관,"데이터분석가, 빅데이터, AI(인공지능), 솔루션, SI개발 외",~ 08/02(일),요약
데이터 애널리스트,심장 CT 영상데이터 분석가(방사선사) 채용,(주)온택트헬스,서울서대문구,2026-06-18,https://www.saramin.co.kr/zf_user/jobs/relay/view?view_type=search&rec_idx=54003302&location=ts&searchword=%EB%8D%B0%EC%9D%B4%ED%84%B0+%EC%95%A0%EB%84%90%EB%A6%AC%EC%8A%A4%ED%8A%B8&searchType=search&paid_fl=n&search_uuid=0851bd22-792c-450e-b63a-a1db2384b416,데이터애널리스트,사람인,신입·경력,"빅데이터, AI(인공지능), 간호사, 방사선사, 임상병리사 외",~ 07/26(일),요약
데이터 애널리스트,글로벌 채권관리 (여신운영.신용심사.채권보험.기업신용위험평가,(주)스카우트파트너스,서울강남구,2026-07-01,https://www.saramin.co.kr/zf_user/jobs/relay/view?view_type=search&rec_idx=54327157&location=ts&searchword=%EB%8D%B0%EC%9D%B4%ED%84%B0+%EC%95%A0%EB%84%90%EB%A6%AC%EC%8A%A4%ED%8A%B8&searchType=search&paid_fl=n&search_uuid=0851bd22-792c-450e-b63a-a1db2384b416,데이터애널리스트,사람인,경력 7~15년,"증권사, 외환관리, 자금관리, 재무회계, 여신심사 외",~ 07/30(목),요약
데이터 애널리스트,[미국취업] 시카고 POS 솔루션 공급기업 - 데이터분석 인턴,(주)아이씨엔그룹,미국,2026-06-10,https://www.saramin.co.kr/zf_user/jobs/relay/view?view_type=search&rec_idx=54132660&location=ts&searchword=%EB%8D%B0%EC%9D%B4%ED%84%B0+%EC%95%A0%EB%84%90%EB%A6%AC%EC%8A%A4%ED%8A%B8&searchType=search&paid_fl=n&search_uuid=0851bd22-792c-450e-b63a-a1db2384b416,데이터애널리스트,사람인,신입,"데이터엔지니어, 데이터분석가, 데이터시각화, 데이터마이닝, 데이터라벨링 외",~ 07/10(금),요약
데이터 애널리스트,[까르피] 명품쇼핑몰 신입/경력 물류팀 정규직 모집합니다,(주)디나피노,부산부산진구,2026-07-03,https://www.saramin.co.kr/zf_user/jobs/relay/view?view_type=search&rec_idx=54279682&location=ts&searchword=%EB%8D%B0%EC%9D%B4%ED%84%B0+%EC%95%A0%EB%84%90%EB%A6%AC%EC%8A%A4%ED%8A%B8&searchType=search&paid_fl=n&search_uuid=0851bd22-792c-450e-b63a-a1db2384b416,데이터애널리스트,사람인,경력무관,"쇼핑몰관리, 상품관리, 쇼핑몰, 웹디자인, 상세페이지 외",~ 07/25(토),요약
데이터 애널리스트,[Ericsson] Financial Planning & Analysis Specialist,(주)에릭슨코리아파트너스,서울금천구,2026-06-16,https://www.saramin.co.kr/zf_user/jobs/relay/view?view_type=search&rec_idx=54189973&location=ts&searchword=%EB%8D%B0%EC%9D%B4%ED%84%B0+%EC%95%A0%EB%84%90%EB%A6%AC%EC%8A%A4%ED%8A%B8&searchType=search&paid_fl=n&search_uuid=0851bd22-792c-450e-b63a-a1db2384b416,데이터애널리스트,사람인,경력3년↑,"재무, 통신, 텔레콤, 모바일, CDMA 외",~ 08/15(토),요약
데이터 애널리스트,[외국계 의료기기 영업] Associate Product Specialist,카디널헬스코리아 유한회사,서울중구,2026-07-06,https://www.saramin.co.kr/zf_user/jobs/relay/view?view_type=search&rec_idx=54381880&location=ts&searchword=%EB%8D%B0%EC%9D%B4%ED%84%B0+%EC%95%A0%EB%84%90%EB%A6%AC%EC%8A%A4%ED%8A%B8&searchType=search&paid_fl=n&search_uuid=0851bd22-792c-450e-b63a-a1db2384b416,데이터애널리스트,사람인,신입·경력,"의료기기영업, 의약·제약",~ 08/05(수),요약
데이터 애널리스트,티앤엘(포브스 아시아 200대 유망기업) 기획(IR/공시담당) 증원,(주)티앤엘,경기용인시 수지구,2026-06-17,https://www.saramin.co.kr/zf_user/jobs/relay/view?view_type=search&rec_idx=54199973&location=ts&searchword=%EB%8D%B0%EC%9D%B4%ED%84%B0+%EC%95%A0%EB%84%90%EB%A6%AC%EC%8A%A4%ED%8A%B8&searchType=search&paid_fl=n&search_uuid=0851bd22-792c-450e-b63a-a1db2384b416,데이터애널리스트,사람인,경력 5~12년,"IR/공시, 재무, 의약·제약, 의료·보건, 바이오 외",~ 07/17(금),요약
데이터 애널리스트,[강남/외국계/5년미만] CX Analyst (NPS 지표관리),(주)유니코써치,서울강남구,2026-07-06,https://www.saramin.co.kr/zf_user/jobs/relay/view?view_type=search&rec_idx=54374315&location=ts&searchword=%EB%8D%B0%EC%9D%B4%ED%84%B0+%EC%95%A0%EB%84%90%EB%A6%AC%EC%8A%A4%ED%8A%B8&searchType=search&paid_fl=n&search_uuid=0851bd22-792c-450e-b63a-a1db2384b416,데이터애널리스트,사람인,경력 2~6년,"CS관리, CS강사, CS, IT컨설팅",내일마감,요약
데이터 애널리스트,Product Manager(프로덕트 매니저),피에프씨테크놀로지스(주),서울서초구,2026-07-02,https://www.saramin.co.kr/zf_user/jobs/relay/view?view_type=search&rec_idx=54352628&location=ts&searchword=%EB%8D%B0%EC%9D%B4%ED%84%B0+%EC%95%A0%EB%84%90%EB%A6%AC%EC%8A%A4%ED%8A%B8&searchType=search&paid_fl=n&search_uuid=0851bd22-792c-450e-b63a-a1db2384b416,데이터애널리스트,사람인,경력3년↑,"PM(프로젝트매니저), 인터넷금융",채용시,요약
데이터 애널리스트,IR 및 공시 담당자 채용,코닉오토메이션(주),경기화성시,2026-07-06,https://www.saramin.co.kr/zf_user/jobs/relay/view?view_type=search&rec_idx=54377837&location=ts&searchword=%EB%8D%B0%EC%9D%B4%ED%84%B0+%EC%95%A0%EB%84%90%EB%A6%AC%EC%8A%A4%ED%8A%B8&searchType=search&paid_fl=n&search_uuid=0851bd22-792c-450e-b63a-a1db2384b416,데이터애널리스트,사람인,경력 3~7년,"IR/공시, 기업회계, 반도체",~ 07/31(금),요약
데이터 애널리스트,[Xcath] Finance & Accounting Analyst(4~7년 경력),(주)엑스캐스,경기성남시 수정구,2026-07-02,https://www.saramin.co.kr/zf_user/jobs/relay/view?view_type=search&rec_idx=54353932&location=ts&searchword=%EB%8D%B0%EC%9D%B4%ED%84%B0+%EC%95%A0%EB%84%90%EB%A6%AC%EC%8A%A4%ED%8A%B8&searchType=search&paid_fl=n&search_uuid=0851bd22-792c-450e-b63a-a1db2384b416,데이터애널리스트,사람인,경력 4~7년,"관리회계, 급여(Payroll), 연말정산, 예산관리, 자금관리 외",~ 08/01(토),요약
데이터 애널리스트,HR Generalist 채용,카운터포인트리서치(주),서울강남구,2026-06-25,https://www.saramin.co.kr/zf_user/jobs/relay/view?view_type=search&rec_idx=54282471&location=ts&searchword=%EB%8D%B0%EC%9D%B4%ED%84%B0+%EC%95%A0%EB%84%90%EB%A6%AC%EC%8A%A4%ED%8A%B8&searchType=search&paid_fl=n&search_uuid=0851bd22-792c-450e-b63a-a1db2384b416,데이터애널리스트,사람인,경력3년↑,"인사, 조사분석",~ 07/25(토),요약
데이터 애널리스트,[액트] 주주행동 플랫폼 사업 담당자,(주)컨두잇,서울영등포구,2026-07-01,https://www.saramin.co.kr/zf_user/jobs/relay/view?view_type=search&rec_idx=54337395&location=ts&searchword=%EB%8D%B0%EC%9D%B4%ED%84%B0+%EC%95%A0%EB%84%90%EB%A6%AC%EC%8A%A4%ED%8A%B8&searchType=search&paid_fl=n&search_uuid=0851bd22-792c-450e-b63a-a1db2384b416,데이터애널리스트,사람인,경력 5~10년,"사업기획, 시장조사, 사업관리, 기획, 신사업기획 외",~ 07/30(목),요약
데이터 애널리스트,(주)에이치비투자컨설팅 사무보조 채용,주식회사 에이치비투자컨설팅,서울강남구,2026-06-16,https://www.saramin.co.kr/zf_user/jobs/relay/view?view_type=search&rec_idx=53903116&location=ts&searchword=%EB%8D%B0%EC%9D%B4%ED%84%B0+%EC%95%A0%EB%84%90%EB%A6%AC%EC%8A%A4%ED%8A%B8&searchType=search&paid_fl=n&search_uuid=0851bd22-792c-450e-b63a-a1db2384b416,데이터애널리스트,사람인,신입,"사무보조, 사무직, 애널리스트",채용시,요약
데이터 애널리스트,[외국계]반도체장비기업 물류 Logistics Analyst,(주)맨파워써치앤컨설팅,서울강남구,2026-07-03,https://www.saramin.co.kr/zf_user/jobs/relay/view?view_type=search&rec_idx=54362346&location=ts&searchword=%EB%8D%B0%EC%9D%B4%ED%84%B0+%EC%95%A0%EB%84%90%EB%A6%AC%EC%8A%A4%ED%8A%B8&searchType=search&paid_fl=n&search_uuid=0851bd22-792c-450e-b63a-a1db2384b416,데이터애널리스트,사람인,경력 8~17년,"재고관리, 물류기획, SCM, 검품/검수, 출고/출하 외",~ 07/18(토),요약
데이터 애널리스트,[테라다인코리아] Logistics Analyst (반도체/ 경력),테라다인코리아(유),서울송파구,2026-07-03,https://www.saramin.co.kr/zf_user/jobs/relay/view?view_type=search&rec_idx=54366285&location=ts&searchword=%EB%8D%B0%EC%9D%B4%ED%84%B0+%EC%95%A0%EB%84%90%EB%A6%AC%EC%8A%A4%ED%8A%B8&searchType=search&paid_fl=n&search_uuid=0851bd22-792c-450e-b63a-a1db2384b416,데이터애널리스트,사람인,경력 3~10년,"무역거래, 무역영어, 벤더관리, 수/발주, 수출입 외",채용시,요약
데이터 애널리스트,"[재택]코인 선물 애널리스트 채용(리딩, 촬영)",(주)림엠버,서울금천구,2026-05-19,https://www.saramin.co.kr/zf_user/jobs/relay/view?view_type=search&rec_idx=53935534&location=ts&searchword=%EB%8D%B0%EC%9D%B4%ED%84%B0+%EC%95%A0%EB%84%90%EB%A6%AC%EC%8A%A4%ED%8A%B8&searchType=search&paid_fl=n&search_uuid=0851bd22-792c-450e-b63a-a1db2384b416,데이터애널리스트,사람인,경력2년↑,"데이터분석가, 데이터분석, 애널리스트, 통계/분석, 통신",~ 07/18(토),요약
데이터 애널리스트,[서스틴베스트] 투자자솔루션팀 팀장급 연구원 채용,(주)서스틴베스트,서울중구,2026-06-18,https://www.saramin.co.kr/zf_user/jobs/relay/view?view_type=search&rec_idx=54216019&location=ts&searchword=%EB%8D%B0%EC%9D%B4%ED%84%B0+%EC%95%A0%EB%84%90%EB%A6%AC%EC%8A%A4%ED%8A%B8&searchType=search&paid_fl=n&search_uuid=0851bd22-792c-450e-b63a-a1db2384b416,데이터애널리스트,사람인,경력6년↑,"애널리스트, 경영분석, 투자자문, 리서치, ESG 외",내일마감,요약
데이터 애널리스트,"주식 전문가, TV방송, 유튜브 같이 하실 분 - 대표 TV 출연중",함스픽,전북김제시,2026-06-02,https://www.saramin.co.kr/zf_user/jobs/relay/view?view_type=search&rec_idx=54061303&location=ts&searchword=%EB%8D%B0%EC%9D%B4%ED%84%B0+%EC%95%A0%EB%84%90%EB%A6%AC%EC%8A%A4%ED%8A%B8&searchType=search&paid_fl=n&search_uuid=0851bd22-792c-450e-b63a-a1db2384b416,데이터애널리스트,사람인,경력무관,"애널리스트, 주식투자, 주식영업, 컨텐츠제공",~ 08/01(토),요약
데이터 애널리스트,주식전문가 모집 - 대표:이데일리온 함진희 파트너(구:신사임당),함스픽,전북김제시,2026-06-10,https://www.saramin.co.kr/zf_user/jobs/relay/view?view_type=search&rec_idx=54138065&location=ts&searchword=%EB%8D%B0%EC%9D%B4%ED%84%B0+%EC%95%A0%EB%84%90%EB%A6%AC%EC%8A%A4%ED%8A%B8&searchType=search&paid_fl=n&search_uuid=0851bd22-792c-450e-b63a-a1db2384b416,데이터애널리스트,사람인,경력무관,"애널리스트, 주식투자, 주식영업, 컨텐츠제공",~ 08/09(일),요약
데이터 애널리스트,[토스인슈어런스] Data Analytics Engineer,(주)비바리퍼블리카,서울구로구,2026-06-04,https://www.saramin.co.kr/zf_user/jobs/relay/view?view_type=search&rec_idx=53885850&location=ts&searchword=%EB%8D%B0%EC%9D%B4%ED%84%B0+%EC%95%A0%EB%84%90%EB%A6%AC%EC%8A%A4%ED%8A%B8&searchType=search&paid_fl=n&search_uuid=0851bd22-792c-450e-b63a-a1db2384b416,데이터애널리스트,사람인,경력5년↑,"데이터엔지니어, 데이터분석가, 데이터 사이언티스트, 보험사",상시채용,요약
데이터 애널리스트,Business Analyst 채용,메가존클라우드(주),경기과천시,2026-06-24,https://www.saramin.co.kr/zf_user/jobs/relay/view?view_type=search&rec_idx=53915382&location=ts&searchword=%EB%8D%B0%EC%9D%B4%ED%84%B0+%EC%95%A0%EB%84%90%EB%A6%AC%EC%8A%A4%ED%8A%B8&searchType=search&paid_fl=n&search_uuid=0851bd22-792c-450e-b63a-a1db2384b416,데이터애널리스트,사람인,경력 3~7년,"데이터분석가, 데이터분석, SI·시스템통합, 소프트웨어개발",채용시,요약
데이터 애널리스트,빅데이터 개발자(전문연구요원가능),(주)베스텔라랩,경기안양시 동안구,2026-06-15,https://www.saramin.co.kr/zf_user/jobs/relay/view?view_type=search&rec_idx=54172118&location=ts&searchword=%EB%8D%B0%EC%9D%B4%ED%84%B0+%EC%95%A0%EB%84%90%EB%A6%AC%EC%8A%A4%ED%8A%B8&searchType=search&paid_fl=n&search_uuid=0851bd22-792c-450e-b63a-a1db2384b416,데이터애널리스트,사람인,경력 1~10년,"데이터분석가, 데이터 사이언티스트, 소프트웨어개발",~ 07/14(화),요약
데이터 애널리스트,[그로스마케팅팀] 데이터 분석가 - 경력,(주)플레이링스,경기성남시 분당구,2026-06-29,https://www.saramin.co.kr/zf_user/jobs/relay/view?view_type=search&rec_idx=54308745&location=ts&searchword=%EB%8D%B0%EC%9D%B4%ED%84%B0+%EC%95%A0%EB%84%90%EB%A6%AC%EC%8A%A4%ED%8A%B8&searchType=search&paid_fl=n&search_uuid=0851bd22-792c-450e-b63a-a1db2384b416,데이터애널리스트,사람인,경력5년↑,"데이터분석가, 게임개발",~ 07/29(수),요약
데이터 애널리스트,외국계 IT 컨설팅 회사 Oracle Fusion Senior Business Analyst,(주)스카우트,서울중구,2026-07-03,https://www.saramin.co.kr/zf_user/jobs/relay/view?view_type=search&rec_idx=54365535&location=ts&searchword=%EB%8D%B0%EC%9D%B4%ED%84%B0+%EC%95%A0%EB%84%90%EB%A6%AC%EC%8A%A4%ED%8A%B8&searchType=search&paid_fl=n&search_uuid=0851bd22-792c-450e-b63a-a1db2384b416,데이터애널리스트,사람인,경력10년↑,"클라우드, ERP, BI 엔지니어, SI·시스템통합, ERP",~ 08/02(일),요약
데이터 애널리스트,[운영부문] IR담당자,(주)니어스랩,서울송파구,2026-07-06,https://www.saramin.co.kr/zf_user/jobs/relay/view?view_type=search&rec_idx=54364919&location=ts&searchword=%EB%8D%B0%EC%9D%B4%ED%84%B0+%EC%95%A0%EB%84%90%EB%A6%AC%EC%8A%A4%ED%8A%B8&searchType=search&paid_fl=n&search_uuid=0851bd22-792c-450e-b63a-a1db2384b416,데이터애널리스트,사람인,경력3년↑,"기업분석, 금융사무, 기업심사, 감사, IR/공시 외",~ 08/04(화),요약
데이터 애널리스트,AI 물류 스타트업 AI/ML 연구원(부산),(주)아로아랩스,부산남구,2026-06-16,https://www.saramin.co.kr/zf_user/jobs/relay/view?view_type=search&rec_idx=54187215&location=ts&searchword=%EB%8D%B0%EC%9D%B4%ED%84%B0+%EC%95%A0%EB%84%90%EB%A6%AC%EC%8A%A4%ED%8A%B8&searchType=search&paid_fl=n&search_uuid=0851bd22-792c-450e-b63a-a1db2384b416,데이터애널리스트,사람인,경력 3~8년,"데이터 사이언티스트, 솔루션업체",상시채용,요약
데이터 애널리스트,Data Engineer (Senior),(주)윌로그,서울강남구,2026-06-17,https://www.saramin.co.kr/zf_user/jobs/relay/view?view_type=search&rec_idx=54202343&location=ts&searchword=%EB%8D%B0%EC%9D%B4%ED%84%B0+%EC%95%A0%EB%84%90%EB%A6%AC%EC%8A%A4%ED%8A%B8&searchType=search&paid_fl=n&search_uuid=0851bd22-792c-450e-b63a-a1db2384b416,데이터애널리스트,사람인,경력 10~15년,"데이터엔지니어, Python, SQL, Kafka, SI·시스템통합",~ 07/16(목),요약
데이터 애널리스트,뉴발란스코리아 - Market Product Operations,뉴발란스코리아(유),서울종로구,2026-07-06,https://www.saramin.co.kr/zf_user/jobs/relay/view?view_type=search&rec_idx=54382578&location=ts&searchword=%EB%8D%B0%EC%9D%B4%ED%84%B0+%EC%95%A0%EB%84%90%EB%A6%AC%EC%8A%A4%ED%8A%B8&searchType=search&paid_fl=n&search_uuid=0851bd22-792c-450e-b63a-a1db2384b416,데이터애널리스트,사람인,경력 7~9년,"인프라, 구두·신발",채용시,요약
데이터 애널리스트,[주요SI업체] 글로벌 코어뱅킹 전문가,파워에이치알,서울강서구,2026-07-08,https://www.saramin.co.kr/zf_user/jobs/relay/view?view_type=search&rec_idx=54300342&location=ts&searchword=%EB%8D%B0%EC%9D%B4%ED%84%B0+%EC%95%A0%EB%84%90%EB%A6%AC%EC%8A%A4%ED%8A%B8&searchType=search&paid_fl=n&search_uuid=0851bd22-792c-450e-b63a-a1db2384b416,데이터애널리스트,사람인,경력 3~18년,"SE(시스템엔지니어), 웹개발, 솔루션, QA/테스터, SI개발 외",~ 07/12(일),요약
데이터 애널리스트,[까르피] 명품쇼핑몰 경력 MD / 상품기획 정규직 모집합니다,(주)디나피노,부산부산진구,2026-07-03,https://www.saramin.co.kr/zf_user/jobs/relay/view?view_type=search&rec_idx=54279676&location=ts&searchword=%EB%8D%B0%EC%9D%B4%ED%84%B0+%EC%95%A0%EB%84%90%EB%A6%AC%EC%8A%A4%ED%8A%B8&searchType=search&paid_fl=n&search_uuid=0851bd22-792c-450e-b63a-a1db2384b416,데이터애널리스트,사람인,경력,"쇼핑몰관리, 상품관리, 쇼핑몰, 웹디자인, 상세페이지 외",~ 07/25(토),요약
데이터 애널리스트,Treasury Analyst (계약직),한국암웨이㈜,서울강남구,2026-06-08,https://www.saramin.co.kr/zf_user/jobs/relay/view?view_type=search&rec_idx=53997276&location=ts&searchword=%EB%8D%B0%EC%9D%B4%ED%84%B0+%EC%95%A0%EB%84%90%EB%A6%AC%EC%8A%A4%ED%8A%B8&searchType=search&paid_fl=n&search_uuid=0851bd22-792c-450e-b63a-a1db2384b416,데이터애널리스트,사람인,경력1년↑,"자금관리, 물류업",~ 07/26(일),요약
데이터 애널리스트,"투자관리그룹장 (IR, Investment Management 총괄)",(주)컬리,서울강남구,2026-06-11,https://www.saramin.co.kr/zf_user/jobs/relay/view?view_type=search&rec_idx=54145026&location=ts&searchword=%EB%8D%B0%EC%9D%B4%ED%84%B0+%EC%95%A0%EB%84%90%EB%A6%AC%EC%8A%A4%ED%8A%B8&searchType=search&paid_fl=n&search_uuid=0851bd22-792c-450e-b63a-a1db2384b416,데이터애널리스트,사람인,경력12년↑,"IR/공시, 판매",~ 08/10(월),요약
데이터 애널리스트,[아이리스브라이트] FP&A Analyst,(주)아이리스브라이트,서울강남구,2026-06-09,https://www.saramin.co.kr/zf_user/jobs/relay/view?view_type=search&rec_idx=54106047&location=ts&searchword=%EB%8D%B0%EC%9D%B4%ED%84%B0+%EC%95%A0%EB%84%90%EB%A6%AC%EC%8A%A4%ED%8A%B8&searchType=search&paid_fl=n&search_uuid=0851bd22-792c-450e-b63a-a1db2384b416,데이터애널리스트,사람인,경력 5~7년,"사업기획, 전략기획, 관리회계, 원가회계, 재무회계 외",채용시,요약
데이터 애널리스트,[숨고] Sr. Product Designer,(주)브레이브모바일,서울강남구,2026-06-24,https://www.saramin.co.kr/zf_user/jobs/relay/view?view_type=search&rec_idx=54275794&location=ts&searchword=%EB%8D%B0%EC%9D%B4%ED%84%B0+%EC%95%A0%EB%84%90%EB%A6%AC%EC%8A%A4%ED%8A%B8&searchType=search&paid_fl=n&search_uuid=0851bd22-792c-450e-b63a-a1db2384b416,데이터애널리스트,사람인,경력5년↑,"디지털디자인, 모바일디자인, 웹디자인, UI/UX디자인, 통신 외",내일마감,요약
데이터 애널리스트,ERP Business Systems Analyst-Finance & Supply Chain,(주)스카우트,충남논산시,2026-06-30,https://www.saramin.co.kr/zf_user/jobs/relay/view?view_type=search&rec_idx=54324505&location=ts&searchword=%EB%8D%B0%EC%9D%B4%ED%84%B0+%EC%95%A0%EB%84%90%EB%A6%AC%EC%8A%A4%ED%8A%B8&searchType=search&paid_fl=n&search_uuid=0851bd22-792c-450e-b63a-a1db2384b416,데이터애널리스트,사람인,경력5년↑,"ERP, ERP, 자동차부품",~ 07/15(수),요약
데이터 애널리스트,[숨고] Sr. CRM Marketer,(주)브레이브모바일,서울강남구,2026-07-02,https://www.saramin.co.kr/zf_user/jobs/relay/view?view_type=search&rec_idx=54350968&location=ts&searchword=%EB%8D%B0%EC%9D%B4%ED%84%B0+%EC%95%A0%EB%84%90%EB%A6%AC%EC%8A%A4%ED%8A%B8&searchType=search&paid_fl=n&search_uuid=0851bd22-792c-450e-b63a-a1db2384b416,데이터애널리스트,사람인,경력5년↑,"마케팅기획, 마케팅전략, 기업홍보, 디지털마케팅, 모바일마케팅 외",내일마감,요약
데이터 애널리스트,창업 플랫폼 코워크시티 CSX 매니저,(주)지니수,서울강남구,2026-06-18,https://www.saramin.co.kr/zf_user/jobs/relay/view?view_type=search&rec_idx=54213341&location=ts&searchword=%EB%8D%B0%EC%9D%B4%ED%84%B0+%EC%95%A0%EB%84%90%EB%A6%AC%EC%8A%A4%ED%8A%B8&searchType=search&paid_fl=n&search_uuid=0851bd22-792c-450e-b63a-a1db2384b416,데이터애널리스트,사람인,경력 2~5년,"CRM마케팅, 상담원, CX매니저, 단순안내, 민원상담 외",~ 07/17(금),요약
데이터 애널리스트,IR/공시담당자 채용,(주)블루엠텍,경기성남시 수정구,2026-06-18,https://www.saramin.co.kr/zf_user/jobs/relay/view?view_type=search&rec_idx=54215006&location=ts&searchword=%EB%8D%B0%EC%9D%B4%ED%84%B0+%EC%95%A0%EB%84%90%EB%A6%AC%EC%8A%A4%ED%8A%B8&searchType=search&paid_fl=n&search_uuid=0851bd22-792c-450e-b63a-a1db2384b416,데이터애널리스트,사람인,경력5년↑,"시장조사, IR/공시, 재무제표, 실적관리, 재무 외",~ 07/18(토),요약
데이터 애널리스트,[Global] Growth PM,(주)큐피스트,서울강남구,2026-05-28,https://www.saramin.co.kr/zf_user/jobs/relay/view?view_type=search&rec_idx=53158697&location=ts&searchword=%EB%8D%B0%EC%9D%B4%ED%84%B0+%EC%95%A0%EB%84%90%EB%A6%AC%EC%8A%A4%ED%8A%B8&searchType=search&paid_fl=n&search_uuid=0851bd22-792c-450e-b63a-a1db2384b416,데이터애널리스트,사람인,경력 3~10년,"PM(프로젝트매니저), 소프트웨어개발",상시채용,요약
데이터 애널리스트,[크라운랩스] 정책컨설팅 애널리스트 모집,크라운랩스(주),서울강남구,2026-06-17,https://www.saramin.co.kr/zf_user/jobs/relay/view?view_type=search&rec_idx=53889141&location=ts&searchword=%EB%8D%B0%EC%9D%B4%ED%84%B0+%EC%95%A0%EB%84%90%EB%A6%AC%EC%8A%A4%ED%8A%B8&searchType=search&paid_fl=n&search_uuid=7a3c5523-3634-4ec4-a170-800eae81dcf5,데이터애널리스트,사람인,경력무관,"경영컨설팅, 컨설팅",~ 07/13(월),요약
데이터 애널리스트,[CS/CX] 창업 플랫폼 코워크시티 CSX 매니저,(주)지니수,서울강남구,2026-05-22,https://www.saramin.co.kr/zf_user/jobs/relay/view?view_type=search&rec_idx=53968120&location=ts&searchword=%EB%8D%B0%EC%9D%B4%ED%84%B0+%EC%95%A0%EB%84%90%EB%A6%AC%EC%8A%A4%ED%8A%B8&searchType=search&paid_fl=n&search_uuid=7a3c5523-3634-4ec4-a170-800eae81dcf5,데이터애널리스트,사람인,경력 2~5년,"상담원, 아웃바운드, 인바운드, CS, CX매니저 외",~ 07/21(화),요약
데이터 애널리스트,글로벌 패션 컴퍼니 Principal omni planner,온리원파트너스(주),서울성동구,2026-07-03,https://www.saramin.co.kr/zf_user/jobs/relay/view?view_type=search&rec_idx=54360033&location=ts&searchword=%EB%8D%B0%EC%9D%B4%ED%84%B0+%EC%95%A0%EB%84%90%EB%A6%AC%EC%8A%A4%ED%8A%B8&searchType=search&paid_fl=n&search_uuid=7a3c5523-3634-4ec4-a170-800eae81dcf5,데이터애널리스트,사람인,경력10년↑,"SCM, 서치펌, 헤드헌팅",~ 07/18(토),요약
데이터 애널리스트,Treasury Analyst (2년 계약직) - 외국계 초우량 소비재 기업,프로페셔날핸즈인핸즈코리아(주),서울강남구,2026-06-27,https://www.saramin.co.kr/zf_user/jobs/relay/view?view_type=search&rec_idx=54300358&location=ts&searchword=%EB%8D%B0%EC%9D%B4%ED%84%B0+%EC%95%A0%EB%84%90%EB%A6%AC%EC%8A%A4%ED%8A%B8&searchType=search&paid_fl=n&search_uuid=7a3c5523-3634-4ec4-a170-800eae81dcf5,데이터애널리스트,사람인,경력 1~6년,"자금관리, 재무회계, 소비재, 생활용품",~ 07/27(월),요약
데이터 애널리스트,[글로벌 메디컬 기업] Lead FP&A Analyst,브리스캔영어쏘시에이츠(주),서울강남구,2026-07-02,https://www.saramin.co.kr/zf_user/jobs/relay/view?view_type=search&rec_idx=54353041&location=ts&searchword=%EB%8D%B0%EC%9D%B4%ED%84%B0+%EC%95%A0%EB%84%90%EB%A6%AC%EC%8A%A4%ED%8A%B8&searchType=search&paid_fl=n&search_uuid=7a3c5523-3634-4ec4-a170-800eae81dcf5,데이터애널리스트,사람인,경력 6~10년,"관리회계, 의료·보건",채용시,요약
데이터 애널리스트,[유명 금융 IT대기업] 그로스 데이터 분석 담당자,(주)리앤파트너,서울서초구,2026-06-29,https://www.saramin.co.kr/zf_user/jobs/relay/view?view_type=search&rec_idx=54305407&location=ts&searchword=%EB%8D%B0%EC%9D%B4%ED%84%B0+%EC%95%A0%EB%84%90%EB%A6%AC%EC%8A%A4%ED%8A%B8&searchType=search&paid_fl=n&search_uuid=7a3c5523-3634-4ec4-a170-800eae81dcf5,데이터애널리스트,사람인,경력 5~10년,"데이터분석, 헤드헌팅",~ 07/14(화),요약
데이터 애널리스트,IR Manager,(주)업스테이지,경기용인시 수지구,2026-06-10,https://www.saramin.co.kr/zf_user/jobs/relay/view?view_type=search&rec_idx=54132610&location=ts&searchword=%EB%8D%B0%EC%9D%B4%ED%84%B0+%EC%95%A0%EB%84%90%EB%A6%AC%EC%8A%A4%ED%8A%B8&searchType=search&paid_fl=n&search_uuid=7a3c5523-3634-4ec4-a170-800eae81dcf5,데이터애널리스트,사람인,경력,"IR/공시, IT컨설팅",내일마감,요약
데이터 애널리스트,46. Finance Planning Analyst [탑티어 럭셔리],베스트네트워크㈜,서울강남구,2026-07-08,https://www.saramin.co.kr/zf_user/jobs/relay/view?view_type=search&rec_idx=54403174&location=ts&searchword=%EB%8D%B0%EC%9D%B4%ED%84%B0+%EC%95%A0%EB%84%90%EB%A6%AC%EC%8A%A4%ED%8A%B8&searchType=search&paid_fl=n&search_uuid=7a3c5523-3634-4ec4-a170-800eae81dcf5,데이터애널리스트,사람인,경력4년↑,"회계, 컨설팅",~ 07/23(목),요약
데이터 애널리스트,Business Operations Analyst (COO Office),(주)윌로그,서울강남구,2026-06-17,https://www.saramin.co.kr/zf_user/jobs/relay/view?view_type=search&rec_idx=54201412&location=ts&searchword=%EB%8D%B0%EC%9D%B4%ED%84%B0+%EC%95%A0%EB%84%90%EB%A6%AC%EC%8A%A4%ED%8A%B8&searchType=search&paid_fl=n&search_uuid=7a3c5523-3634-4ec4-a170-800eae81dcf5,데이터애널리스트,사람인,경력 1~3년,"데이터분석, 사업관리, 경영분석, 사업제휴, 타당성검토 외",~ 07/16(목),요약
데이터 애널리스트,"[Weave Living] Senior Revenue Analyst, Korea",위브리빙코리아(유),서울영등포구,2026-06-13,https://www.saramin.co.kr/zf_user/jobs/relay/view?view_type=search&rec_idx=54166264&location=ts&searchword=%EB%8D%B0%EC%9D%B4%ED%84%B0+%EC%95%A0%EB%84%90%EB%A6%AC%EC%8A%A4%ED%8A%B8&searchType=search&paid_fl=n&search_uuid=7a3c5523-3634-4ec4-a170-800eae81dcf5,데이터애널리스트,사람인,경력 3~5년,"데이터분석, 사업관리, 경영분석, 실적관리, 부동산개발",~ 07/13(월),요약
데이터 애널리스트,[장애인전형/여의도]디지털 마케팅 지원 인재 영입,나라에이치알,서울영등포구,2026-06-25,https://www.saramin.co.kr/zf_user/jobs/relay/view?view_type=search&rec_idx=54259859&location=ts&searchword=%EB%8D%B0%EC%9D%B4%ED%84%B0+%EC%95%A0%EB%84%90%EB%A6%AC%EC%8A%A4%ED%8A%B8&searchType=search&paid_fl=n&search_uuid=7a3c5523-3634-4ec4-a170-800eae81dcf5,데이터애널리스트,사람인,경력 3~7년,"마케팅기획, 마케팅기획, 마케팅전략, 온라인마케팅, 마케팅 외",오늘마감,요약
데이터 애널리스트,스타트업 투자유치 IR 컨설턴트 (경력직),에그밸류,서울강남구,2026-06-27,https://www.saramin.co.kr/zf_user/jobs/relay/view?view_type=search&rec_idx=54301642&location=ts&searchword=%EB%8D%B0%EC%9D%B4%ED%84%B0+%EC%95%A0%EB%84%90%EB%A6%AC%EC%8A%A4%ED%8A%B8&searchType=search&paid_fl=n&search_uuid=7a3c5523-3634-4ec4-a170-800eae81dcf5,데이터애널리스트,사람인,경력3년↑,"전략기획, 컨설턴트, 컨설팅",~ 07/27(월),요약
데이터 애널리스트,[CoS] IR Manager,(주)노타,서울강남구,2026-05-19,https://www.saramin.co.kr/zf_user/jobs/relay/view?view_type=search&rec_idx=53935395&location=ts&searchword=%EB%8D%B0%EC%9D%B4%ED%84%B0+%EC%95%A0%EB%84%90%EB%A6%AC%EC%8A%A4%ED%8A%B8&searchType=search&paid_fl=n&search_uuid=7a3c5523-3634-4ec4-a170-800eae81dcf5,데이터애널리스트,사람인,경력 5~15년,"IR/공시, 소프트웨어개발",채용시,요약
데이터 애널리스트,액셀러레이터 프로그램 매니저 (아날리스트 및 시니어 매니저),ONE TREE HILL VENTURES,서울마포구,2026-06-21,https://www.saramin.co.kr/zf_user/jobs/relay/view?view_type=search&rec_idx=54237415&location=ts&searchword=%EB%8D%B0%EC%9D%B4%ED%84%B0+%EC%95%A0%EB%84%90%EB%A6%AC%EC%8A%A4%ED%8A%B8&searchType=search&paid_fl=n&search_uuid=7a3c5523-3634-4ec4-a170-800eae81dcf5,데이터애널리스트,사람인,경력 1~5년,"사업기획, 경영기획, 컨설턴트, PM(프로젝트매니저), KPI관리 외",채용시,요약
데이터 애널리스트,글로벌 AI 로보틱스 기업 - Finance Analyst 경력직,(주)커리어앤스카우트,서울강남구,2026-07-03,https://www.saramin.co.kr/zf_user/jobs/relay/view?view_type=search&rec_idx=54361032&location=ts&searchword=%EB%8D%B0%EC%9D%B4%ED%84%B0+%EC%95%A0%EB%84%90%EB%A6%AC%EC%8A%A4%ED%8A%B8&searchType=search&paid_fl=n&search_uuid=7a3c5523-3634-4ec4-a170-800eae81dcf5,데이터애널리스트,사람인,경력 5~10년,"재무기획, 재무제표, 재무회계, 자동제어",~ 07/18(토),요약
Quant,Quantitative Trader - Equities,IMC Trading,서울,2026-06-25,https://kr.linkedin.com/jobs/view/quantitative-trader-equities-at-imc-trading-4382279073,퀀트,LinkedIn,,,,본문
Quant,HFT Quant. Trader,IntroKR,"서울, 대한민국",2026-07-03,https://kr.linkedin.com/jobs/view/hft-quant-trader-at-introkr-4435424113,퀀트,LinkedIn,,,,본문
Quant,ML Engineer (Quant),토스증권 (Toss Securities),서울,2026-07-04,https://kr.linkedin.com/jobs/view/ml-engineer-quant-at-toss-securities-4435794826,퀀트,LinkedIn,,,,본문
Quant,Junior Trader - Quant Engineer (APAC),Aptos Labs,대한민국,2026-06-23,https://kr.linkedin.com/jobs/view/junior-trader-quant-engineer-apac-at-aptos-labs-4432235456,퀀트,LinkedIn,,,,본문
Quant,"Associate Manager, Visual Merchandising",AMOUAGE,"서울, 대한민국",2026-07-07,https://kr.linkedin.com/jobs/view/associate-manager-visual-merchandising-at-amouage-4434530267,퀀트,LinkedIn,,,,본문
Quant,Search & Recommendation Data Scientist(Intelligence Planning),42dot,성남,2026-07-02,https://kr.linkedin.com/jobs/view/search-recommendation-data-scientist-intelligence-planning-at-42dot-4427506130,퀀트,LinkedIn,,,,본문
Quant,Research Engineer,Factagora,성남,2026-06-08,https://kr.linkedin.com/jobs/view/research-engineer-at-factagora-4425445994,퀀트,LinkedIn,,,,본문
Quant,Applied Scientist (응용 과학자),Moloco,"서울, 대한민국",2026-06-27,https://kr.linkedin.com/jobs/view/applied-scientist-%EC%9D%91%EC%9A%A9-%EA%B3%BC%ED%95%99%EC%9E%90-at-moloco-4309349461,퀀트,LinkedIn,,,,본문
Quant,Mid-Senior Quantum Developer - W/M,Pasqal,서울 인천 지역,2026-06-20,https://kr.linkedin.com/jobs/view/mid-senior-quantum-developer-w-m-at-pasqal-4420994174,퀀트,LinkedIn,,,,본문
Quant,Bond Trader,MUFG,서울 인천 지역,2026-05-14,https://kr.linkedin.com/jobs/view/bond-trader-at-mufg-4414741289,퀀트,LinkedIn,,,,본문
Quant,Data Scientist — Synthetic Respondent Engine,intellicia,"서울, 대한민국",2026-06-11,https://kr.linkedin.com/jobs/view/data-scientist-%E2%80%94-synthetic-respondent-engine-at-intellicia-4426216851,퀀트,LinkedIn,,,,본문
Quant,Dealer,Barings,"서울, 대한민국",2026-07-07,https://kr.linkedin.com/jobs/view/dealer-at-barings-4436287263,퀀트,LinkedIn,,,,본문
Quant,Data Scientist,CJ OLIVE YOUNG,서울,2026-06-16,https://kr.linkedin.com/jobs/view/data-scientist-at-cj-olive-young-4429715064,퀀트,LinkedIn,,,,본문
Quant,데이터과학(딜리버리),(주)우아한형제들 (Woowa Bros.),서울,2026-06-29,https://kr.linkedin.com/jobs/view/%EB%8D%B0%EC%9D%B4%ED%84%B0%EA%B3%BC%ED%95%99-%EB%94%9C%EB%A6%AC%EB%B2%84%EB%A6%AC-at-%EC%A3%BC-%EC%9A%B0%EC%95%84%ED%95%9C%ED%98%95%EC%A0%9C%EB%93%A4-woowa-bros-4425076461,퀀트,LinkedIn,,,,본문
Quant,Applicative Data Scientist for CATIA,다쏘시스템,부산 지역,2026-07-03,https://kr.linkedin.com/jobs/view/applicative-data-scientist-for-catia-at-dassault-syst%C3%A8mes-4436722062,퀀트,LinkedIn,,,,본문
Quant,Python-ontwikkelaar,"Aploki Holdings Co., Ltd.","서울, 대한민국",2026-07-07,https://kr.linkedin.com/jobs/view/python-ontwikkelaar-at-aploki-holdings-co-ltd-4437834732,퀀트,LinkedIn,,,,본문
Quant,"Data Scientist I AIsight, Seoul, Korea",TDK AIsight,"서울, 대한민국",2026-07-07,https://kr.linkedin.com/jobs/view/data-scientist-i-aisight-seoul-korea-at-tdk-aisight-4434501649,퀀트,LinkedIn,,,,본문
Quant,Financial Analyst,Devonshire,"서울, 대한민국",2026-06-19,https://kr.linkedin.com/jobs/view/financial-analyst-at-devonshire-4428226635,퀀트,LinkedIn,,,,본문
Quant,"Staff ML Research Scientist, Pegasus",TwelveLabs,"서울, 대한민국",2026-06-17,https://kr.linkedin.com/jobs/view/staff-ml-research-scientist-pegasus-at-twelvelabs-4417351555,퀀트,LinkedIn,,,,본문
Quant,Simulation Engineer,Superb AI Inc.,"서울, 대한민국",2026-07-05,https://kr.linkedin.com/jobs/view/simulation-engineer-at-superb-ai-inc-4437115788,퀀트,LinkedIn,,,,본문
Quant,[에이펙스 모빌리티] Applied Research Scientist,SOCAR(쏘카),서울,2026-07-03,https://kr.linkedin.com/jobs/view/%EC%97%90%EC%9D%B4%ED%8E%99%EC%8A%A4-%EB%AA%A8%EB%B9%8C%EB%A6%AC%ED%8B%B0-applied-research-scientist-at-socar-%EC%8F%98%EC%B9%B4-4433721097,퀀트,LinkedIn,,,,본문
Quant,"Staff ML Research Scientist, Pegasus",TwelveLabs,서울,2026-04-10,https://kr.linkedin.com/jobs/view/staff-ml-research-scientist-pegasus-at-twelvelabs-4400504132,퀀트,LinkedIn,,,,본문
Quant,25/26 Advisory-Trusted-Financial Risk Management-Shanghai,KPMG China,안산,2025-12-12,https://kr.linkedin.com/jobs/view/25-26-advisory-trusted-financial-risk-management-shanghai-at-kpmg-china-4349752327,퀀트,LinkedIn,,,,본문
Quant,AI Researcher: On-Device Agentic AI,Qualcomm,서울,2026-06-30,https://kr.linkedin.com/jobs/view/ai-researcher-on-device-agentic-ai-at-qualcomm-4304546006,퀀트,LinkedIn,,,,본문
Quant,Regulatory/Risk Controls (Market Structure/Electronic Trading),Larson Maddox,서울,2026-07-03,https://kr.linkedin.com/jobs/view/regulatory-risk-controls-market-structure-electronic-trading-at-larson-maddox-4430197668,퀀트,LinkedIn,,,,본문
Quant,[AI Research Div.] Research Scientist - Foundation Models (2년 이상 / 계약직),KRAFTON Inc.,서울,2026-07-04,https://kr.linkedin.com/jobs/view/ai-research-div-research-scientist-foundation-models-2%EB%85%84-%EC%9D%B4%EC%83%81-%EA%B3%84%EC%95%BD%EC%A7%81-at-krafton-inc-4381452230,퀀트,LinkedIn,,,,본문
Quant,Advanced Analytics Manager,CHANEL,서울,2026-06-28,https://kr.linkedin.com/jobs/view/advanced-analytics-manager-at-chanel-4373674322,퀀트,LinkedIn,,,,본문
Quant,MLOps Engineer,Automata,"서울, 대한민국",2026-05-30,https://kr.linkedin.com/jobs/view/mlops-engineer-at-automata-4418245674,퀀트,LinkedIn,,,,본문
Quant,"Data Scientist, AI for Bioimage Analysis (MS/PhD)",Qureator,"서울, 대한민국",2026-06-24,https://kr.linkedin.com/jobs/view/data-scientist-ai-for-bioimage-analysis-ms-phd-at-qureator-4432878802,퀀트,LinkedIn,,,,본문
Quant,ML Application Engineer,Neural Concept,서울,2026-06-19,https://kr.linkedin.com/jobs/view/ml-application-engineer-at-neural-concept-4403240868,퀀트,LinkedIn,,,,본문
Quant,AI Research Engineer,FuriosaAI,서울,2026-06-16,https://kr.linkedin.com/jobs/view/ai-research-engineer-at-furiosaai-4318532134,퀀트,LinkedIn,,,,본문
Quant,Deep Learning Applications Engineer,NVIDIA,서울 인천 지역,2026-06-27,https://kr.linkedin.com/jobs/view/deep-learning-applications-engineer-at-nvidia-4433412610,퀀트,LinkedIn,,,,본문
Quant,Machine Learning Engineer,Sendbird,서울,2026-06-08,https://kr.linkedin.com/jobs/view/machine-learning-engineer-at-sendbird-4336801684,퀀트,LinkedIn,,,,본문
퀀트,(주)엠씨투자자문 데이터(퀀트·AI) 기반 리서치 및 주니어 운용역 채용 공고,(주)엠씨투자자문,서울영등포구,2026-07-07,https://www.saramin.co.kr/zf_user/jobs/relay/view?view_type=search&rec_idx=54379914&location=ts&searchword=%ED%80%80%ED%8A%B8&searchType=search&paid_fl=n&search_uuid=67f1a519-0562-43c3-bb1f-88f0557d7fcc,퀀트,사람인,신입·경력,"애널리스트, 펀드매니저, 기업분석, 자산운용, 투자자문 외",~ 08/06(목),요약
퀀트,[상상인증권] 리서치센터 퀀트분석가 수시 채용,(주)상상인증권,서울영등포구,2026-07-01,https://www.saramin.co.kr/zf_user/jobs/relay/view?view_type=search&rec_idx=54331749&location=ts&searchword=%ED%80%80%ED%8A%B8&searchType=search&paid_fl=n&search_uuid=67f1a519-0562-43c3-bb1f-88f0557d7fcc,퀀트,사람인,경력무관,"리서치, 증권사, 증권사",~ 07/10(금),요약
퀀트,(주)스플릿인베스트에서 핀테크 서비스 기획자를 채용합니다,(주)스플릿인베스트,서울강서구,2026-06-11,https://www.saramin.co.kr/zf_user/jobs/relay/view?view_type=search&rec_idx=54147944&location=ts&searchword=%ED%80%80%ED%8A%B8&searchType=search&paid_fl=n&search_uuid=67f1a519-0562-43c3-bb1f-88f0557d7fcc,퀀트,사람인,경력무관,"마케팅기획, 콘텐츠기획, 마케팅기획, 서비스기획, 앱기획 외",~ 07/11(토),요약
퀀트,AM Management 경영지원 매니저,(주)에이엠매니지먼트,서울강남구,2026-06-24,https://www.saramin.co.kr/zf_user/jobs/relay/view?view_type=search&rec_idx=54268835&location=ts&searchword=%ED%80%80%ED%8A%B8&searchType=search&paid_fl=n&search_uuid=67f1a519-0562-43c3-bb1f-88f0557d7fcc,퀀트,사람인,경력1년↑,"총무, 경영지원, 회계, 경영관리, 소프트웨어개발",채용시,요약
퀀트,블록스퀘어서울 알고리즘 데이터분석 및 디지털 자산 트레이더,블록스퀘어서울,서울송파구,2026-07-03,https://www.saramin.co.kr/zf_user/jobs/relay/view?view_type=search&rec_idx=54360224&location=ts&searchword=%ED%80%80%ED%8A%B8&searchType=search&paid_fl=n&search_uuid=67f1a519-0562-43c3-bb1f-88f0557d7fcc,퀀트,사람인,신입,"데이터분석가, 데이터엔지니어, 데이터시각화, 딥러닝, 블록체인 외",~ 08/02(일),요약
퀀트,글로벌자산 투자기관 금융상품영업,(주)블랙퀀트에쿼티,서울강서구,2026-07-03,https://www.saramin.co.kr/zf_user/jobs/relay/view?view_type=search&rec_idx=54169174&location=ts&searchword=%ED%80%80%ED%8A%B8&searchType=search&paid_fl=n&search_uuid=67f1a519-0562-43c3-bb1f-88f0557d7fcc,퀀트,사람인,경력무관,"금융사무, 금융상품영업, 부동산투자, 주식영업, 투자자문 외",~ 07/14(화),요약
퀀트,[유명 금융 IT 대기업] 투자 정보 서비스 팀장,(주)리앤파트너,서울서초구,2026-06-29,https://www.saramin.co.kr/zf_user/jobs/relay/view?view_type=search&rec_idx=54305406&location=ts&searchword=%ED%80%80%ED%8A%B8&searchType=search&paid_fl=n&search_uuid=67f1a519-0562-43c3-bb1f-88f0557d7fcc,퀀트,사람인,경력8년↑,"서비스기획, 트레이딩, 서치펌, 헤드헌팅",~ 07/14(화),요약
퀀트,[유명 금융 IT대기업] 비즈니스 데이터 분석,(주)리앤파트너,서울서초구,2026-07-03,https://www.saramin.co.kr/zf_user/jobs/relay/view?view_type=search&rec_idx=54360113&location=ts&searchword=%ED%80%80%ED%8A%B8&searchType=search&paid_fl=n&search_uuid=67f1a519-0562-43c3-bb1f-88f0557d7fcc,퀀트,사람인,경력 8~15년,"데이터분석, 비즈니스데이터분석, 헤드헌팅",~ 07/18(토),요약
퀀트,주식회사크립토글로벌 CS·고객상담·운영관리 채용 공고,(주)크립토글로벌,서울강남구,2026-06-02,https://www.saramin.co.kr/zf_user/jobs/relay/view?view_type=search&rec_idx=53947943&location=ts&searchword=%ED%80%80%ED%8A%B8&searchType=search&paid_fl=n&search_uuid=67f1a519-0562-43c3-bb1f-88f0557d7fcc,퀀트,사람인,경력무관,"상담원, 인바운드, CS, 원격상담, 전화상담 외",상시채용,요약
