검색어,공고 이름,회사 이름,회사 위치,연봉,경력/학력,근무형태,게시일,마감일,링크,직군
IB,[대형 증권사] IB본부 M&A팀 경력 채용,(주)피플온,서울,회사내규에 따름,경력6년 대졸(4년),주5일,,2026-08-28,https://www.work24.go.kr/wk/a/b/1500/empDetailAuthView.do?wantedAuthNo=2608040001008&infoTypeCd=CIN&infoTypeGroup=tb_workinfogubun,IBD
IB,[2026 제4회 꿈일터 구인구직만남의 날 참여기업] 쿠팡 고양센...,쿠팡풀필먼트서비스 유한회사(Coupang Fulfillment Services Ltd.),경기도 고양시 덕양구,"시급 10,320 원 ~ 10,320 원",경력무관 학력무관,주5일,,2026-10-02,https://www.work24.go.kr/wk/a/b/1500/empDetailAuthView.do?wantedAuthNo=KJ20842608030002&infoTypeCd=VALIDATION&infoTypeGroup=tb_workinfoworknet,IBD
IB,[인센티브/프로모션무제한] 롯데카드 IB상담 고객센터 AG3,(주)유베이스,부산 연제구 등,월급 220 만원 ~ 335 만원,신입/경력 학력무관,주5일,,2026-08-06,https://www.work24.go.kr/wk/a/b/1500/empDetailAuthView.do?wantedAuthNo=51348963&infoTypeCd=CJK&infoTypeGroup=tb_workinfogubun,IBD
IB,[IB/OB선택가능] 삼성카드 서울 단기미납채권 회수상담원 상시모집,인트로맨㈜,서울 구로구,월급 276 만원 ~ 276 만원,경력무관 고졸,주5일,,2026-08-28,https://www.work24.go.kr/wk/a/b/1500/empDetailAuthView.do?wantedAuthNo=51339049&infoTypeCd=CJK&infoTypeGroup=tb_workinfogubun,IBD
IB,IBS 이차원 양자 헤테로구조체 연구단 기술원 모집,성균관대학교산학협력단,경기 수원시 장안구 등,회사내규에 따름,경력무관 대졸(4년),주5일,,2026-08-22,https://www.work24.go.kr/wk/a/b/1500/empDetailAuthView.do?wantedAuthNo=54542962&infoTypeCd=CSI&infoTypeGroup=tb_workinfogubun,IBD
IB,제지산업 IBS Austria GmbH 기계 서비스 엔지니어,지성티엔에스,서울 광진구,회사내규에 따름,경력무관 대졸(2~3년),,,2099-01-01,https://www.work24.go.kr/wk/a/b/1500/empDetailAuthView.do?wantedAuthNo=54399051&infoTypeCd=CSI&infoTypeGroup=tb_workinfogubun,IBD
IB,IB몬테소리교육연구소 영어 교수부장(교육연구원) 채용,아이비몬테소리교육연구소,경기 과천시,월급 350 만원 ~ 350 만원,경력무관 대졸(4년),,,2026-08-05,https://www.work24.go.kr/wk/a/b/1500/empDetailAuthView.do?wantedAuthNo=54381961&infoTypeCd=CSI&infoTypeGroup=tb_workinfogubun,IBD
IB,압구정 플래티넘 SAT/AP/IB 전문 어학원 평일 오후 행정 TA...,플래티넘아카데미어학원,서울 강남구,"시급 11,000 원 ~ 11,000 원",경력무관 고졸,주5일,,2099-12-31,https://www.work24.go.kr/wk/a/b/1500/empDetailAuthView.do?wantedAuthNo=54370470&infoTypeCd=CSI&infoTypeGroup=tb_workinfogubun,IBD
IB,[배민] IB센터 신입 운영팀장 대규모 채용(송파구),㈜케이에스한국고용정보,서울 송파구,"연봉 3,000 만원 ~ 3,500 만원",경력무관 학력무관,기타,,2099-12-31,https://www.work24.go.kr/wk/a/b/1500/empDetailAuthView.do?wantedAuthNo=51165712&infoTypeCd=CJK&infoTypeGroup=tb_workinfogubun,IBD
투자은행,[5개월계약직] 우편물관리/서고정리 등 사무보조 사원/한국투자저축은행...,주식회사 엠피씨플러스,경기 성남시 분당구 등,월급 220 만원 ~ 220 만원,경력무관 고졸,주5일,,2026-08-28,https://www.work24.go.kr/wk/a/b/1500/empDetailAuthView.do?wantedAuthNo=51327156&infoTypeCd=CJK&infoTypeGroup=tb_workinfogubun,IBD
M&A,[딜로이트 안진회계법인] 경영자문부문 M&A1 경력직,안진회계법인,서울 영등포구,회사내규에 따름,경력2년 대졸(4년),,,2026-08-13,https://www.work24.go.kr/wk/a/b/1500/empDetailAuthView.do?wantedAuthNo=54620086&infoTypeCd=CSI&infoTypeGroup=tb_workinfogubun,IBD
M&A,3M Healthcare(Solventum) 공식대리점 기술영업(A...,(주)씨앤제이헬스케어,경기 의정부시,회사내규에 따름,신입 대졸(2~3년),주5일,,2026-08-30,https://www.work24.go.kr/wk/a/b/1500/empDetailAuthView.do?wantedAuthNo=54620161&infoTypeCd=CSI&infoTypeGroup=tb_workinfogubun,IBD
M&A,[경력] '26년 AMOREPACIFIC 경력_M&A/투자전략 담당...,아모레퍼시픽,서울 용산구,회사내규에 따름,경력무관 학력무관,,,2026-08-12,https://www.work24.go.kr/wk/a/b/1500/empDetailAuthView.do?wantedAuthNo=563742&infoTypeCd=CAT&infoTypeGroup=tb_workinfogubun,IBD
M&A,A.K corporation (M.K KOREA) 연구원 채용,(주)동양에이케이코리아,세종,회사내규에 따름,신입 대졸(4년),기타,,2026-08-20,https://www.work24.go.kr/wk/a/b/1500/empDetailAuthView.do?wantedAuthNo=54523685&infoTypeCd=CSI&infoTypeGroup=tb_workinfogubun,IBD
M&A,THE M A&C 실시설계 2026년 경력사원,주식회사 디엠에이앤씨건축사사무소,경기 과천시,회사내규에 따름,경력15년 대졸(4년),주5일,,2026-08-13,https://www.work24.go.kr/wk/a/b/1500/empDetailAuthView.do?wantedAuthNo=2607140002678&infoTypeCd=CIN&infoTypeGroup=tb_workinfogubun,IBD
M&A,THE M A&C 건축 설계 2026년 경력사원,주식회사 디엠에이앤씨건축사사무소,경기 과천시,회사내규에 따름,경력3년 대졸(4년),주5일,,2099-01-01,https://www.work24.go.kr/wk/a/b/1500/empDetailAuthView.do?wantedAuthNo=2607130001167&infoTypeCd=CIN&infoTypeGroup=tb_workinfogubun,IBD
M&A,[A&A M.D. ] 의료기기 국내영업 정규직 모집,(주)에이앤에이엠디,경기 성남시 중원구 등,회사내규에 따름,경력무관 대졸(2~3년),,,2026-08-12,https://www.work24.go.kr/wk/a/b/1500/empDetailAuthView.do?wantedAuthNo=54448856&infoTypeCd=CSI&infoTypeGroup=tb_workinfogubun,IBD
M&A,투자 M&A 전문가,(주)휴먼디지탈,서울 서초구,회사내규에 따름,경력5년 대졸(4년),주5일,,2026-08-09,https://www.work24.go.kr/wk/a/b/1500/empDetailAuthView.do?wantedAuthNo=2607100000882&infoTypeCd=CIN&infoTypeGroup=tb_workinfogubun,IBD
M&A,ESS PCS A/S 및 O&M (유지관리&보수) 경...,(주)청우기술단,전남광주통합특별시 영암군 독천로,"연봉 4,000 만원 ~ 5,000 만원",경력1년 학력무관,주5일 주 40시간 근로 08:00 ~ 17:00,,2026-08-31,https://www.work24.go.kr/wk/a/b/1500/empDetailAuthView.do?wantedAuthNo=K162122607030016&infoTypeCd=VALIDATION&infoTypeGroup=tb_workinfoworknet,IBD
ECM,(부울경) 배전반설계/자동제어설계/ECMS/PLC/SCADA/DCS...,(주)인터전기,경상남도 김해시 대동산단4로,"연봉 4,000 만원 이상",경력3년 학력무관,주5일 주 40시간 근로 08:30 ~ 17:30,,2026-08-31,https://www.work24.go.kr/wk/a/b/1500/empDetailAuthView.do?wantedAuthNo=K180212607130010&infoTypeCd=VALIDATION&infoTypeGroup=tb_workinfoworknet,IBD
DCM,"해상 DCM 정비사 및 용접사 모집 - 경력,학력 무관",초석에이치디 주식회사,전남광주통합특별시 순천시 구암2길,월급 430 만원 이상,경력3년 학력무관,주6일 주 40시간 근로 07:00 ~ 17:00,,2026-09-26,https://www.work24.go.kr/wk/a/b/1500/empDetailAuthView.do?wantedAuthNo=K130232607270070&infoTypeCd=VALIDATION&infoTypeGroup=tb_workinfoworknet,IBD
DCM,해상 DCM 오퍼레이터(OP) 건설기계조작원 모집 - 경력 무관,초석에이치디 주식회사,전남광주통합특별시 순천시 구암2길,월급 350 만원 이상,경력무관 학력무관,주5일 주 40시간 근로,,2026-09-12,https://www.work24.go.kr/wk/a/b/1500/empDetailAuthView.do?wantedAuthNo=K130232607130085&infoTypeCd=VALIDATION&infoTypeGroup=tb_workinfoworknet,IBD
기업금융,43. Underwriting 담당 (경력)[외국계 유명 금융기업],베스트네트워크(주),서울 강남구,회사내규에 따름,경력5년 대졸(4년),주5일,,2026-09-03,https://www.work24.go.kr/wk/a/b/1500/empDetailAuthView.do?wantedAuthNo=2608040003633&infoTypeCd=CIN&infoTypeGroup=tb_workinfogubun,IBD
기업금융,(주)조은저축은행 - 기업금융본부 경력직원 공개채용,㈜조은저축은행,서울 강남구 등,회사내규에 따름,경력3년 대졸(4년),주5일,,2026-08-17,https://www.work24.go.kr/wk/a/b/1500/empDetailAuthView.do?wantedAuthNo=51333644&infoTypeCd=CJK&infoTypeGroup=tb_workinfogubun,IBD
기업금융,[외국계 IT기업] 글로벌 금융 솔루션 기술 전문가 (C/C++ /...,(주)벤처피플,서울,회사내규에 따름,경력5년 학력무관,주5일,,2099-01-01,https://www.work24.go.kr/wk/a/b/1500/empDetailAuthView.do?wantedAuthNo=2608030000782&infoTypeCd=CIN&infoTypeGroup=tb_workinfogubun,IBD
기업금융,대안투자3본부(기업금융) 경력직 채용,대신자산운용,서울 중구,회사내규에 따름,경력무관 학력무관,,,2099-01-01,https://www.work24.go.kr/wk/a/b/1500/empDetailAuthView.do?wantedAuthNo=564503&infoTypeCd=CAT&infoTypeGroup=tb_workinfogubun,IBD
기업금융,대체투자부문 기업금융본부 해외투자팀(재간접 담당) 경력직원 채용,NH아문디자산운용,서울 영등포구,회사내규에 따름,경력무관 학력무관,,,2026-08-09,https://www.work24.go.kr/wk/a/b/1500/empDetailAuthView.do?wantedAuthNo=564230&infoTypeCd=CAT&infoTypeGroup=tb_workinfogubun,IBD
기업금융,렌탈기업금융 서류심사접수 및 거래처관리,㈜모두넷,부산 동구,"연봉 2,600 만원 ~ 3,000 만원",경력무관 대졸(2~3년),주5일,,2026-08-28,https://www.work24.go.kr/wk/a/b/1500/empDetailAuthView.do?wantedAuthNo=51340694&infoTypeCd=CJK&infoTypeGroup=tb_workinfogubun,IBD
기업금융,사업기획/금융구조화/투자 경력인재 채용 - 신재생에너지 우량대기업,에스에프인촌 주식회사,경기 성남시 분당구 등,회사내규에 따름,경력3년 대졸(4년),,,2026-08-13,https://www.work24.go.kr/wk/a/b/1500/empDetailAuthView.do?wantedAuthNo=2607280003903&infoTypeCd=CIN&infoTypeGroup=tb_workinfogubun,IBD
기업금융,외국금융기업/정보보안담당자,유어파트너스,서울 중구,"연봉 5,250 만원 ~ 5,250 만원",경력1년 학력무관,,,2026-08-05,https://www.work24.go.kr/wk/a/b/1500/empDetailAuthView.do?wantedAuthNo=54565972&infoTypeCd=CSI&infoTypeGroup=tb_workinfogubun,IBD
기업금융,금융·기업·데이터센터 SI 영업담당자 채용,데이터퓨처테크놀로지 주식회사,서울 강남구,"연봉 6,000 만원 ~ 6,000 만원",경력3년 학력무관,주5일,,2099-01-01,https://www.work24.go.kr/wk/a/b/1500/empDetailAuthView.do?wantedAuthNo=54529543&infoTypeCd=CSI&infoTypeGroup=tb_workinfogubun,IBD
기업금융,금융·기업·데이터센터 SI 영업담당자 채용(신입사원),데이터퓨처테크놀로지 주식회사,서울 강남구,회사내규에 따름,신입 대졸(2~3년),주5일,,2099-01-01,https://www.work24.go.kr/wk/a/b/1500/empDetailAuthView.do?wantedAuthNo=54533368&infoTypeCd=CSI&infoTypeGroup=tb_workinfogubun,IBD
기업금융,일반기업금융 경력자를 모집합니다.,(주)블루코너캐피탈,서울 강남구,회사내규에 따름,경력5년 대졸(4년),주5일,,2099-01-01,https://www.work24.go.kr/wk/a/b/1500/empDetailAuthView.do?wantedAuthNo=54408285&infoTypeCd=CSI&infoTypeGroup=tb_workinfogubun,IBD
기업금융,"Data Engineer (기업/금융 데이터, Platform)",딥서치,서울 영등포구,회사내규에 따름,경력 학력무관,,,2099-12-31,https://www.work24.go.kr/wk/a/b/1500/empDetailAuthView.do?wantedAuthNo=369367&infoTypeCd=CWT&infoTypeGroup=tb_workinfogubun,IBD
기업금융,기업금융 투자심사역,현대캐피탈,지역무관,회사내규에 따름,경력 학력무관,,,2026-08-31,https://www.work24.go.kr/wk/a/b/1500/empDetailAuthView.do?wantedAuthNo=368387&infoTypeCd=CWT&infoTypeGroup=tb_workinfogubun,IBD
CPA,[성수역] 광고대행사 매칭플랫폼 - CPA 프로젝트 매니저 모집,(주)마담,서울 성동구,"연봉 3,600 만원 ~ 3,600 만원",경력무관 학력무관,주5일,,2026-08-28,https://www.work24.go.kr/wk/a/b/1500/empDetailAuthView.do?wantedAuthNo=54599198&infoTypeCd=CSI&infoTypeGroup=tb_workinfogubun,회계/CPA
회계사,2026년 회계사 경력 채용,에이치디한국조선해양,경기 성남시 분당구,회사내규에 따름,경력 대졸(4년) ~ 박사,,,2026-08-10,https://www.work24.go.kr/wk/a/b/1500/empDetailAuthView.do?wantedAuthNo=172773&infoTypeCd=OEW&infoTypeGroup=tb_workinfoopen,회계/CPA
회계사,대경회계법인 회계사사무실 경력직 채용공고,대경회계법인,대구 중구,회사내규에 따름,경력3년 학력무관,주5일,,2026-10-04,https://www.work24.go.kr/wk/a/b/1500/empDetailAuthView.do?wantedAuthNo=54654418&infoTypeCd=CSI&infoTypeGroup=tb_workinfogubun,회계/CPA
회계사,(사)한국외식업중앙회경상북도지회칠곡군지부 총무(회계담당) 채용합니다,(사)한국외식업중앙회경상북도지회칠곡군지부,경북 칠곡군,월급 220 만원 ~ 220 만원,신입 학력무관,,,2026-08-21,https://www.work24.go.kr/wk/a/b/1500/empDetailAuthView.do?wantedAuthNo=54659044&infoTypeCd=CSI&infoTypeGroup=tb_workinfogubun,회계/CPA
회계사,경영지원 담당 (세무사 및 회계사 사무실에서 법인 대상 관련 업무 ...,주식회사 아이리닉,서울특별시 은평구 연서로34길,"연봉 2,588 만원 ~ 2,588 만원",경력3년 학력무관,주5일 주 40시간 근로 09:00 ~ 18:00,,2026-10-03,https://www.work24.go.kr/wk/a/b/1500/empDetailAuthView.do?wantedAuthNo=KJAW002608040007&infoTypeCd=VALIDATION&infoTypeGroup=tb_workinfoworknet,회계/CPA
회계사,■원주고용센터 채용대행■ (사)전국독서새물결모임 경영지원(총무·인사...,（사）전국독서새물결모임,강원특별자치도 원주시 상지대길,월급 220 만원 이상,신입 대졸(2~3년) ~ 대졸(4년),주5일 주 40시간 근로 09:00 ~ 18:00,,2026-08-20,https://www.work24.go.kr/wk/a/b/1500/empDetailAuthView.do?wantedAuthNo=K152412608040016&infoTypeCd=VALIDATION&infoTypeGroup=tb_workinfoworknet,회계/CPA
회계사,경력직원 모십니다.(세무사 or 회계사 사무실 경력),세무사황대식.한정완사무소,대구광역시 서구 달구벌대로,"연봉 3,000 만원 이상",경력3년 학력무관,주5일 주 40시간 근로 09:00 ~ 18:00,,2026-08-18,https://www.work24.go.kr/wk/a/b/1500/empDetailAuthView.do?wantedAuthNo=K140022608040022&infoTypeCd=VALIDATION&infoTypeGroup=tb_workinfoworknet,회계/CPA
회계사,[중견 그룹사]재무회계 팀장(이사급),(주)피플스카우트,서울 강남구,회사내규에 따름,경력15년 대졸(4년),주5일,,2099-01-01,https://www.work24.go.kr/wk/a/b/1500/empDetailAuthView.do?wantedAuthNo=2608040001130&infoTypeCd=CIN&infoTypeGroup=tb_workinfogubun,회계/CPA
회계사,(사)한국숲해설가협회 회계관리 경력 채용 공고,(사)한국숲해설가협회,서울 서초구,"연봉 2,760 만원 ~ 2,760 만원",경력2년 대졸(2~3년),주5일,,2026-09-03,https://www.work24.go.kr/wk/a/b/1500/empDetailAuthView.do?wantedAuthNo=54649829&infoTypeCd=CSI&infoTypeGroup=tb_workinfogubun,회계/CPA
회계사,"세무회계사무소 직원채용(세무,회계사사무실 경력)",세무사황화영사무소,대구광역시 서구 평리로,"연봉 2,800 만원 이상",경력3년 학력무관,주5일 주 40시간 근로,,2026-08-20,https://www.work24.go.kr/wk/a/b/1500/empDetailAuthView.do?wantedAuthNo=K140022608030017&infoTypeCd=VALIDATION&infoTypeGroup=tb_workinfoworknet,회계/CPA
회계사,(주)오성종합건축사사무소 재무·회계 담당자를 찾고 있습니다.,(주)오성종합건축사사무소,경기 광명시,월급 260 만원 ~ 260 만원,경력무관 학력무관,,,2026-08-05,https://www.work24.go.kr/wk/a/b/1500/empDetailAuthView.do?wantedAuthNo=54630968&infoTypeCd=CSI&infoTypeGroup=tb_workinfogubun,회계/CPA
회계사,[메이저 제약사] 회계관리,반석써치(주),서울 강남구,회사내규에 따름,경력5년 대졸(4년),주5일,,2026-09-01,https://www.work24.go.kr/wk/a/b/1500/empDetailAuthView.do?wantedAuthNo=2608020000076&infoTypeCd=CIN&infoTypeGroup=tb_workinfogubun,회계/CPA
회계사,[오티씨(주)] 경영관리팀 재무 및 원가회계 경력 모집[SK협력사],오티씨(주),서울 강남구,회사내규에 따름,경력2년 대졸(4년),주5일,,2026-08-30,https://www.work24.go.kr/wk/a/b/1500/empDetailAuthView.do?wantedAuthNo=54615742&infoTypeCd=CSI&infoTypeGroup=tb_workinfogubun,회계/CPA
회계사,(사)한국상담학회 직원 (회계팀장) 채용 공고,사단법인 한국상담학회,서울 서초구,회사내규에 따름,경력5년 대졸(4년),주5일,,2026-08-14,https://www.work24.go.kr/wk/a/b/1500/empDetailAuthView.do?wantedAuthNo=2607310003612&infoTypeCd=CIN&infoTypeGroup=tb_workinfogubun,회계/CPA
회계사,(주)씨월드 경영지원팀 회계업무 모집 (대리~사원급),（주）씨월드,강원특별자치도 속초시 농공단지1길,월급 250 만원 ~ 320 만원,경력2년 학력무관,주5일 주 40시간 근로 09:00 ~ 18:00,,2026-09-29,https://www.work24.go.kr/wk/a/b/1500/empDetailAuthView.do?wantedAuthNo=K152322607300003&infoTypeCd=VALIDATION&infoTypeGroup=tb_workinfoworknet,회계/CPA
회계사,사회복지 사업 및 회계 업무 보조 사무원 채용(계약직),사단법인 울산광역시장애인재활협회,울산광역시 북구 동대5길,월급 223 만원 이상,경력무관 학력무관,주5일 주 40시간 근로 09:00 ~ 18:00,,2026-08-11,https://www.work24.go.kr/wk/a/b/1500/empDetailAuthView.do?wantedAuthNo=K131612607290002&infoTypeCd=VALIDATION&infoTypeGroup=tb_workinfoworknet,회계/CPA
회계사,로드켐 회계 재무 세무 경리사원 채용 공고,로드켐,대구 달서구,"연봉 2,800 만원 ~ 2,800 만원",경력무관 학력무관,,,2026-08-28,https://www.work24.go.kr/wk/a/b/1500/empDetailAuthView.do?wantedAuthNo=54593840&infoTypeCd=CSI&infoTypeGroup=tb_workinfogubun,회계/CPA
회계사,[지주사업무] 재무회계 부서 경력직 채용,(유)바이오퓨얼홀딩스,서울 용산구,회사내규에 따름,경력5년 대졸(4년),,,2026-08-28,https://www.work24.go.kr/wk/a/b/1500/empDetailAuthView.do?wantedAuthNo=54596671&infoTypeCd=CSI&infoTypeGroup=tb_workinfogubun,회계/CPA
회계사,[한국사학진흥재단] 회계사 상시채용 (~10. 30.(금)),,,회사내규에 따름,,,,2026-10-30,https://www.work24.go.kr/wk/a/b/1500/empDetailAuthView.do?wantedAuthNo=299461&infoTypeCd=GOJ&infoTypeGroup=tb_workinfonara,회계/CPA
회계사,"회계사사무실 경력(3년 이상)채용 (종로3가 ,출퇴근 09:30~1...",세무&FC 컨설팅 그룹 진,서울 종로구,회사내규에 따름,경력3년 학력무관,,,2026-08-27,https://www.work24.go.kr/wk/a/b/1500/empDetailAuthView.do?wantedAuthNo=54584153&infoTypeCd=CSI&infoTypeGroup=tb_workinfogubun,회계/CPA
회계사,[마포구 상암] 드라마 및 영상물 제작사 회계/결산 직원 채용,캐치일리㈜,서울 마포구 등,"연봉 3,000 만원 ~ 3,500 만원",경력1년 학력무관,주5일,,2026-08-27,https://www.work24.go.kr/wk/a/b/1500/empDetailAuthView.do?wantedAuthNo=51332318&infoTypeCd=CJK&infoTypeGroup=tb_workinfogubun,회계/CPA
회계사,"경영지원(인사, 총무, 회계) 사원급 정규직 채용",(주)씨뱅크,부산 영도구,회사내규에 따름,경력무관 대졸(4년),,,2026-08-26,https://www.work24.go.kr/wk/a/b/1500/empDetailAuthView.do?wantedAuthNo=54567032&infoTypeCd=CSI&infoTypeGroup=tb_workinfogubun,회계/CPA
회계사,"[리드넘버 회계법인] 근무 회계사 신입·경력 채용(연봉 5,400)",리드넘버회계법인,서울 구로구,"연봉 5,400 만원 ~ 5,400 만원",경력무관 학력무관,,,2026-08-05,https://www.work24.go.kr/wk/a/b/1500/empDetailAuthView.do?wantedAuthNo=54570594&infoTypeCd=CSI&infoTypeGroup=tb_workinfogubun,회계/CPA
회계사,[삼정KPMG] [Audit] 품질관리실 Audit Innovati...,삼정회계법인,서울 강남구,회사내규에 따름,경력무관 학력무관,,,2026-08-26,https://www.work24.go.kr/wk/a/b/1500/empDetailAuthView.do?wantedAuthNo=563308&infoTypeCd=CAT&infoTypeGroup=tb_workinfogubun,회계/CPA
회계사,회계사 채용,법무법인와이케이,서울 강남구 등,회사내규에 따름,경력2년 대졸(4년),,,2026-08-22,https://www.work24.go.kr/wk/a/b/1500/empDetailAuthView.do?wantedAuthNo=54548275&infoTypeCd=CSI&infoTypeGroup=tb_workinfogubun,회계/CPA
회계사,"주식회사 연인트레이드 세무·재무·회계 관리자급,사원급",(주)연인트레이드,서울 금천구,회사내규에 따름,신입/경력1년 학력무관,주5일,,2026-08-23,https://www.work24.go.kr/wk/a/b/1500/empDetailAuthView.do?wantedAuthNo=54557196&infoTypeCd=CSI&infoTypeGroup=tb_workinfogubun,회계/CPA
회계사,[우영회계법인] 3년차이상 경력회계사 (반개업 또는 FUII타임),우영회계법인,서울 강남구,회사내규에 따름,경력3년 대졸(4년),,,2026-08-23,https://www.work24.go.kr/wk/a/b/1500/empDetailAuthView.do?wantedAuthNo=54559055&infoTypeCd=CSI&infoTypeGroup=tb_workinfogubun,회계/CPA
회계사,(사)중부권생태공동체 사무국 회계 및 사무 지원 활동가 채용,（사）중부권생태공동체,충청남도 아산시 실옥로16번길,월급 210 만원 ~ 210 만원,경력무관 학력무관,주5일 주 35시간 근로 09:00 ~ 17:00,,2026-09-22,https://www.work24.go.kr/wk/a/b/1500/empDetailAuthView.do?wantedAuthNo=K172122607230018&infoTypeCd=VALIDATION&infoTypeGroup=tb_workinfoworknet,회계/CPA
회계사,CTR Mobility 원가회계팀 사후원가 파트 (울산) 경력직 채...,씨티알모빌리티,울산 북구,회사내규에 따름,경력 대졸(4년),,,2026-08-15,https://www.work24.go.kr/wk/a/b/1500/empDetailAuthView.do?wantedAuthNo=562737&infoTypeCd=CAT&infoTypeGroup=tb_workinfogubun,회계/CPA
회계사,"세무 전문가 (라이센스 보유자 우대, 세무사, 회계사)",(주)널리소프트,서울 영등포구,회사내규에 따름,경력무관 학력무관,,,2026-08-20,https://www.work24.go.kr/wk/a/b/1500/empDetailAuthView.do?wantedAuthNo=54516652&infoTypeCd=CSI&infoTypeGroup=tb_workinfogubun,회계/CPA
회계사,"건설시행사 경영지원실 세무, 회계담당 채용(경력)",주식회사 디알엠씨티,서울 강서구,회사내규에 따름,경력5년 고졸,주5일,,2026-08-20,https://www.work24.go.kr/wk/a/b/1500/empDetailAuthView.do?wantedAuthNo=54517630&infoTypeCd=CSI&infoTypeGroup=tb_workinfogubun,회계/CPA
회계사,전산회계 사무직 계약직 채용(유사업무 경력자 우대),㈜휴플러스,경기 성남시 중원구 등,회사내규에 따름,경력무관 학력무관,주5일,,2026-08-20,https://www.work24.go.kr/wk/a/b/1500/empDetailAuthView.do?wantedAuthNo=51289302&infoTypeCd=CJK&infoTypeGroup=tb_workinfogubun,회계/CPA
회계사,디지털스퀘어 경영지원부(회계담당) 사원급 채용,(주)디지털스퀘어,서울 성동구,회사내규에 따름,신입/경력1년 학력무관,주5일,,2026-08-15,https://www.work24.go.kr/wk/a/b/1500/empDetailAuthView.do?wantedAuthNo=54483629&infoTypeCd=CSI&infoTypeGroup=tb_workinfogubun,회계/CPA
회계사,[본사근무/충주] 건설 자금회계 경력직 채용 공고,우일건설(주),충북 충주시,회사내규에 따름,경력1년 대졸(4년),,,2026-08-15,https://www.work24.go.kr/wk/a/b/1500/empDetailAuthView.do?wantedAuthNo=54489528&infoTypeCd=CSI&infoTypeGroup=tb_workinfogubun,회계/CPA
회계사,[일우회계법인] 정성훈회계사팀 2~4년 경력직채용,일우회계법인,전남광주 서구,회사내규에 따름,경력2년 학력무관,주5일,,2099-01-01,https://www.work24.go.kr/wk/a/b/1500/empDetailAuthView.do?wantedAuthNo=54471109&infoTypeCd=CSI&infoTypeGroup=tb_workinfogubun,회계/CPA
회계사,베페사징크코리아(주) 회계팀 신입 및 경력(2년 이상) 채용,베페사징크코리아(주),경북 경주시,회사내규에 따름,신입/경력2년 대졸(2~3년),,,2026-09-13,https://www.work24.go.kr/wk/a/b/1500/empDetailAuthView.do?wantedAuthNo=54474061&infoTypeCd=CSI&infoTypeGroup=tb_workinfogubun,회계/CPA
회계사,상장 준비 중인 제조회사의 회계/세무 실무 리더를 모집합니다.,(주)아르고스다인,경기 용인시 기흥구 등,회사내규에 따름,경력8년 대졸(4년),,,2026-08-31,https://www.work24.go.kr/wk/a/b/1500/empDetailAuthView.do?wantedAuthNo=54438762&infoTypeCd=CSI&infoTypeGroup=tb_workinfogubun,회계/CPA
회계사,세무사사무실및회계사사무실 경력자 채용,세무사이해수사무소,대구광역시 중구 명륜로23길,"연봉 3,300 만원 ~ 3,600 만원",경력5년 학력무관,주5일 주 40시간 근로 09:00 ~ 18:00,,2026-09-09,https://www.work24.go.kr/wk/a/b/1500/empDetailAuthView.do?wantedAuthNo=K140112607100021&infoTypeCd=VALIDATION&infoTypeGroup=tb_workinfoworknet,회계/CPA
회계사,글로벌 핀테크사 회계팀 담당자 채용,(주)이롬넷,서울 강남구,회사내규에 따름,경력3년 대졸(2~3년),주5일,,2026-09-08,https://www.work24.go.kr/wk/a/b/1500/empDetailAuthView.do?wantedAuthNo=54429412&infoTypeCd=CSI&infoTypeGroup=tb_workinfogubun,회계/CPA
회계사,(사)서울YWCA 회계·총무·행정 실무자 채용,서울와이더블유씨에이,서울 노원구,회사내규에 따름,경력무관 대졸(4년),,,2099-01-01,https://www.work24.go.kr/wk/a/b/1500/empDetailAuthView.do?wantedAuthNo=560394&infoTypeCd=CAT&infoTypeGroup=tb_workinfogubun,회계/CPA
회계사,"고속도로휴게소 식자재유통사, 일반 회계, 총무 사무원 모집 (ERP...",주식회사 정우유통,경기도 하남시 서하남로47번길,월급 280 만원 이상,경력1년 학력무관,주5일 주 40시간 근로,,2026-09-06,https://www.work24.go.kr/wk/a/b/1500/empDetailAuthView.do?wantedAuthNo=K180342607070015&infoTypeCd=VALIDATION&infoTypeGroup=tb_workinfoworknet,회계/CPA
회계사,법인 사업체 회계/경리 담당자 모집 (경력 3년 이상/연봉협상),㈜정한건설,경기 김포시 등,"연봉 2,800 만원 ~ 4,500 만원",경력3년 고졸,주5일,,2026-08-06,https://www.work24.go.kr/wk/a/b/1500/empDetailAuthView.do?wantedAuthNo=51207620&infoTypeCd=CJK&infoTypeGroup=tb_workinfogubun,회계/CPA
회계사,"사무직(사무회계,공사업무) 보조",지에스네트웍스（주）,강원특별자치도 춘천시 퇴계농공로,월급 250 만원 ~ 280 만원,경력 학력무관,주5일 주 40시간 근로 09:00 ~ 18:00,,2026-09-02,https://www.work24.go.kr/wk/a/b/1500/empDetailAuthView.do?wantedAuthNo=K152122607060007&infoTypeCd=VALIDATION&infoTypeGroup=tb_workinfoworknet,회계/CPA
회계사,라오나크 신생 외국투자 법인 관계사 재무회계 관리자 채용,(주)라오나크,서울 금천구,회사내규에 따름,경력5년 대졸(2~3년),주5일,,2026-09-01,https://www.work24.go.kr/wk/a/b/1500/empDetailAuthView.do?wantedAuthNo=54361455&infoTypeCd=CSI&infoTypeGroup=tb_workinfogubun,회계/CPA
회계사,가은회계법인 강남지점에서 회계사(반개업 포함)를 모십니다,가은회계법인 강남지점,서울 강남구,회사내규에 따름,경력무관 대졸(4년),,,2099-01-01,https://www.work24.go.kr/wk/a/b/1500/empDetailAuthView.do?wantedAuthNo=54332047&infoTypeCd=CSI&infoTypeGroup=tb_workinfogubun,회계/CPA
회계사,(사)한국장애인복지실천회 사회복지사(회계담당),사단법인 한국장애인복지실천회,서울 영등포구,회사내규에 따름,경력무관 대졸(2~3년),주5일,,2099-01-01,https://www.work24.go.kr/wk/a/b/1500/empDetailAuthView.do?wantedAuthNo=54339805&infoTypeCd=CSI&infoTypeGroup=tb_workinfogubun,회계/CPA
회계사,회계사무소 경력사원을 모집합니다,안세회계법인부산센텀지점,부산광역시 해운대구 센텀중앙로,"연봉 4,000 만원 이상",경력10년 학력무관,주5일 주 35시간 근로 09:00 ~ 17:00,,2026-08-27,https://www.work24.go.kr/wk/a/b/1500/empDetailAuthView.do?wantedAuthNo=K130112606290004&infoTypeCd=VALIDATION&infoTypeGroup=tb_workinfoworknet,회계/CPA
회계사,[장애인전형/강남] 대기업 금융사 본사 회계 업무 근무자 채용,㈜에프앤비네트웍스,서울 서초구 등,회사내규에 따름,경력무관 학력무관,주5일,,2026-08-28,https://www.work24.go.kr/wk/a/b/1500/empDetailAuthView.do?wantedAuthNo=51156394&infoTypeCd=CJK&infoTypeGroup=tb_workinfogubun,회계/CPA
회계사,[일우회계법인] TAX팀 세무사/경력회계사 채용,일우회계법인,전남광주 서구,회사내규에 따름,경력3년 학력무관,,,2099-01-01,https://www.work24.go.kr/wk/a/b/1500/empDetailAuthView.do?wantedAuthNo=54312507&infoTypeCd=CSI&infoTypeGroup=tb_workinfogubun,회계/CPA
회계사,"[안양새일인턴] 세무사사무실, 회계사사무실 신입, 경력자 모집",회계법인지평 경기지사,경기도 안양시 동안구,"연봉 3,000 만원 ~ 6,000 만원",신입 학력무관,주5일 주 40시간 근로,,2026-08-23,https://www.work24.go.kr/wk/a/b/1500/empDetailAuthView.do?wantedAuthNo=KF10752606240002&infoTypeCd=VALIDATION&infoTypeGroup=tb_workinfoworknet,회계/CPA
회계사,[Dt&CRO] 경영지원본부 회계팀 경력 채용 모집 (관계사 담당),(주)디티앤씨알오,경기 용인시 처인구 등,회사내규에 따름,경력3년 대졸(4년),주5일,,2099-01-01,https://www.work24.go.kr/wk/a/b/1500/empDetailAuthView.do?wantedAuthNo=54259325&infoTypeCd=CSI&infoTypeGroup=tb_workinfogubun,회계/CPA
회계사,"[쎔157] 세무 전문가 (라이센스 보유자 우대, 세무사, 회계사)",널리소프트,서울 영등포구,회사내규에 따름,경력 학력무관,,,2099-12-31,https://www.work24.go.kr/wk/a/b/1500/empDetailAuthView.do?wantedAuthNo=368278&infoTypeCd=CWT&infoTypeGroup=tb_workinfogubun,회계/CPA
회계사,[오티씨(주)] 경영관리팀 재무 및 원가회계 경력모집[SK협력사],오티씨㈜,서울 강남구,회사내규에 따름,경력2년 대졸(4년),주5일,,2099-12-31,https://www.work24.go.kr/wk/a/b/1500/empDetailAuthView.do?wantedAuthNo=51053855&infoTypeCd=CJK&infoTypeGroup=tb_workinfogubun,회계/CPA
회계사,회계사사무실 경력 직원 모집,율성회계법인 대구지점,대구광역시 남구 명덕로,"연봉 3,000 만원 이상",경력3년 학력무관,주5일 주 40시간 근로 09:30 ~ 17:30,,2026-08-05,https://www.work24.go.kr/wk/a/b/1500/empDetailAuthView.do?wantedAuthNo=K140022606080008&infoTypeCd=VALIDATION&infoTypeGroup=tb_workinfoworknet,회계/CPA
회계사,[루노소프트] 게임개발사 경영지원팀 인사/회계/총무 담당 경력직 채...,,,회사내규에 따름,,,,2027-05-13,https://www.work24.go.kr/wk/a/b/1500/empDetailAuthView.do?wantedAuthNo=1013327&infoTypeCd=IBK&infoTypeGroup=tb_workinfoibk,회계/CPA
회계법인,회계법인 기장직원채용,신한회계법인,부산광역시 연제구 중앙대로,"연봉 3,000 만원 ~ 3,800 만원",경력5년 학력무관,주5일 주 40시간 근로 09:00 ~ 18:00,,2026-09-30,https://www.work24.go.kr/wk/a/b/1500/empDetailAuthView.do?wantedAuthNo=K130042608050030&infoTypeCd=VALIDATION&infoTypeGroup=tb_workinfoworknet,회계/CPA
회계법인,대경회계법인 경력직 구합니다,대경회계법인,대구광역시 중구 대봉로,"연봉 3,000 만원 ~ 4,000 만원",경력4년 학력무관,주5일 주 40시간 근로 09:00 ~ 18:00,,2026-10-03,https://www.work24.go.kr/wk/a/b/1500/empDetailAuthView.do?wantedAuthNo=K140112608050004&infoTypeCd=VALIDATION&infoTypeGroup=tb_workinfoworknet,회계/CPA
회계법인,[완도맘영어조합법인] 경리 회계담당 직원 채용,완도맘영어조합법인,전남광주 완도군,회사내규에 따름,경력무관 고졸,주5일,,2099-12-31,https://www.work24.go.kr/wk/a/b/1500/empDetailAuthView.do?wantedAuthNo=54654890&infoTypeCd=CSI&infoTypeGroup=tb_workinfogubun,회계/CPA
회계법인,[정윤회계법인인천지점] 회계사무원 계약직(육아휴직 대체)채용 공고,정윤회계법인 인천지점,인천 남동구,회사내규에 따름,경력5년 학력무관,기타,,2099-01-01,https://www.work24.go.kr/wk/a/b/1500/empDetailAuthView.do?wantedAuthNo=19391018&infoTypeCd=CCN&infoTypeGroup=tb_workinfogubun,회계/CPA
회계법인,해밀회계법인 경력 기장직원 채용(6본부),해밀회계법인,경기 안산시 단원구 등,회사내규에 따름,경력10년 학력무관,주5일,,2026-08-31,https://www.work24.go.kr/wk/a/b/1500/empDetailAuthView.do?wantedAuthNo=54657640&infoTypeCd=CSI&infoTypeGroup=tb_workinfogubun,회계/CPA
회계법인,[대구] 대경회계법인 회계사무원(경력자) 구합니다,대경회계법인,대구 중구,회사내규에 따름,경력4년 학력무관,기타,,2026-09-05,https://www.work24.go.kr/wk/a/b/1500/empDetailAuthView.do?wantedAuthNo=19391034&infoTypeCd=CCN&infoTypeGroup=tb_workinfogubun,회계/CPA
회계법인,"회계팀 경력 채용 (해외법인 결산, 재무회계)",덕우전자(주),경북 구미시,회사내규에 따름,경력9년 대졸(2~3년),주5일,,2099-01-01,https://www.work24.go.kr/wk/a/b/1500/empDetailAuthView.do?wantedAuthNo=54659450&infoTypeCd=CSI&infoTypeGroup=tb_workinfogubun,회계/CPA
회계법인,(지고촉)태성회계법인- 회계사무원 모집 (지원서에 사진첨부 요청드...,태성회계법인(대전지점),대전광역시 서구 둔산서로,월급 215 만원 이상,경력무관 학력무관,주5일 주 40시간 근로,,2026-09-03,https://www.work24.go.kr/wk/a/b/1500/empDetailAuthView.do?wantedAuthNo=K170052608040065&infoTypeCd=VALIDATION&infoTypeGroup=tb_workinfoworknet,회계/CPA
회계법인,지성회계법인(3팀)에서 함께 할 직원분을 구합니다(2026.09월부...,지성회계법인,대구광역시 남구 대명로,"연봉 3,600 만원 ~ 4,300 만원",경력5년 학력무관,주5일 주 40시간 근로,,2026-10-03,https://www.work24.go.kr/wk/a/b/1500/empDetailAuthView.do?wantedAuthNo=K140022608040040&infoTypeCd=VALIDATION&infoTypeGroup=tb_workinfoworknet,회계/CPA
회계법인,"회계법인(세무/회계) 경력직, 신입직원 모십니다.",혜인회계법인,부산광역시 동구 중앙대로260번길,"연봉 2,800 만원 ~ 3,600 만원",경력무관 대졸(2~3년) ~ 대졸(4년),주5일 주 40시간 근로 09:00 ~ 17:30,,2026-08-14,https://www.work24.go.kr/wk/a/b/1500/empDetailAuthView.do?wantedAuthNo=K130042608040016&infoTypeCd=VALIDATION&infoTypeGroup=tb_workinfoworknet,회계/CPA
회계법인,"상지회계법인 부산 회계사무원(경력직, 기간제+정규직 전환)",상지회계법인 부산,부산광역시 동구 중앙대로,"연봉 3,000 만원 ~ 4,000 만원",경력3년 학력무관,주5일 주 40시간 근로 09:00 ~ 18:00,,2026-10-02,https://www.work24.go.kr/wk/a/b/1500/empDetailAuthView.do?wantedAuthNo=K130042608040011&infoTypeCd=VALIDATION&infoTypeGroup=tb_workinfoworknet,회계/CPA
회계법인,"일본어,비서,해외법인관리,회계",골든에셋네트워크(주),서울 구로구,"연봉 2,590 만원 ~ 6,500 만원",신입/경력 고졸,주5일,,2026-08-31,https://www.work24.go.kr/wk/a/b/1500/empDetailAuthView.do?wantedAuthNo=2608040000908&infoTypeCd=CIN&infoTypeGroup=tb_workinfogubun,회계/CPA
회계법인,[삼일회계법인] 글로벌본부 Cross-Border IPO 및 컨설팅...,삼일회계법인,서울 용산구,회사내규에 따름,경력1년 대졸(4년),,,2099-01-01,https://www.work24.go.kr/wk/a/b/1500/empDetailAuthView.do?wantedAuthNo=2608040002324&infoTypeCd=CIN&infoTypeGroup=tb_workinfogubun,회계/CPA
회계법인,(신입) 기장 / 결산 / 조정 / 세무법인 / 세무 / 회계,더블유세무법인,서울 강남구,"연봉 2,900 만원 ~ 2,900 만원",신입 대졸(2~3년),주5일,,2026-09-03,https://www.work24.go.kr/wk/a/b/1500/empDetailAuthView.do?wantedAuthNo=54651153&infoTypeCd=CSI&infoTypeGroup=tb_workinfogubun,회계/CPA
회계법인,"(미래로세무법인) 회계사무소 경력직원(3년이상, 7년이상) 구합니다...",미래로세무법인용호지점,경상남도 창원시 성산구,"연봉 3,240 만원 이상",경력3년 학력무관,주5일 주 40시간 근로,,2026-08-31,https://www.work24.go.kr/wk/a/b/1500/empDetailAuthView.do?wantedAuthNo=K131132608030033&infoTypeCd=VALIDATION&infoTypeGroup=tb_workinfoworknet,회계/CPA
회계법인,재경팀(법인회계/세무) 직원 모집,주식회사브라운스톤,경기도 용인시 처인구,"연봉 3,060 만원 ~ 3,600 만원",경력2년 학력무관,주5일 주 40시간 근로,,2026-10-02,https://www.work24.go.kr/wk/a/b/1500/empDetailAuthView.do?wantedAuthNo=K180022608030018&infoTypeCd=VALIDATION&infoTypeGroup=tb_workinfoworknet,회계/CPA
회계법인,경력직 회계사무원 모집-세무법인 서진 청주지점,세무법인 서진,충청북도 청주시 흥덕구,"연봉 3,000 만원 ~ 5,000 만원",경력3년 학력무관,주5일 주 35시간 근로 09:30 ~ 17:30,,2026-08-25,https://www.work24.go.kr/wk/a/b/1500/empDetailAuthView.do?wantedAuthNo=K171112608030027&infoTypeCd=VALIDATION&infoTypeGroup=tb_workinfoworknet,회계/CPA
회계법인,회계사무원 직원 채용 공고(세무법인서진 청주지점),세무법인 서진,충청북도 청주시 흥덕구,월급 215 만원 이상,신입 학력무관,주5일 주 40시간 근로 09:00 ~ 18:00,,2026-08-25,https://www.work24.go.kr/wk/a/b/1500/empDetailAuthView.do?wantedAuthNo=K171112608030026&infoTypeCd=VALIDATION&infoTypeGroup=tb_workinfoworknet,회계/CPA
회계법인,회계법인 해솔 기장 경력직 채용,회계법인 해솔,서울 강남구,회사내규에 따름,경력5년 학력무관,,,2099-12-31,https://www.work24.go.kr/wk/a/b/1500/empDetailAuthView.do?wantedAuthNo=2608030001208&infoTypeCd=CIN&infoTypeGroup=tb_workinfogubun,회계/CPA
회계법인,[회계법인 해솔] 기장직원(경력직) 채용공고,회계법인 해솔,서울 서초구,회사내규에 따름,경력5년 학력무관,,,2026-09-02,https://www.work24.go.kr/wk/a/b/1500/empDetailAuthView.do?wantedAuthNo=54636814&infoTypeCd=CSI&infoTypeGroup=tb_workinfogubun,회계/CPA
회계법인,[주식회사 티오엠에스] 법인회계전문가 모집(법인자체기장 및 결산가능...,주식회사티오엠에스,경남 사천시,회사내규에 따름,경력1년 학력무관,,,2026-09-03,https://www.work24.go.kr/wk/a/b/1500/empDetailAuthView.do?wantedAuthNo=228239&infoTypeCd=KOS&infoTypeGroup=tb_workinfogubun,회계/CPA
회계법인,미추홀세무법인 회계·세무·재무 경력 채용 공고,미추홀세무법인,인천 미추홀구,회사내규에 따름,경력5년 학력무관,주5일,,2026-09-02,https://www.work24.go.kr/wk/a/b/1500/empDetailAuthView.do?wantedAuthNo=54638816&infoTypeCd=CSI&infoTypeGroup=tb_workinfogubun,회계/CPA
회계법인,기장 경력 직원 구인 - 정현회계법인 영등포역,정현회계법인,서울 영등포구,회사내규에 따름,경력3년 학력무관,주5일,,2026-08-31,https://www.work24.go.kr/wk/a/b/1500/empDetailAuthView.do?wantedAuthNo=54624993&infoTypeCd=CSI&infoTypeGroup=tb_workinfogubun,회계/CPA
회계법인,한울회계법인 호남본부 사무직 직원 모집,한울회계법인,전남광주통합특별시 북구 무등로,"연봉 3,000 만원 이상",경력무관 대졸(2~3년) ~ 대졸(4년),주5일 주 40시간 근로 09:00 ~ 18:00,,2026-08-13,https://www.work24.go.kr/wk/a/b/1500/empDetailAuthView.do?wantedAuthNo=K160012607310017&infoTypeCd=VALIDATION&infoTypeGroup=tb_workinfoworknet,회계/CPA
회계법인,회계법인 신입 채용,동서회계법인,서울특별시 강남구 테헤란로108길,월급 215 만원 이상,신입 학력무관,주5일 주 40시간 근로 09:00 ~ 17:30,,2026-09-29,https://www.work24.go.kr/wk/a/b/1500/empDetailAuthView.do?wantedAuthNo=K120032607310004&infoTypeCd=VALIDATION&infoTypeGroup=tb_workinfoworknet,회계/CPA
회계법인,[회계법인 올빛] 기장직원 (경력 5년 이상) 채용 공고,회계법인올빛,서울 강남구,회사내규에 따름,경력5년 고졸,,,2099-01-01,https://www.work24.go.kr/wk/a/b/1500/empDetailAuthView.do?wantedAuthNo=54420608&infoTypeCd=CSI&infoTypeGroup=tb_workinfogubun,회계/CPA
회계법인,의료법인구의료재단 구병원 총무 재무팀(회계/경리) 경력직 모집,(의)구의료재단,대구 달서구,회사내규에 따름,경력2년 대졸(2~3년),,,2026-08-30,https://www.work24.go.kr/wk/a/b/1500/empDetailAuthView.do?wantedAuthNo=54618750&infoTypeCd=CSI&infoTypeGroup=tb_workinfogubun,회계/CPA
회계법인,회계법인 성실에서 함께할 새로운 인재를 찾고있습니다.,회계법인성실,서울 영등포구,회사내규에 따름,경력3년 학력무관,주3일,,2026-08-30,https://www.work24.go.kr/wk/a/b/1500/empDetailAuthView.do?wantedAuthNo=54619320&infoTypeCd=CSI&infoTypeGroup=tb_workinfogubun,회계/CPA
회계법인,[dusk그룹]해외법인 재무 및 연결회계 담당 모집,주식회사 더스크랙,서울 강서구,회사내규에 따름,경력1년 학력무관,주5일,,2026-08-30,https://www.work24.go.kr/wk/a/b/1500/empDetailAuthView.do?wantedAuthNo=51356189&infoTypeCd=CJK&infoTypeGroup=tb_workinfogubun,회계/CPA
회계법인,[dusk그룹] 해외법인 재무 및 연결회계 담당 모집,(주)더스크랙,서울 강서구,회사내규에 따름,경력1년 학력무관,,,2026-08-31,https://www.work24.go.kr/wk/a/b/1500/empDetailAuthView.do?wantedAuthNo=54621946&infoTypeCd=CSI&infoTypeGroup=tb_workinfogubun,회계/CPA
회계법인,세무법인 어울림 회계사무원 채용,세무법인어울림,서울특별시 서초구 신반포로47길,월급 230 만원 ~ 250 만원,경력1년 학력무관,주5일 주 40시간 근로 09:30 ~ 18:00,,2026-08-31,https://www.work24.go.kr/wk/a/b/1500/empDetailAuthView.do?wantedAuthNo=K120142607300026&infoTypeCd=VALIDATION&infoTypeGroup=tb_workinfoworknet,회계/CPA
회계법인,세무법인 회계사무원 구인,세무법인신세계 목포점,전남광주통합특별시 무안군 삼향읍,"연봉 3,000 만원 ~ 4,000 만원",경력2년 학력무관,주5일 주 40시간 근로,,2026-09-29,https://www.work24.go.kr/wk/a/b/1500/empDetailAuthView.do?wantedAuthNo=K162122607300021&infoTypeCd=VALIDATION&infoTypeGroup=tb_workinfoworknet,회계/CPA
회계법인,천지세무법인 해남지사 기장대리 업무 및 기타 회계사무소 관련일 희망...,천지세무법인 해남지사,전남광주통합특별시 해남군 해남읍,월급 230 만원 이상,경력무관 고졸 ~ 대졸(4년),주5일 주 40시간 근로 09:00 ~ 18:00,,2026-09-29,https://www.work24.go.kr/wk/a/b/1500/empDetailAuthView.do?wantedAuthNo=K162142607300010&infoTypeCd=VALIDATION&infoTypeGroup=tb_workinfoworknet,회계/CPA
회계법인,(부산)안경회계법인 5년이상 경력직 사원모집,안경회계법인,부산광역시 해운대구 센텀서로,"연봉 3,000 만원 ~ 3,800 만원",경력5년 학력무관,주5일 주 38시간 근로 09:30 ~ 18:00,,2026-09-29,https://www.work24.go.kr/wk/a/b/1500/empDetailAuthView.do?wantedAuthNo=K130112607300038&infoTypeCd=VALIDATION&infoTypeGroup=tb_workinfoworknet,회계/CPA
회계법인,[한서회계법인] 3~10년차 기장직원을 채용합니다.,한서회계법인,서울 강남구,회사내규에 따름,경력3년 학력무관,주5일,,2026-08-29,https://www.work24.go.kr/wk/a/b/1500/empDetailAuthView.do?wantedAuthNo=2607300000917&infoTypeCd=CIN&infoTypeGroup=tb_workinfogubun,회계/CPA
회계법인,[삼일회계법인] 시스템 엔지니어 인턴 채용,삼일회계법인,서울 용산구,회사내규에 따름,신입/경력 대졸(4년),,,2099-01-01,https://www.work24.go.kr/wk/a/b/1500/empDetailAuthView.do?wantedAuthNo=2607300002935&infoTypeCd=CIN&infoTypeGroup=tb_workinfogubun,회계/CPA
회계법인,[삼일회계법인] AI & 데이터 엔지니어 인턴 채용,삼일회계법인,서울 용산구,회사내규에 따름,신입/경력 대졸(4년),,,2099-01-01,https://www.work24.go.kr/wk/a/b/1500/empDetailAuthView.do?wantedAuthNo=2607300002952&infoTypeCd=CIN&infoTypeGroup=tb_workinfogubun,회계/CPA
회계법인,동서회계법인 기장팀 신입직원 채용,동서회계법인,서울,회사내규에 따름,신입 고졸,주5일,,2026-09-28,https://www.work24.go.kr/wk/a/b/1500/empDetailAuthView.do?wantedAuthNo=54609979&infoTypeCd=CSI&infoTypeGroup=tb_workinfogubun,회계/CPA
회계법인,다음회계법인 채용공고(경력자우대),다음회계법인부산지점,부산광역시 해운대구 센텀북대로,"연봉 3,000 만원 ~ 3,600 만원",경력5년 고졸 ~ 대졸(4년),주5일 주 35시간 근로 09:00 ~ 17:00,,2026-08-31,https://www.work24.go.kr/wk/a/b/1500/empDetailAuthView.do?wantedAuthNo=K130112607290057&infoTypeCd=VALIDATION&infoTypeGroup=tb_workinfoworknet,회계/CPA
회계법인,[도약장려금 참여] 세무법인 오름 부산지점 사무실 회계사무직원 구합...,세무법인오름부산지점,부산광역시 동구 진성로,월급 240 만원 이상 상여별도 100%,경력3년 대졸(2~3년) ~ 대졸(4년),주5일 주 40시간 근로 09:00 ~ 18:00,,2026-09-28,https://www.work24.go.kr/wk/a/b/1500/empDetailAuthView.do?wantedAuthNo=K130042607290038&infoTypeCd=VALIDATION&infoTypeGroup=tb_workinfoworknet,회계/CPA
회계법인,세무법인 오름 부산지점 사무실 회계사무직원 구합니다.,세무법인오름부산지점,부산광역시 동구 진성로,월급 215 만원 이상 상여별도 100%,신입 학력무관,주5일 주 40시간 근로 09:00 ~ 18:00,,2026-09-28,https://www.work24.go.kr/wk/a/b/1500/empDetailAuthView.do?wantedAuthNo=K130042607290037&infoTypeCd=VALIDATION&infoTypeGroup=tb_workinfoworknet,회계/CPA
회계법인,선진회계법인 직원 구합니다.(관련업종 경력 3년 이상),선진회계법인대구지점,대구광역시 남구 대명동,월급 240 만원 ~ 240 만원,경력3년 학력무관,주5일 주 40시간 근로 09:00 ~ 17:00,,2026-09-27,https://www.work24.go.kr/wk/a/b/1500/empDetailAuthView.do?wantedAuthNo=K140022607290018&infoTypeCd=VALIDATION&infoTypeGroup=tb_workinfoworknet,회계/CPA
회계법인,신원회계법인울산지점 경력자우대 (5년~10년) 구합니다. [울산동부...,신원회계법인울산지점,울산광역시 북구 염포로,"연봉 3,500 만원 이상",경력5년 학력무관,주5일 주 35시간 근로,,2026-08-31,https://www.work24.go.kr/wk/a/b/1500/empDetailAuthView.do?wantedAuthNo=K131612607290008&infoTypeCd=VALIDATION&infoTypeGroup=tb_workinfoworknet,회계/CPA
회계법인,[세무법인 다율]회계사무원 채용,세무법인다율,충청남도 천안시 서북구,"연봉 3,500 만원 이상",경력3년 학력무관,주5일 주 40시간 근로 09:00 ~ 18:00,,2026-08-31,https://www.work24.go.kr/wk/a/b/1500/empDetailAuthView.do?wantedAuthNo=K172112607290006&infoTypeCd=VALIDATION&infoTypeGroup=tb_workinfoworknet,회계/CPA
회계법인,세무법인재경 부산본점 경력직 회계사무원 채용합니다.,세무법인 재경,부산광역시 동래구 명륜로,"연봉 3,500 만원 ~ 4,500 만원",경력3년 학력무관,주5일 주 35시간 근로 09:00 ~ 17:00,,2026-08-10,https://www.work24.go.kr/wk/a/b/1500/empDetailAuthView.do?wantedAuthNo=K130112607290011&infoTypeCd=VALIDATION&infoTypeGroup=tb_workinfoworknet,회계/CPA
회계법인,회계법인 컨설팅업무 담당직원 채용공고,신우회계법인,대전 유성구,"연봉 3,200 만원 ~ 3,200 만원",경력무관 대졸(4년),,,2026-09-27,https://www.work24.go.kr/wk/a/b/1500/empDetailAuthView.do?wantedAuthNo=54593645&infoTypeCd=CSI&infoTypeGroup=tb_workinfogubun,회계/CPA
회계법인,[지수회계법인] 세무대리 기장 경력직 직원 모십니다.,지수회계법인,서울 강남구 등,회사내규에 따름,경력3년 학력무관,,,2026-08-28,https://www.work24.go.kr/wk/a/b/1500/empDetailAuthView.do?wantedAuthNo=54597280&infoTypeCd=CSI&infoTypeGroup=tb_workinfogubun,회계/CPA
회계법인,[지수회계법인] 기장사업본부 영업팀 채용,지수회계법인,서울 강남구 등,회사내규에 따름,경력무관 학력무관,,,2026-08-28,https://www.work24.go.kr/wk/a/b/1500/empDetailAuthView.do?wantedAuthNo=54598474&infoTypeCd=CSI&infoTypeGroup=tb_workinfogubun,회계/CPA
회계법인,[딜로이트 안진회계법인] T&T부문 정보보안 컨설팅 인턴,안진회계법인,서울 영등포구,회사내규에 따름,경력무관 대졸(4년),,,2026-12-17,https://www.work24.go.kr/wk/a/b/1500/empDetailAuthView.do?wantedAuthNo=563712&infoTypeCd=CAT&infoTypeGroup=tb_workinfogubun,회계/CPA
회계법인,신원회계법인울산지점 경력자(3년이상) 구합니다. [울산동부고용센...,신원회계법인울산지점,울산광역시 북구 염포로,"연봉 3,500 만원 이상",경력3년 학력무관,주5일 주 35시간 근로 09:00 ~ 17:00,,2026-09-27,https://www.work24.go.kr/wk/a/b/1500/empDetailAuthView.do?wantedAuthNo=K131612607280005&infoTypeCd=VALIDATION&infoTypeGroup=tb_workinfoworknet,회계/CPA
회계법인,재무/회계 경력자 모집(국내/해외법인 근무),(주)이에스디웍,경기 화성시,회사내규에 따름,경력3년 학력무관,주5일,,2099-01-01,https://www.work24.go.kr/wk/a/b/1500/empDetailAuthView.do?wantedAuthNo=2607280000953&infoTypeCd=CIN&infoTypeGroup=tb_workinfogubun,회계/CPA
회계법인,품앗이소비자생활협동조합 법인관리(회계/사무/행정) 직원 채용,품앗이소비자생활협동조합,대전 유성구,회사내규에 따름,신입/경력 학력무관,주5일,,2026-08-27,https://www.work24.go.kr/wk/a/b/1500/empDetailAuthView.do?wantedAuthNo=51331570&infoTypeCd=CJK&infoTypeGroup=tb_workinfogubun,회계/CPA
회계법인,[회계법인동행/강서마곡] 세무기장(대리과장급) 경력직(15개월),회계법인동행,서울 강서구 등,"연봉 6,000 만원 ~ 6,000 만원",경력4년 학력무관,,,2026-08-27,https://www.work24.go.kr/wk/a/b/1500/empDetailAuthView.do?wantedAuthNo=54585767&infoTypeCd=CSI&infoTypeGroup=tb_workinfogubun,회계/CPA
회계법인,회계법인 기장대리 정규직원 채용,태성회계법인,서울 강남구,"연봉 4,000 만원 ~ 5,000 만원",경력2년 학력무관,주5일,,2026-08-27,https://www.work24.go.kr/wk/a/b/1500/empDetailAuthView.do?wantedAuthNo=2607280003873&infoTypeCd=CIN&infoTypeGroup=tb_workinfogubun,회계/CPA
회계법인,회계법인 기장 직원 채용,태성회계법인,서울 강남구,"연봉 4,400 만원 ~ 4,400 만원",경력1년 학력무관,주5일,,2026-08-27,https://www.work24.go.kr/wk/a/b/1500/empDetailAuthView.do?wantedAuthNo=54588518&infoTypeCd=CSI&infoTypeGroup=tb_workinfogubun,회계/CPA
회계법인,세종시 회계법인 정산팀 경력 및 신입 직원 채용,삼율회계법인,세종특별자치시 나성북1로 12,"연봉 2,600 만원 ~ 3,500 만원",경력무관 대졸(2~3년) ~ 대졸(4년),주5일 주 40시간 근로 09:00 ~ 18:00,,2026-08-10,https://www.work24.go.kr/wk/a/b/1500/empDetailAuthView.do?wantedAuthNo=K170082607270030&infoTypeCd=VALIDATION&infoTypeGroup=tb_workinfoworknet,회계/CPA
회계법인,법인회계 및 경리경력자 구인,써니어플라이언스 주식회사,인천광역시 검단구 마중로,"연봉 2,600 만원 이상",경력1년 학력무관,주5일 주 40시간 근로 09:30 ~ 18:30,,2026-08-20,https://www.work24.go.kr/wk/a/b/1500/empDetailAuthView.do?wantedAuthNo=K172322607270002&infoTypeCd=VALIDATION&infoTypeGroup=tb_workinfoworknet,회계/CPA
회계법인,오늘회계법인(본점) 기장결산 담당자 채용공고,오늘회계법인,서울 강남구,회사내규에 따름,경력1년 학력무관,주5일,,2026-08-19,https://www.work24.go.kr/wk/a/b/1500/empDetailAuthView.do?wantedAuthNo=54510706&infoTypeCd=CSI&infoTypeGroup=tb_workinfogubun,회계/CPA
회계법인,[외투법인] General Accounting - 과장급,커리어서포트,서울 동대문구,회사내규에 따름,경력9년 대졸(4년),,,2026-08-26,https://www.work24.go.kr/wk/a/b/1500/empDetailAuthView.do?wantedAuthNo=2607270000055&infoTypeCd=CIN&infoTypeGroup=tb_workinfogubun,회계/CPA
회계법인,[회계법인 창천 중부지점] 신입직원 모집,회계법인 창천 중부지점,충남 천안시 동남구 등,"연봉 3,100 만원 ~ 3,100 만원",경력무관 대졸(2~3년),주5일,,2026-08-21,https://www.work24.go.kr/wk/a/b/1500/empDetailAuthView.do?wantedAuthNo=54572340&infoTypeCd=CSI&infoTypeGroup=tb_workinfogubun,회계/CPA
회계법인,[회계법인 창천 서부지점] 기장업무 신입직원 모집,회계법인창천서부지점,충남 보령시,"연봉 3,100 만원 ~ 3,100 만원",신입 대졸(2~3년),,,2026-08-21,https://www.work24.go.kr/wk/a/b/1500/empDetailAuthView.do?wantedAuthNo=54572446&infoTypeCd=CSI&infoTypeGroup=tb_workinfogubun,회계/CPA
회계법인,[삼덕회계법인] 기장 및 세무신고 직원,삼덕회계법인,서울 종로구,회사내규에 따름,경력2년 대졸(2~3년),주5일,,2026-08-23,https://www.work24.go.kr/wk/a/b/1500/empDetailAuthView.do?wantedAuthNo=54552334&infoTypeCd=CSI&infoTypeGroup=tb_workinfogubun,회계/CPA
회계법인,회계법인 기장대리 신입 모집,인성회계법인강원사업본부,강원 춘천시,"연봉 2,592 만원 ~ 2,592 만원",신입 대졸(4년),,,2026-09-22,https://www.work24.go.kr/wk/a/b/1500/empDetailAuthView.do?wantedAuthNo=54552850&infoTypeCd=CSI&infoTypeGroup=tb_workinfogubun,회계/CPA
회계법인,회계법인상지원에서 경력1년 이상차 구인합니다.,회계법인 상지원,서울 강남구,회사내규에 따름,경력1년 고졸,주5일,,2026-08-23,https://www.work24.go.kr/wk/a/b/1500/empDetailAuthView.do?wantedAuthNo=2607240001125&infoTypeCd=CIN&infoTypeGroup=tb_workinfogubun,회계/CPA
회계법인,[회계법인 영]회계법인/세무회계 사무실 경력직 직원 채용,회계법인영,부산 해운대구,회사내규에 따름,경력2년 대졸(2~3년),주5일,,2099-01-01,https://www.work24.go.kr/wk/a/b/1500/empDetailAuthView.do?wantedAuthNo=54556334&infoTypeCd=CSI&infoTypeGroup=tb_workinfogubun,회계/CPA
회계법인,[회계법인 상지원] 경력자 구인 1년이상 5년 이하,회계법인상지원,서울 강남구,회사내규에 따름,경력1년 고졸,주5일,,2026-08-23,https://www.work24.go.kr/wk/a/b/1500/empDetailAuthView.do?wantedAuthNo=54558679&infoTypeCd=CSI&infoTypeGroup=tb_workinfogubun,회계/CPA
회계법인,기장 경력 직원 구합니다. - 정현회계법인 영등포,정현회계법인,서울 영등포구,회사내규에 따름,경력3년 학력무관,주5일,,2026-08-22,https://www.work24.go.kr/wk/a/b/1500/empDetailAuthView.do?wantedAuthNo=54539719&infoTypeCd=CSI&infoTypeGroup=tb_workinfogubun,회계/CPA
회계법인,[지수회계법인] 비즈넵케어 기장 담당자 모십니다.,지수회계법인,서울 등,회사내규에 따름,경력1년 학력무관,주5일,,2026-08-22,https://www.work24.go.kr/wk/a/b/1500/empDetailAuthView.do?wantedAuthNo=54541419&infoTypeCd=CSI&infoTypeGroup=tb_workinfogubun,회계/CPA
회계법인,무주덕유산반딧골영농조합법인 사무경리회계 담당자를 찾고 있어요,무주덕유산반딧골영농조합법인,대전 등,월급 300 만원 ~ 300 만원,경력2년 고졸,주5일,,2099-01-01,https://www.work24.go.kr/wk/a/b/1500/empDetailAuthView.do?wantedAuthNo=54547029&infoTypeCd=CSI&infoTypeGroup=tb_workinfogubun,회계/CPA
회계법인,세무법인 백두(본점) 회계직원 채용 공고입니다,세무법인 백두,경기도 부천시 원미구,"연봉 3,000 만원 ~ 4,500 만원 상여별도 200%",경력1년 학력무관,주5일 주 35시간 근로,,2026-09-19,https://www.work24.go.kr/wk/a/b/1500/empDetailAuthView.do?wantedAuthNo=K151232607220008&infoTypeCd=VALIDATION&infoTypeGroup=tb_workinfoworknet,회계/CPA
회계법인,[신입] 경복회계법인 기장팀 신입사원 채용,경복회계법인,서울 강남구,"연봉 2,589 만원 ~ 2,589 만원",신입 고졸,,,2099-12-31,https://www.work24.go.kr/wk/a/b/1500/empDetailAuthView.do?wantedAuthNo=54528475&infoTypeCd=CSI&infoTypeGroup=tb_workinfogubun,회계/CPA
회계법인,삼성회계법인 세무기장 경력 채용 공고,삼성회계법인,경기 안산시 단원구 등,회사내규에 따름,경력3년 학력무관,,,2026-08-20,https://www.work24.go.kr/wk/a/b/1500/empDetailAuthView.do?wantedAuthNo=54518975&infoTypeCd=CSI&infoTypeGroup=tb_workinfogubun,회계/CPA
회계법인,[삼덕회계법인] 기장 및 세무신고 직원 모집,삼덕회계법인,서울 종로구,회사내규에 따름,경력2년 대졸(2~3년),주5일,,2026-08-20,https://www.work24.go.kr/wk/a/b/1500/empDetailAuthView.do?wantedAuthNo=54520816&infoTypeCd=CSI&infoTypeGroup=tb_workinfogubun,회계/CPA
회계법인,세무법인 회계결산 사무원 경력직 채용(정규직) (세무사사무실),드림세무법인,인천 연수구,회사내규에 따름,경력2년 학력무관,주5일,,2026-09-19,https://www.work24.go.kr/wk/a/b/1500/empDetailAuthView.do?wantedAuthNo=54522637&infoTypeCd=CSI&infoTypeGroup=tb_workinfogubun,회계/CPA
회계법인,[회계법인 예다움 서초분실] 기장 세무대리 신입 및 경력 채용,회계법인예다움,서울 서초구 등,"연봉 2,600 만원 ~ 2,600 만원",신입/경력 대졸(2~3년),주5일,,2026-08-19,https://www.work24.go.kr/wk/a/b/1500/empDetailAuthView.do?wantedAuthNo=51282101&infoTypeCd=CJK&infoTypeGroup=tb_workinfogubun,회계/CPA
회계법인,기장 경력 직원 구합니다. - 정현회계법인 영등포역,정현회계법인,서울 영등포구,회사내규에 따름,경력3년 학력무관,주5일,,2026-08-19,https://www.work24.go.kr/wk/a/b/1500/empDetailAuthView.do?wantedAuthNo=54506999&infoTypeCd=CSI&infoTypeGroup=tb_workinfogubun,회계/CPA
회계법인,[오늘회계법인 삼성선릉 본점] 세무기장조정 담당자 채용공고,오늘회계법인,서울 강남구,회사내규에 따름,경력 학력무관,주5일,,2026-08-31,https://www.work24.go.kr/wk/a/b/1500/empDetailAuthView.do?wantedAuthNo=51285796&infoTypeCd=CJK&infoTypeGroup=tb_workinfogubun,회계/CPA
회계법인,[정규직][사세확장] [신입] 대구 오늘회계법인 세무직원,오늘회계법인,대구 동구,월급 230 만원 ~ 230 만원,경력무관 학력무관,주5일,,2026-08-17,https://www.work24.go.kr/wk/a/b/1500/empDetailAuthView.do?wantedAuthNo=54497599&infoTypeCd=CSI&infoTypeGroup=tb_workinfogubun,회계/CPA
회계법인,"회계법인보명에서 함께 일해요(신입, 부산 근무 가능자)",회계법인보명,부산 수영구,"연봉 3,000 만원 ~ 3,000 만원",신입 학력무관,,,2026-08-16,https://www.work24.go.kr/wk/a/b/1500/empDetailAuthView.do?wantedAuthNo=54494637&infoTypeCd=CSI&infoTypeGroup=tb_workinfogubun,회계/CPA
회계법인,가은회계법인 강남지점에서 근무 세무사(2년차 이상)를 모십니다,가은회계법인 강남지점,서울 강남구,회사내규에 따름,경력2년 학력무관,,,2026-09-14,https://www.work24.go.kr/wk/a/b/1500/empDetailAuthView.do?wantedAuthNo=54485116&infoTypeCd=CSI&infoTypeGroup=tb_workinfogubun,회계/CPA
회계법인,[삼일회계법인] IFRS 18호 SAP 영향 자문 컨설턴트 경력직 ...,삼일회계법인,서울 용산구,회사내규에 따름,경력5년 대졸(4년),,,2099-01-01,https://www.work24.go.kr/wk/a/b/1500/empDetailAuthView.do?wantedAuthNo=2607160002369&infoTypeCd=CIN&infoTypeGroup=tb_workinfogubun,회계/CPA
회계법인,회계법인보명에서 함께 일해요(경력직),회계법인보명,부산 수영구,"연봉 4,000 만원 ~ 4,000 만원",경력5년 학력무관,,,2026-08-15,https://www.work24.go.kr/wk/a/b/1500/empDetailAuthView.do?wantedAuthNo=54486283&infoTypeCd=CSI&infoTypeGroup=tb_workinfogubun,회계/CPA
회계법인,세무법인서광(강동지점) 세무·회계 경력직 채용 공고,세무법인서광(강동지점),서울 강동구,회사내규에 따름,경력2년 학력무관,,,2026-09-14,https://www.work24.go.kr/wk/a/b/1500/empDetailAuthView.do?wantedAuthNo=54486435&infoTypeCd=CSI&infoTypeGroup=tb_workinfogubun,회계/CPA
회계법인,선진회계법인에서 재무회계 담당자를 찾고 있어요,선진회계법인,서울 강남구,회사내규에 따름,경력2년 학력무관,,,2026-08-15,https://www.work24.go.kr/wk/a/b/1500/empDetailAuthView.do?wantedAuthNo=54487760&infoTypeCd=CSI&infoTypeGroup=tb_workinfogubun,회계/CPA
회계법인,선진회계법인에서 재무회계(세무기장) 담당자를 찾고 있어요,선진회계법인,서울 강남구,회사내규에 따름,경력2년 학력무관,,,2026-08-15,https://www.work24.go.kr/wk/a/b/1500/empDetailAuthView.do?wantedAuthNo=54487806&infoTypeCd=CSI&infoTypeGroup=tb_workinfogubun,회계/CPA
회계법인,프렌즈세무법인 회계·세무 경력 채용 공고,프렌즈세무법인,서울 등,"연봉 4,000 만원 ~ 4,000 만원",경력5년 학력무관,,,2026-09-14,https://www.work24.go.kr/wk/a/b/1500/empDetailAuthView.do?wantedAuthNo=54491294&infoTypeCd=CSI&infoTypeGroup=tb_workinfogubun,회계/CPA
회계법인,제조법인 회계/결산/원가/예산/ERP/더존 전문가를 모십니다.,(주)제이앤에이취프레스,경기 시흥시,"연봉 7,000 만원 ~ 7,000 만원",경력5년 대졸(4년),주5일,,2026-08-14,https://www.work24.go.kr/wk/a/b/1500/empDetailAuthView.do?wantedAuthNo=54470113&infoTypeCd=CSI&infoTypeGroup=tb_workinfogubun,회계/CPA
회계법인,세무법인삼덕 회계사무원 경력 채용 공고,세무법인삼덕,경기 부천시,월급 300 만원 ~ 300 만원,경력3년 고졸,주5일,,2026-08-14,https://www.work24.go.kr/wk/a/b/1500/empDetailAuthView.do?wantedAuthNo=54477451&infoTypeCd=CSI&infoTypeGroup=tb_workinfogubun,회계/CPA
회계법인,"성장하는 기업, (주)금샘홀딩스에서 법인회계 경리사무원을 모집합니다...",주식회사 금샘홀딩스,부산광역시 수영구 민락로13번길,"연봉 3,000 만원 ~ 3,500 만원",경력3년 학력무관,주5일 주 40시간 근로 09:00 ~ 18:00,,2026-09-13,https://www.work24.go.kr/wk/a/b/1500/empDetailAuthView.do?wantedAuthNo=K130112607140072&infoTypeCd=VALIDATION&infoTypeGroup=tb_workinfoworknet,회계/CPA
회계법인,[경력] 경복회계법인 기장직원 수시채용,경복회계법인,서울 강남구,회사내규에 따름,경력2년 고졸,,,2026-08-13,https://www.work24.go.kr/wk/a/b/1500/empDetailAuthView.do?wantedAuthNo=54456411&infoTypeCd=CSI&infoTypeGroup=tb_workinfogubun,회계/CPA
회계법인,[서초분실] 회계법인예다움 세무기장 신입 및 경력직 채용,회계법인예다움,서울 서초구,회사내규에 따름,신입/경력3년 대졸(2~3년),주5일,,2026-08-13,https://www.work24.go.kr/wk/a/b/1500/empDetailAuthView.do?wantedAuthNo=54458982&infoTypeCd=CSI&infoTypeGroup=tb_workinfogubun,회계/CPA
회계법인,[법무법인 나우] 회계 직원 채용,나우,울산 남구,월급 220 만원 ~ 220 만원,경력무관 대졸(2~3년),,,2026-09-12,https://www.work24.go.kr/wk/a/b/1500/empDetailAuthView.do?wantedAuthNo=54459029&infoTypeCd=CSI&infoTypeGroup=tb_workinfogubun,회계/CPA
회계법인,지성회계법인 경력직 회계사무원 모집합니다.,지성회계법인,대구광역시 남구 대명로,"연봉 3,800 만원 ~ 4,500 만원",경력5년 학력무관,주5일 주 40시간 근로 09:00 ~ 18:00,,2026-09-12,https://www.work24.go.kr/wk/a/b/1500/empDetailAuthView.do?wantedAuthNo=K140022607130057&infoTypeCd=VALIDATION&infoTypeGroup=tb_workinfoworknet,회계/CPA
회계법인,회계사무실 경력직 채용 (신영회계법인 부산사무실),신영회계법인,부산 해운대구,회사내규에 따름,경력3년 학력무관,,,2099-01-01,https://www.work24.go.kr/wk/a/b/1500/empDetailAuthView.do?wantedAuthNo=54449843&infoTypeCd=CSI&infoTypeGroup=tb_workinfogubun,회계/CPA
애널리스트,[코스피-신용평가업체] 데이터 애널리스트,파워에이치알,서울 영등포구,회사내규에 따름,신입/경력 대졸(4년),주5일,,2026-09-03,https://www.work24.go.kr/wk/a/b/1500/empDetailAuthView.do?wantedAuthNo=2608040004459&infoTypeCd=CIN&infoTypeGroup=tb_workinfogubun,애널리스트
애널리스트,[Data Analytics팀] 데이터 애널리스트 (시니어) 채용 ...,교보라이프플래닛생명보험,서울 용산구,회사내규에 따름,경력무관 석사,,,2099-01-01,https://www.work24.go.kr/wk/a/b/1500/empDetailAuthView.do?wantedAuthNo=561683&infoTypeCd=CAT&infoTypeGroup=tb_workinfogubun,애널리스트
Analyst,Finance Analyst (Intercompany Billing...,한온시스템,경기 성남시 분당구,회사내규에 따름,경력 대졸(4년) ~ 박사,,,2026-08-14,https://www.work24.go.kr/wk/a/b/1500/empDetailAuthView.do?wantedAuthNo=172821&infoTypeCd=OEW&infoTypeGroup=tb_workinfoopen,애널리스트
Analyst,Financial Analyst Manager (부장/이사급) -...,피플워크(주),서울 강남구,회사내규에 따름,경력10년 대졸(4년),주5일,,2099-01-01,https://www.work24.go.kr/wk/a/b/1500/empDetailAuthView.do?wantedAuthNo=2607300001882&infoTypeCd=CIN&infoTypeGroup=tb_workinfogubun,애널리스트
Analyst,"[MUFG] Systems Planning, Senior Busin...",(주)엠유에프지은행,서울 중구,회사내규에 따름,경력7년 대졸(4년),,,2026-08-29,https://www.work24.go.kr/wk/a/b/1500/empDetailAuthView.do?wantedAuthNo=54608575&infoTypeCd=CSI&infoTypeGroup=tb_workinfogubun,애널리스트
Analyst,[Data팀] Data Analyst (데이터 분석가),㈜아이샵케어,서울 강남구,회사내규에 따름,경력3년 학력무관,,,2026-09-22,https://www.work24.go.kr/wk/a/b/1500/empDetailAuthView.do?wantedAuthNo=51313698&infoTypeCd=CJK&infoTypeGroup=tb_workinfogubun,애널리스트
Analyst,[허드슨리서치파트너스] Research Analyst 채용,㈜허드슨리서치파트너스,서울 중구 등,회사내규에 따름,경력무관 대졸(4년),주5일,,2026-08-22,https://www.work24.go.kr/wk/a/b/1500/empDetailAuthView.do?wantedAuthNo=51303920&infoTypeCd=CJK&infoTypeGroup=tb_workinfogubun,애널리스트
Analyst,[방산] MRO사업부 IPS Engineer / Data Analyst...,한화시스템,서울,회사내규에 따름,경력무관 석사,,,2026-08-09,https://www.work24.go.kr/wk/a/b/1500/empDetailAuthView.do?wantedAuthNo=562835&infoTypeCd=CAT&infoTypeGroup=tb_workinfogubun,애널리스트
Analyst,[패스오더] Data Analyst(산업기능요원/보충역/전직),,,회사내규에 따름,,,,2026-09-19,https://www.work24.go.kr/wk/a/b/1500/empDetailAuthView.do?wantedAuthNo=2000001446893&infoTypeCd=MMA&infoTypeGroup=tb_workinfomma,애널리스트
Analyst,Business Analyst,스마트오에스씨코리아(유),서울 영등포구,회사내규에 따름,경력무관 대졸(4년),,,2026-08-15,https://www.work24.go.kr/wk/a/b/1500/empDetailAuthView.do?wantedAuthNo=54488759&infoTypeCd=CSI&infoTypeGroup=tb_workinfogubun,애널리스트
Analyst,[닐슨아이큐코리아] Senior Data Scientist(Stat...,닐슨아이큐서비스코리아(유),서울 중구,회사내규에 따름,경력6년 대졸(4년),,,2026-08-12,https://www.work24.go.kr/wk/a/b/1500/empDetailAuthView.do?wantedAuthNo=54445934&infoTypeCd=CSI&infoTypeGroup=tb_workinfogubun,애널리스트
Analyst,Finance Analyst,에너자이저코리아(주),서울 강남구,회사내규에 따름,경력5년 대졸(4년),주5일,,2099-01-01,https://www.work24.go.kr/wk/a/b/1500/empDetailAuthView.do?wantedAuthNo=54446710&infoTypeCd=CSI&infoTypeGroup=tb_workinfogubun,애널리스트
Analyst,[슈나이더 일렉트릭] Sales Operations Analyst,슈나이더일렉트릭코리아(주),서울 강서구,회사내규에 따름,경력2년 대졸(4년),,,2026-09-11,https://www.work24.go.kr/wk/a/b/1500/empDetailAuthView.do?wantedAuthNo=54451217&infoTypeCd=CSI&infoTypeGroup=tb_workinfogubun,애널리스트
Analyst,[글로벌소비재/외국계] Treasury Analyst (경력 2-5...,에이피써치,서울 강남구,회사내규에 따름,경력2년 대졸(4년),,,2099-01-01,https://www.work24.go.kr/wk/a/b/1500/empDetailAuthView.do?wantedAuthNo=2607100001060&infoTypeCd=CIN&infoTypeGroup=tb_workinfogubun,애널리스트
Analyst,[외국계보험사/여의도]Operations Analyst 경력 채용,㈜에이젝코리아,서울 영등포구,"연봉 3,000 만원 ~ 4,500 만원",경력무관 대졸(4년),주5일,,2026-08-05,https://www.work24.go.kr/wk/a/b/1500/empDetailAuthView.do?wantedAuthNo=51205343&infoTypeCd=CJK&infoTypeGroup=tb_workinfogubun,애널리스트
Analyst,Sr Data Analyst (Eats Analytics),쿠팡,서울 강남구,회사내규에 따름,경력 학력무관,,,2099-12-31,https://www.work24.go.kr/wk/a/b/1500/empDetailAuthView.do?wantedAuthNo=310575&infoTypeCd=CWT&infoTypeGroup=tb_workinfogubun,애널리스트
Analyst,[미리디] 데이터 분석가 (Data Analyst),㈜미리디,서울 구로구,회사내규에 따름,경력2년 학력무관,주5일,,2026-09-01,https://www.work24.go.kr/wk/a/b/1500/empDetailAuthView.do?wantedAuthNo=51188243&infoTypeCd=CJK&infoTypeGroup=tb_workinfogubun,애널리스트
Analyst,Data Analyst Lead,아임웹,서울 강남구,회사내규에 따름,경력 학력무관,,,2099-12-31,https://www.work24.go.kr/wk/a/b/1500/empDetailAuthView.do?wantedAuthNo=359001&infoTypeCd=CWT&infoTypeGroup=tb_workinfogubun,애널리스트
Analyst,Business Data Analyst (5년 이상),스푼랩스,서울 강남구,회사내규에 따름,경력5년 학력무관,,,2099-01-01,https://www.work24.go.kr/wk/a/b/1500/empDetailAuthView.do?wantedAuthNo=54350730&infoTypeCd=CSI&infoTypeGroup=tb_workinfogubun,애널리스트
Analyst,Actuarial Analyst 채용,메트라이프생명보험,서울 강남구,회사내규에 따름,경력무관 대졸(4년),,,2099-01-01,https://www.work24.go.kr/wk/a/b/1500/empDetailAuthView.do?wantedAuthNo=559720&infoTypeCd=CAT&infoTypeGroup=tb_workinfogubun,애널리스트
Analyst,데이터 분석가 Data Analyst (5년 이상),플레이링스,경기 성남시,회사내규에 따름,경력 학력무관,,,2099-12-31,https://www.work24.go.kr/wk/a/b/1500/empDetailAuthView.do?wantedAuthNo=371340&infoTypeCd=CWT&infoTypeGroup=tb_workinfogubun,애널리스트
Analyst,유럽계 · 인알파코리아 재무팀 Financial Analyst 채용,인알파코리아(주),경기 화성시,회사내규에 따름,경력3년 대졸(4년),,,2026-08-25,https://www.work24.go.kr/wk/a/b/1500/empDetailAuthView.do?wantedAuthNo=54289027&infoTypeCd=CSI&infoTypeGroup=tb_workinfogubun,애널리스트
Analyst,Business Analyst (BA),마티니아이오,서울 서초구,회사내규에 따름,경력 학력무관,,,2099-12-31,https://www.work24.go.kr/wk/a/b/1500/empDetailAuthView.do?wantedAuthNo=362156&infoTypeCd=CWT&infoTypeGroup=tb_workinfogubun,애널리스트
Analyst,Product Data Analyst,씨제이올리브영(CJ올리브영),서울 용산구,회사내규에 따름,경력 학력무관,,,2099-12-31,https://www.work24.go.kr/wk/a/b/1500/empDetailAuthView.do?wantedAuthNo=351569&infoTypeCd=CWT&infoTypeGroup=tb_workinfogubun,애널리스트
Analyst,Data Analyst,엘박스,서울 강남구,회사내규에 따름,경력 학력무관,,,2099-12-31,https://www.work24.go.kr/wk/a/b/1500/empDetailAuthView.do?wantedAuthNo=276386&infoTypeCd=CWT&infoTypeGroup=tb_workinfogubun,애널리스트
Analyst,[아이디어스] Data Analyst (7년 이상),백패커,서울 서초구,회사내규에 따름,경력 학력무관,,,2099-12-31,https://www.work24.go.kr/wk/a/b/1500/empDetailAuthView.do?wantedAuthNo=362157&infoTypeCd=CWT&infoTypeGroup=tb_workinfogubun,애널리스트
Analyst,Social Listening Specialist / Data Analyst...,시너지버슨,서울 종로구,회사내규에 따름,경력 학력무관,,,2099-12-31,https://www.work24.go.kr/wk/a/b/1500/empDetailAuthView.do?wantedAuthNo=365696&infoTypeCd=CWT&infoTypeGroup=tb_workinfogubun,애널리스트
Analyst,Data Analyst,번개장터,서울 서초구,회사내규에 따름,경력 학력무관,,,2099-12-31,https://www.work24.go.kr/wk/a/b/1500/empDetailAuthView.do?wantedAuthNo=342694&infoTypeCd=CWT&infoTypeGroup=tb_workinfogubun,애널리스트
Analyst,FP&A Analyst,아이리스브라이트,서울 강남구,회사내규에 따름,경력 학력무관,,,2099-12-31,https://www.work24.go.kr/wk/a/b/1500/empDetailAuthView.do?wantedAuthNo=366668&infoTypeCd=CWT&infoTypeGroup=tb_workinfogubun,애널리스트
Analyst,Staff Data Analyst (Coupang Logistics...,쿠팡,서울 광진구,회사내규에 따름,경력 학력무관,,,2099-12-31,https://www.work24.go.kr/wk/a/b/1500/empDetailAuthView.do?wantedAuthNo=366729&infoTypeCd=CWT&infoTypeGroup=tb_workinfogubun,애널리스트
크레딧,크레딧마켓부 신입/경력 직원 채용,부국증권,서울 영등포구,회사내규에 따름,경력무관 대졸(2~3년),,,2026-08-05,https://www.work24.go.kr/wk/a/b/1500/empDetailAuthView.do?wantedAuthNo=562782&infoTypeCd=CAT&infoTypeGroup=tb_workinfogubun,애널리스트
크레딧,(주)조이크레디트대부금융 신입/경력직 사원 모집,(주)조이크레디트대부금융,서울 강남구,회사내규에 따름,경력무관 대졸(2~3년),주5일,,2026-08-13,https://www.work24.go.kr/wk/a/b/1500/empDetailAuthView.do?wantedAuthNo=54461771&infoTypeCd=CSI&infoTypeGroup=tb_workinfogubun,애널리스트
크레딧,사업 운영 인턴(크레딧 · B2B 플랫폼),패스트파이브,서울 강남구,회사내규에 따름,경력무관 학력무관,,,2099-01-01,https://www.work24.go.kr/wk/a/b/1500/empDetailAuthView.do?wantedAuthNo=560649&infoTypeCd=CAT&infoTypeGroup=tb_workinfogubun,애널리스트
크레딧,백엔드 개발자 (크레딧·정산),패스트파이브,서울 강남구,회사내규에 따름,경력 학력무관,,,2099-12-31,https://www.work24.go.kr/wk/a/b/1500/empDetailAuthView.do?wantedAuthNo=363764&infoTypeCd=CWT&infoTypeGroup=tb_workinfogubun,애널리스트
크레딧,[가산] [구로] 데이터크레딧 경력 UI/UX 디자이너 채용,데이터크레딧,서울 금천구,회사내규에 따름,경력무관 대졸(4년),주5일,,2099-12-31,https://www.work24.go.kr/wk/a/b/1500/empDetailAuthView.do?wantedAuthNo=54254674&infoTypeCd=CSI&infoTypeGroup=tb_workinfogubun,애널리스트
크레딧,[가산] [구로] 데이터크레딧 경력 개발자 채용,데이터크레딧,서울 금천구,회사내규에 따름,경력무관 대졸(4년),주5일,,2099-12-31,https://www.work24.go.kr/wk/a/b/1500/empDetailAuthView.do?wantedAuthNo=54254709&infoTypeCd=CSI&infoTypeGroup=tb_workinfogubun,애널리스트
크레딧,크레딧 사업 PO (Product Owner),패스트파이브,지역무관,회사내규에 따름,경력 학력무관,,,2099-12-31,https://www.work24.go.kr/wk/a/b/1500/empDetailAuthView.do?wantedAuthNo=366920&infoTypeCd=CWT&infoTypeGroup=tb_workinfogubun,애널리스트
증권,정보보안 (IT Security),한온시스템,경기 성남시 분당구,회사내규에 따름,경력 대졸(4년) ~ 박사,,,2026-08-12,https://www.work24.go.kr/wk/a/b/1500/empDetailAuthView.do?wantedAuthNo=172819&infoTypeCd=OEW&infoTypeGroup=tb_workinfoopen,증권
증권,"[토스씨엑스] 토스증권 , 토스앱 인바운드 정규직 상담원 모집 (정...",토스씨엑스,서울 구로구,"연봉 3,090 만원 ~ 3,090 만원",신입/경력 학력무관,,,2026-09-04,https://www.work24.go.kr/wk/a/b/1500/empDetailAuthView.do?wantedAuthNo=2608050001123&infoTypeCd=CIN&infoTypeGroup=tb_workinfogubun,증권
증권,[F&U신용정보] 비대면 증권사 인바운드 상담사 모집,F&U신용정보,서울 영등포구,월급 265 만원 ~ 265 만원,경력무관 학력무관,주5일,,2026-09-03,https://www.work24.go.kr/wk/a/b/1500/empDetailAuthView.do?wantedAuthNo=51373515&infoTypeCd=CJK&infoTypeGroup=tb_workinfogubun,증권
증권,[토스증권] Product Operations Specialist ...,비바리퍼블리카,서울 강남구,회사내규에 따름,경력무관 학력무관,,,2099-01-01,https://www.work24.go.kr/wk/a/b/1500/empDetailAuthView.do?wantedAuthNo=564581&infoTypeCd=CAT&infoTypeGroup=tb_workinfogubun,증권
증권,[토스증권] Product Operations Specialist ...,비바리퍼블리카,서울 강남구,회사내규에 따름,경력무관 학력무관,,,2099-01-01,https://www.work24.go.kr/wk/a/b/1500/empDetailAuthView.do?wantedAuthNo=564583&infoTypeCd=CAT&infoTypeGroup=tb_workinfogubun,증권
증권,[8월/경력/수원] Product Security Engineer ...,에스디바이오센서,경기 수원시 영통구 등,회사내규에 따름,경력 학력무관,,,2026-08-17,https://www.work24.go.kr/wk/a/b/1500/empDetailAuthView.do?wantedAuthNo=218548-262013&infoTypeCd=MIT&infoTypeGroup=tb_workinfogubun,증권
증권,iM증권 리서치 체험형 인턴 채용,아이엠증권,서울 영등포구,회사내규에 따름,경력무관 대졸(4년),,,2026-08-09,https://www.work24.go.kr/wk/a/b/1500/empDetailAuthView.do?wantedAuthNo=564527&infoTypeCd=CAT&infoTypeGroup=tb_workinfogubun,증권
증권,[F&U신용정보] 비대면 증권사 인바운드 상담사 채용,F&U신용정보,서울 영등포구 등,월급 265 만원 ~ 265 만원,경력무관 학력무관,주5일,,2026-08-17,https://www.work24.go.kr/wk/a/b/1500/empDetailAuthView.do?wantedAuthNo=51352730&infoTypeCd=CJK&infoTypeGroup=tb_workinfogubun,증권
증권,☆KT텔레캅 SG(Security Guard)사원 채용☆ [일자...,케이티텔레캅주식회사,서울특별시 강남구 테헤란로25길,"연봉 4,400 만원 ~ 4,400 만원 상여별도 200%",경력무관 고졸 ~ 대졸(4년),주5일 주 40시간 근로,,2026-08-17,https://www.work24.go.kr/wk/a/b/1500/empDetailAuthView.do?wantedAuthNo=K120612607300002&infoTypeCd=VALIDATION&infoTypeGroup=tb_workinfoworknet,증권
증권,컨설팅부문 Cyber Security 경력직 컨설턴트,한영회계법인,서울 영등포구,회사내규에 따름,경력5년 대졸(4년),,,2026-08-13,https://www.work24.go.kr/wk/a/b/1500/empDetailAuthView.do?wantedAuthNo=54605713&infoTypeCd=CSI&infoTypeGroup=tb_workinfogubun,증권
증권,[기획자/8~9개월] 증권사 MTS 고급 기획자 모집,(주)디자인그룹나인,서울 중구,월급 600 만원 ~ 600 만원,경력9년 학력무관,,,2099-01-01,https://www.work24.go.kr/wk/a/b/1500/empDetailAuthView.do?wantedAuthNo=2607290003389&infoTypeCd=CIN&infoTypeGroup=tb_workinfogubun,증권
증권,컨설팅부문 Cyber Security 경력직 컨설턴트 채용,한영회계법인,서울,회사내규에 따름,경력무관 학력무관,,,2026-08-13,https://www.work24.go.kr/wk/a/b/1500/empDetailAuthView.do?wantedAuthNo=563812&infoTypeCd=CAT&infoTypeGroup=tb_workinfogubun,증권
증권,[차고지: 둔촌역 인근] 증권사 본사 임원 수행기사 채용,㈜예스콘씨에스,서울 영등포구,월급 299 만원 ~ 299 만원,경력8년 고졸,주5일,,2026-08-27,https://www.work24.go.kr/wk/a/b/1500/empDetailAuthView.do?wantedAuthNo=51328932&infoTypeCd=CJK&infoTypeGroup=tb_workinfogubun,증권
증권,여의도 하나증권 퇴직연금 개발 및 운영,위쉬정보기술㈜,서울 구로구,회사내규에 따름,경력무관 학력무관,주5일,,2026-08-26,https://www.work24.go.kr/wk/a/b/1500/empDetailAuthView.do?wantedAuthNo=51320435&infoTypeCd=CJK&infoTypeGroup=tb_workinfogubun,증권
증권,[KB증권] 유튜브/사내방송 제작 막내 스태프 채용,(주)리퍼블릭픽쳐스,서울 영등포구,회사내규에 따름,경력무관 대졸(2~3년),주5일,,2026-08-10,https://www.work24.go.kr/wk/a/b/1500/empDetailAuthView.do?wantedAuthNo=54571690&infoTypeCd=CSI&infoTypeGroup=tb_workinfogubun,증권
증권,정보보안 (IT Security) 채용,한온시스템,경기 성남시 분당구 등,회사내규에 따름,경력무관 대졸(4년),,,2026-08-12,https://www.work24.go.kr/wk/a/b/1500/empDetailAuthView.do?wantedAuthNo=563216&infoTypeCd=CAT&infoTypeGroup=tb_workinfogubun,증권
증권,[주5일] 하나증권여의도점 조리원 모집,(주)예스콘씨에스,서울특별시 영등포구 의사당대로,"시급 10,500 원 ~ 10,500 원",경력무관 학력무관,주5일 09:00 ~ 16:00,,2026-08-07,https://www.work24.go.kr/wk/a/b/1500/empDetailAuthView.do?wantedAuthNo=K120422607240023&infoTypeCd=VALIDATION&infoTypeGroup=tb_workinfoworknet,증권
증권,여의도[현대차증권빌딩] 설비과장,㈜아이비에스이엔엠,서울특별시 영등포구 국제금융로2길,월급 350 만원 ~ 350 만원,경력5년 학력무관,주5일 주 40시간 근로 08:30 ~ 17:30,,2026-09-22,https://www.work24.go.kr/wk/a/b/1500/empDetailAuthView.do?wantedAuthNo=K120032607240017&infoTypeCd=VALIDATION&infoTypeGroup=tb_workinfoworknet,증권
증권,[와이즈와이어즈] 증권사 경력 및 퇴직(예정)자 채용 (SW 테스터...,와이즈와이어즈㈜,서울 성동구,회사내규에 따름,경력5년 대졸(2~3년),주5일,,2026-08-10,https://www.work24.go.kr/wk/a/b/1500/empDetailAuthView.do?wantedAuthNo=51309943&infoTypeCd=CJK&infoTypeGroup=tb_workinfogubun,증권
증권,여의도 우리투자증권 증권거래시스템 소리마치 HTS 개발,위쉬정보기술㈜,서울 구로구,회사내규에 따름,경력무관 학력무관,주5일,,2026-08-23,https://www.work24.go.kr/wk/a/b/1500/empDetailAuthView.do?wantedAuthNo=51315330&infoTypeCd=CJK&infoTypeGroup=tb_workinfogubun,증권
증권,[동원홈푸드/여의도역] 한국투자증권 구내식당 주방보조 모집,(주)아람인테크,서울특별시 영등포구 의사당대로,월급 148 만원 ~ 148 만원,경력무관 학력무관,주5일 주 27시간 근로 09:00 ~ 15:00,,2026-08-31,https://www.work24.go.kr/wk/a/b/1500/empDetailAuthView.do?wantedAuthNo=KF10982607230001&infoTypeCd=VALIDATION&infoTypeGroup=tb_workinfoworknet,증권
증권,유진투자증권 멀티금융팀 경력직원 채용,유진투자증권,서울 영등포구,회사내규에 따름,경력5년 대졸(4년),주5일,,2026-08-09,https://www.work24.go.kr/wk/a/b/1500/empDetailAuthView.do?wantedAuthNo=2607220003392&infoTypeCd=CIN&infoTypeGroup=tb_workinfogubun,증권
증권,[장애인전형/서울] 대형 증권사 환경 미화 인재 모집,나라에이치알,서울 서초구 등,회사내규에 따름,신입/경력 학력무관,주5일,,2026-08-10,https://www.work24.go.kr/wk/a/b/1500/empDetailAuthView.do?wantedAuthNo=2607230000344&infoTypeCd=CIN&infoTypeGroup=tb_workinfogubun,증권
증권,[증권사 상주] 네트워크 엔지니어 정규직 채용,㈜링네트,서울 중구,"연봉 4,200 만원 ~ 4,200 만원",경력3년 대졸(2~3년),주5일,,2026-09-21,https://www.work24.go.kr/wk/a/b/1500/empDetailAuthView.do?wantedAuthNo=51304040&infoTypeCd=CJK&infoTypeGroup=tb_workinfogubun,증권
증권,[유진투자증권] 멀티금융팀 경력직원 채용,유진그룹,서울 영등포구,회사내규에 따름,경력 학력무관,,,2026-08-09,https://www.work24.go.kr/wk/a/b/1500/empDetailAuthView.do?wantedAuthNo=331673-260931&infoTypeCd=MIT&infoTypeGroup=tb_workinfogubun,증권
증권,[카카오페이증권] 금융 사고 신고접수 및 지급정지 담당자 채용,㈜케이에스한국고용정보,경기 성남시 분당구 등,월급 250 만원 ~ 250 만원,경력 고졸,주5일,,2026-08-21,https://www.work24.go.kr/wk/a/b/1500/empDetailAuthView.do?wantedAuthNo=51295872&infoTypeCd=CJK&infoTypeGroup=tb_workinfogubun,증권
증권,(주)씽크풀 증권콘텐츠 B2B마케팅 신입 및 경력 채용,(주)씽크풀,서울 영등포구,회사내규에 따름,경력무관 대졸(4년),,,2026-09-20,https://www.work24.go.kr/wk/a/b/1500/empDetailAuthView.do?wantedAuthNo=54531128&infoTypeCd=CSI&infoTypeGroup=tb_workinfogubun,증권
증권,[국내 유명 증권사] Finance Manager (Treasury...,(주)피너클써치,서울,회사내규에 따름,경력6년 대졸(4년),주5일,,2099-01-01,https://www.work24.go.kr/wk/a/b/1500/empDetailAuthView.do?wantedAuthNo=2607220002136&infoTypeCd=CIN&infoTypeGroup=tb_workinfogubun,증권
증권,[국내 유명 증권사] 국내 주식 결제 및 권리 업무,(주)피너클써치,서울,회사내규에 따름,경력2년 대졸(2~3년),주5일,,2099-01-01,https://www.work24.go.kr/wk/a/b/1500/empDetailAuthView.do?wantedAuthNo=2607220002178&infoTypeCd=CIN&infoTypeGroup=tb_workinfogubun,증권
증권,[국내 유명 증권사] 해외주식 야간데스크 담당자,(주)피너클써치,서울,회사내규에 따름,경력3년 대졸(4년),주5일,,2099-01-01,https://www.work24.go.kr/wk/a/b/1500/empDetailAuthView.do?wantedAuthNo=2607220002285&infoTypeCd=CIN&infoTypeGroup=tb_workinfogubun,증권
증권,[국내 유명 증권사] 지점 업무 담당자,(주)피너클써치,서울,회사내규에 따름,경력2년 대졸(2~3년),주5일,,2099-01-01,https://www.work24.go.kr/wk/a/b/1500/empDetailAuthView.do?wantedAuthNo=2607220003355&infoTypeCd=CIN&infoTypeGroup=tb_workinfogubun,증권
증권,[신규오픈 / 1기채용] 하나증권 어플 이용문의 / 정착수당 별도,고려휴먼스㈜,서울 영등포구 등,월급 245 만원 ~ 255 만원,경력무관 학력무관,주5일,,2026-08-14,https://www.work24.go.kr/wk/a/b/1500/empDetailAuthView.do?wantedAuthNo=51283436&infoTypeCd=CJK&infoTypeGroup=tb_workinfogubun,증권
증권,[미친복지] 유명 증권사 단순 어플 상담원 모집,㈜메타엠,서울 마포구,회사내규에 따름,경력무관 고졸,주5일,,2026-08-05,https://www.work24.go.kr/wk/a/b/1500/empDetailAuthView.do?wantedAuthNo=51291527&infoTypeCd=CJK&infoTypeGroup=tb_workinfogubun,증권
증권,[정규/경력직] 주식 데이터 분석 및 증권 콘텐츠 운영,(주)루돌프랩스,서울 영등포구,회사내규에 따름,경력1년 대졸(2~3년),,,2026-08-19,https://www.work24.go.kr/wk/a/b/1500/empDetailAuthView.do?wantedAuthNo=54501684&infoTypeCd=CSI&infoTypeGroup=tb_workinfogubun,증권
증권,[반포역/정시퇴근] 대기업 증권사 리셉션 채용 (월240/주5일),서운에이치에스㈜,서울 서초구,월급 240 만원 ~ 240 만원,경력무관 고졸,주5일,,2026-08-19,https://www.work24.go.kr/wk/a/b/1500/empDetailAuthView.do?wantedAuthNo=51282816&infoTypeCd=CJK&infoTypeGroup=tb_workinfogubun,증권
증권,[Penta Security] 보안기술 엔지니어 담당자 채용,펜타시큐리티,서울 영등포구,회사내규에 따름,경력무관 학력무관,,,2026-08-30,https://www.work24.go.kr/wk/a/b/1500/empDetailAuthView.do?wantedAuthNo=561955&infoTypeCd=CAT&infoTypeGroup=tb_workinfogubun,증권
증권,[삼성증권 판교금융센터] 로비매니저 채용,㈜휴먼브릿지앤코,경기 성남시 분당구 등,월급 267 만원 ~ 267 만원,경력무관 학력무관,주5일,,2026-08-14,https://www.work24.go.kr/wk/a/b/1500/empDetailAuthView.do?wantedAuthNo=51262890&infoTypeCd=CJK&infoTypeGroup=tb_workinfogubun,증권
증권,[증권박물관] 이전 건립 건설공사 안전관리자 계약직 채용,에이치에스화성(주),서울 은평구,회사내규에 따름,경력3년 대졸(2~3년),,,2026-08-12,https://www.work24.go.kr/wk/a/b/1500/empDetailAuthView.do?wantedAuthNo=54446156&infoTypeCd=CSI&infoTypeGroup=tb_workinfogubun,증권
증권,[AB180] Endpoint Security Engineer (J...,에이비일팔공,서울 강남구,회사내규에 따름,신입 학력무관,,,2099-01-01,https://www.work24.go.kr/wk/a/b/1500/empDetailAuthView.do?wantedAuthNo=54449337&infoTypeCd=CSI&infoTypeGroup=tb_workinfogubun,증권
증권,[AB180] Information Security & Privac...,에이비일팔공,서울 강남구,회사내규에 따름,경력7년 학력무관,,,2026-08-12,https://www.work24.go.kr/wk/a/b/1500/empDetailAuthView.do?wantedAuthNo=54449388&infoTypeCd=CSI&infoTypeGroup=tb_workinfogubun,증권
증권,[AB180] Security & Privacy Team Lead,에이비일팔공,서울 강남구,회사내규에 따름,경력10년 학력무관,,,2099-01-01,https://www.work24.go.kr/wk/a/b/1500/empDetailAuthView.do?wantedAuthNo=54449439&infoTypeCd=CSI&infoTypeGroup=tb_workinfogubun,증권
증권,[월요신문] 금융증권부 · 산업부 취재기자 채용,(주)월요신문사,서울 마포구,회사내규에 따름,신입/경력7년 대졸(2~3년),주5일,,2099-12-31,https://www.work24.go.kr/wk/a/b/1500/empDetailAuthView.do?wantedAuthNo=54421767&infoTypeCd=CSI&infoTypeGroup=tb_workinfogubun,증권
증권,[차고지: 둔촌역 인근 / 마포역 인근] 증권사 본사 임원 수행기사...,㈜예스콘씨에스,서울 영등포구 등,월급 299 만원 ~ 299 만원,경력8년 고졸,주5일,,2026-08-07,https://www.work24.go.kr/wk/a/b/1500/empDetailAuthView.do?wantedAuthNo=51217609&infoTypeCd=CJK&infoTypeGroup=tb_workinfogubun,증권
증권,[정직원] 수출입화물보험(적하보험) 운영지원 및 증권 담당,유앤아이컴퍼니 보험대리점,서울 종로구,"연봉 3,000 만원 ~ 3,000 만원",경력무관 학력무관,주5일,,2026-08-07,https://www.work24.go.kr/wk/a/b/1500/empDetailAuthView.do?wantedAuthNo=54410262&infoTypeCd=CSI&infoTypeGroup=tb_workinfogubun,증권
증권,[정직원] 수출입화물보험(적하보험) 운영지원 및 증권 담당,(주)노피곰,서울 종로구,"연봉 3,000 만원 ~ 3,000 만원",경력무관 고졸,주5일,,2026-08-07,https://www.work24.go.kr/wk/a/b/1500/empDetailAuthView.do?wantedAuthNo=54410309&infoTypeCd=CSI&infoTypeGroup=tb_workinfogubun,증권
증권,[여의도] 증권사 본사 야간 보안원 모집,㈜고암,서울 영등포구,월급 300 만원 ~ 305 만원,경력무관 고졸,주5일,,2099-12-31,https://www.work24.go.kr/wk/a/b/1500/empDetailAuthView.do?wantedAuthNo=51197128&infoTypeCd=CJK&infoTypeGroup=tb_workinfogubun,증권
증권,[외국계기업/용인 처인구] Security Officer (주주야야...,시큐리타스코리아㈜,서울 강남구,"연봉 3,200 만원 ~ 3,200 만원",경력무관 고졸,기타,,2026-08-05,https://www.work24.go.kr/wk/a/b/1500/empDetailAuthView.do?wantedAuthNo=51198866&infoTypeCd=CJK&infoTypeGroup=tb_workinfogubun,증권
증권,[도곡역/정시퇴근] 대기업 증권사 리셉션 채용 (월240/주5일),서운에이치에스㈜,서울 강남구 등,월급 240 만원 ~ 240 만원,경력무관 고졸,주5일,,2026-08-05,https://www.work24.go.kr/wk/a/b/1500/empDetailAuthView.do?wantedAuthNo=51202602&infoTypeCd=CJK&infoTypeGroup=tb_workinfogubun,증권
증권,[Security] Security Engineering (5년 이...,위대한상상(요기요),지역무관,회사내규에 따름,경력 학력무관,,,2099-12-31,https://www.work24.go.kr/wk/a/b/1500/empDetailAuthView.do?wantedAuthNo=367250&infoTypeCd=CWT&infoTypeGroup=tb_workinfogubun,증권
증권,Security Solutions Engineer,팀스파르타,서울 강남구,회사내규에 따름,경력 학력무관,,,2099-12-31,https://www.work24.go.kr/wk/a/b/1500/empDetailAuthView.do?wantedAuthNo=372272&infoTypeCd=CWT&infoTypeGroup=tb_workinfogubun,증권
증권,(주)로카르비트 Offensive Security 컨설턴트 채용,(주)로카르비트,경기 과천시,회사내규에 따름,경력2년 대졸(2~3년),,,2026-09-01,https://www.work24.go.kr/wk/a/b/1500/empDetailAuthView.do?wantedAuthNo=54363289&infoTypeCd=CSI&infoTypeGroup=tb_workinfogubun,증권
증권,Cloud Security & Tech Leader,여기어때컴퍼니,서울 강남구,회사내규에 따름,경력 학력무관,,,2099-12-31,https://www.work24.go.kr/wk/a/b/1500/empDetailAuthView.do?wantedAuthNo=363433&infoTypeCd=CWT&infoTypeGroup=tb_workinfogubun,증권
증권,[토스증권] Product Operations Specialist ...,비바리퍼블리카,서울 강남구,회사내규에 따름,경력무관 학력무관,,,2026-08-25,https://www.work24.go.kr/wk/a/b/1500/empDetailAuthView.do?wantedAuthNo=558353&infoTypeCd=CAT&infoTypeGroup=tb_workinfogubun,증권
증권,Security Solutions Engineer 인턴,팀스파르타,서울 강남구,회사내규에 따름,경력무관 학력무관,,,2026-08-25,https://www.work24.go.kr/wk/a/b/1500/empDetailAuthView.do?wantedAuthNo=558220&infoTypeCd=CAT&infoTypeGroup=tb_workinfogubun,증권
증권,정보보안 팀장 (Security Lead),고위드,서울 강남구,회사내규에 따름,경력 학력무관,,,2099-12-31,https://www.work24.go.kr/wk/a/b/1500/empDetailAuthView.do?wantedAuthNo=369768&infoTypeCd=CWT&infoTypeGroup=tb_workinfogubun,증권
증권,[토스증권] Overseas Operations Specialist...,비바리퍼블리카,서울 강남구,회사내규에 따름,경력무관 학력무관,,,2026-08-28,https://www.work24.go.kr/wk/a/b/1500/empDetailAuthView.do?wantedAuthNo=558350&infoTypeCd=CAT&infoTypeGroup=tb_workinfogubun,증권
증권,Information Security Manager,여기어때컴퍼니,서울 강남구,회사내규에 따름,경력 학력무관,,,2099-12-31,https://www.work24.go.kr/wk/a/b/1500/empDetailAuthView.do?wantedAuthNo=336842&infoTypeCd=CWT&infoTypeGroup=tb_workinfogubun,증권
증권,Security Engineer,마키나락스,서울 서초구,회사내규에 따름,경력 학력무관,,,2099-12-31,https://www.work24.go.kr/wk/a/b/1500/empDetailAuthView.do?wantedAuthNo=370379&infoTypeCd=CWT&infoTypeGroup=tb_workinfogubun,증권
증권,[외국계기업/마포] Security Officer (주야비비),시큐리타스코리아㈜,서울 강남구 등,"연봉 3,200 만원 ~ 3,200 만원",경력무관 고졸,기타,,2026-08-23,https://www.work24.go.kr/wk/a/b/1500/empDetailAuthView.do?wantedAuthNo=51130519&infoTypeCd=CJK&infoTypeGroup=tb_workinfogubun,증권
증권,Network Security Engineer (SASE&CASB),무신사,서울 성동구,회사내규에 따름,경력 학력무관,,,2099-12-31,https://www.work24.go.kr/wk/a/b/1500/empDetailAuthView.do?wantedAuthNo=366283&infoTypeCd=CWT&infoTypeGroup=tb_workinfogubun,증권
증권,[Security] Web & Application Security...,위대한상상(요기요),지역무관,회사내규에 따름,경력 학력무관,,,2099-12-31,https://www.work24.go.kr/wk/a/b/1500/empDetailAuthView.do?wantedAuthNo=368845&infoTypeCd=CWT&infoTypeGroup=tb_workinfogubun,증권
증권,Security Engineer (엔드포인트 보안),무신사,서울 성동구,회사내규에 따름,경력 학력무관,,,2099-12-31,https://www.work24.go.kr/wk/a/b/1500/empDetailAuthView.do?wantedAuthNo=368894&infoTypeCd=CWT&infoTypeGroup=tb_workinfogubun,증권
증권,IT & Cloud Security Professional 채용,에이아이에이생명보험,서울 중구,회사내규에 따름,경력무관 학력무관,,,2099-01-01,https://www.work24.go.kr/wk/a/b/1500/empDetailAuthView.do?wantedAuthNo=559939&infoTypeCd=CAT&infoTypeGroup=tb_workinfogubun,증권
증권,현대차증권(여의도) 시설관리 총괄실장 모집공고,(주)아이비에스인더스트리,서울특별시 영등포구 국제금융로2길,월급 400 만원 이상,경력5년 학력무관,주5일 주 40시간 근로 08:30 ~ 17:30,,2026-08-10,https://www.work24.go.kr/wk/a/b/1500/empDetailAuthView.do?wantedAuthNo=K120032606110010&infoTypeCd=VALIDATION&infoTypeGroup=tb_workinfoworknet,증권
증권,Information Security Manager,에이비일팔공(AB180),서울 강남구,회사내규에 따름,경력 학력무관,,,2099-12-31,https://www.work24.go.kr/wk/a/b/1500/empDetailAuthView.do?wantedAuthNo=352495&infoTypeCd=CWT&infoTypeGroup=tb_workinfogubun,증권
증권,미래에셋증권 주안 건물관리원 모집공고,(주)아이비에스인더스트리,인천광역시 미추홀구 경인로,월급 228 만원 ~ 228 만원,경력무관 학력무관,주5일 주 40시간 근로,,2026-08-09,https://www.work24.go.kr/wk/a/b/1500/empDetailAuthView.do?wantedAuthNo=K120032606100034&infoTypeCd=VALIDATION&infoTypeGroup=tb_workinfoworknet,증권
증권,Frontend Engineer (React/Security),딥노이드(Deepnoid),서울 구로구,회사내규에 따름,경력 학력무관,,,2099-12-31,https://www.work24.go.kr/wk/a/b/1500/empDetailAuthView.do?wantedAuthNo=366999&infoTypeCd=CWT&infoTypeGroup=tb_workinfogubun,증권
증권,Staff Security Engineer (Penetration ...,쿠팡,서울 광진구,회사내규에 따름,경력 학력무관,,,2099-12-31,https://www.work24.go.kr/wk/a/b/1500/empDetailAuthView.do?wantedAuthNo=366782&infoTypeCd=CWT&infoTypeGroup=tb_workinfogubun,증권
증권,[DEEPNOID] Sales Manager (Security),㈜딥노이드,서울 구로구,회사내규에 따름,경력3년 대졸(4년),주5일,,2099-12-31,https://www.work24.go.kr/wk/a/b/1500/empDetailAuthView.do?wantedAuthNo=51035106&infoTypeCd=CJK&infoTypeGroup=tb_workinfogubun,증권
증권,[DEEPNOID] 과제책임자 (Security),(주)딥노이드,서울 구로구,회사내규에 따름,경력10년 대졸(4년),,,2099-01-01,https://www.work24.go.kr/wk/a/b/1500/empDetailAuthView.do?wantedAuthNo=54113000&infoTypeCd=CSI&infoTypeGroup=tb_workinfogubun,증권
자산운용,자산운용 펀드매니저 모집,지안자산운용주식회사,서울특별시 용산구 이태원로55길,"연봉 4,000 만원 ~ 4,000 만원",경력무관 학력무관,주5일 주 40시간 근로 08:30 ~ 17:30,,2026-08-07,https://www.work24.go.kr/wk/a/b/1500/empDetailAuthView.do?wantedAuthNo=K120312607220025&infoTypeCd=VALIDATION&infoTypeGroup=tb_workinfoworknet,증권
펀드매니저,중견창투사(벤처캐피탈/VC) 대표펀드매니저급 시니어 투자심사역 (...,커리어커넥트(주),서울 강남구,회사내규에 따름,경력5년 대졸(4년),,,2099-01-01,https://www.work24.go.kr/wk/a/b/1500/empDetailAuthView.do?wantedAuthNo=2608050002066&infoTypeCd=CIN&infoTypeGroup=tb_workinfogubun,증권
IPO,[IPO/기숙사/사내식당] 이피캠텍(주) 회계팀 채용공고,이피캠텍(주),전북 군산시,회사내규에 따름,경력무관 대졸(2~3년),,,2026-09-03,https://www.work24.go.kr/wk/a/b/1500/empDetailAuthView.do?wantedAuthNo=54649545&infoTypeCd=CSI&infoTypeGroup=tb_workinfogubun,증권
IPO,[정규직] 경영기획팀 자금 및 IPO지원담당자 모집,(주)사이러스테라퓨틱스,서울 송파구,회사내규에 따름,경력1년 학력무관,주5일,,2026-08-30,https://www.work24.go.kr/wk/a/b/1500/empDetailAuthView.do?wantedAuthNo=54618229&infoTypeCd=CSI&infoTypeGroup=tb_workinfogubun,증권
IPO,내부통제 · 자산 · IPO · IR · 공시 관리 담당자 모집,(주）루켄테크놀러지스,경기도 용인시 처인구,"연봉 5,500 만원 ~ 6,500 만원",경력5년 학력무관,주5일 주 40시간 근로 09:00 ~ 18:00,,2026-09-21,https://www.work24.go.kr/wk/a/b/1500/empDetailAuthView.do?wantedAuthNo=K180022607220040&infoTypeCd=VALIDATION&infoTypeGroup=tb_workinfoworknet,증권
IPO,IPO/IR 담당자 채용,(주)펀진,서울 성동구,회사내규에 따름,경력10년 대졸(4년),주5일,,2026-08-31,https://www.work24.go.kr/wk/a/b/1500/empDetailAuthView.do?wantedAuthNo=54348978&infoTypeCd=CSI&infoTypeGroup=tb_workinfogubun,증권
IPO,IPO 및 IR 담당자 채용,㈜펀진,서울 성동구,회사내규에 따름,경력10년 대졸(4년),주5일,,2026-08-30,https://www.work24.go.kr/wk/a/b/1500/empDetailAuthView.do?wantedAuthNo=51177547&infoTypeCd=CJK&infoTypeGroup=tb_workinfogubun,증권
IPO,[주 4.5일제 기업] (IPO 준비 기업) 경영기획팀장 (차장~...,에코디엠랩(주),서울 등,회사내규에 따름,경력10년 대졸(2~3년),주5일,,2026-08-23,https://www.work24.go.kr/wk/a/b/1500/empDetailAuthView.do?wantedAuthNo=54268061&infoTypeCd=CSI&infoTypeGroup=tb_workinfogubun,증권
IPO,글로벌 금융 IPO 데이터 파이프라인 및 백엔드 개발자,아이알큐더스,서울 영등포구,회사내규에 따름,경력 학력무관,,,2099-12-31,https://www.work24.go.kr/wk/a/b/1500/empDetailAuthView.do?wantedAuthNo=369107&infoTypeCd=CWT&infoTypeGroup=tb_workinfogubun,증권
IPO,"주식회사 근우 재무회계(IPO,IFRS) 경력직 채용",(주)근우,서울 서초구,회사내규에 따름,경력5년 대졸(2~3년),주5일,,2026-08-09,https://www.work24.go.kr/wk/a/b/1500/empDetailAuthView.do?wantedAuthNo=54133739&infoTypeCd=CSI&infoTypeGroup=tb_workinfogubun,증권
채권,[일자리매칭플랫폼] [상무역 인근] 채권관리팀 정규직 모집,(주)넥스젠파이낸스대부,전남광주 서구 등,회사내규에 따름,신입 고졸,,,2026-08-13,https://www.work24.go.kr/wk/a/b/1500/empDetailAuthView.do?wantedAuthNo=227057&infoTypeCd=KOS&infoTypeGroup=tb_workinfogubun,증권
채권,[일자리매칭플랫폼] [구로디지털단지역 인근] 채권관리팀 정규직 모집,(주)넥스젠파이낸스대부,서울,회사내규에 따름,신입 고졸,,,2026-08-13,https://www.work24.go.kr/wk/a/b/1500/empDetailAuthView.do?wantedAuthNo=227058&infoTypeCd=KOS&infoTypeGroup=tb_workinfogubun,증권
채권,[대구은행역/상담/자체직] IM신용정보 채권안내 및 회수상담,㈜티오에스코리아,대구 수성구,월급 260 만원 ~ 320 만원,경력무관 고졸,주5일,,2026-08-10,https://www.work24.go.kr/wk/a/b/1500/empDetailAuthView.do?wantedAuthNo=51366818&infoTypeCd=CJK&infoTypeGroup=tb_workinfogubun,증권
채권,(8월중순 면접예정/여의도/현대카드)단기미납 채권상담 채용,㈜제이앤비컨설팅,서울 영등포구 등,"연봉 3,500 만원 ~ 4,500 만원",경력무관 고졸,주5일,,2026-08-14,https://www.work24.go.kr/wk/a/b/1500/empDetailAuthView.do?wantedAuthNo=51368444&infoTypeCd=CJK&infoTypeGroup=tb_workinfogubun,증권
채권,변호사 하람법률사무소 - 채권 관리 팀원 모집,변호사하람법률사무소,서울 도봉구,회사내규에 따름,경력1년 고졸,주5일,,2026-09-03,https://www.work24.go.kr/wk/a/b/1500/empDetailAuthView.do?wantedAuthNo=2608040002359&infoTypeCd=CIN&infoTypeGroup=tb_workinfogubun,증권
채권,[케이아이코아즈대부] NPL채권 직원 채용 (부산센터),(주)케이아이코아즈대부,부산 등,회사내규에 따름,경력5년 학력무관,주5일,,2026-09-03,https://www.work24.go.kr/wk/a/b/1500/empDetailAuthView.do?wantedAuthNo=54648860&infoTypeCd=CSI&infoTypeGroup=tb_workinfogubun,증권
채권,(더에이치자산관리대부 주식회사) 매입채권관리 및 추심업무자 모집,더에이치자산관리대부 주식회사,전남광주통합특별시 광산구 왕버들로289번길,월급 215 만원 이상,경력1년 학력무관,주5일 주 40시간 근로 09:00 ~ 18:00,,2026-10-02,https://www.work24.go.kr/wk/a/b/1500/empDetailAuthView.do?wantedAuthNo=K160042608030028&infoTypeCd=VALIDATION&infoTypeGroup=tb_workinfoworknet,증권
채권,[서면역 인근] 채권관리팀 정규직 모집,주식회사 엔씨파이낸스대부,부산광역시 부산진구 동천로,"연봉 3,000 만원 ~ 3,000 만원",신입 고졸 ~ 대졸(4년),주5일 주 40시간 근로 09:00 ~ 18:00,,2026-09-29,https://www.work24.go.kr/wk/a/b/1500/empDetailAuthView.do?wantedAuthNo=K130042608030016&infoTypeCd=VALIDATION&infoTypeGroup=tb_workinfoworknet,증권
채권,고려신용정보(주) 진주지점 채권추심/수임영업 채권관리사 모집,고려신용정보(주),경남 진주시,회사내규에 따름,신입/경력 학력무관,,,2026-08-15,https://www.work24.go.kr/wk/a/b/1500/empDetailAuthView.do?wantedAuthNo=2608030000195&infoTypeCd=CIN&infoTypeGroup=tb_workinfogubun,증권
채권,[입사축하금/답십리역1분/인센티브]JB우리캐피탈 단기채권 상담원 모...,㈜티오에스코리아,서울 동대문구,월급 400 만원 ~ 400 만원,경력무관 학력무관,주5일,,2026-08-10,https://www.work24.go.kr/wk/a/b/1500/empDetailAuthView.do?wantedAuthNo=51360374&infoTypeCd=CJK&infoTypeGroup=tb_workinfogubun,증권
채권,외국인 채권 관리 및 회수 업무 담당자 모집,(주)전북은행,서울 중구,회사내규에 따름,경력무관 학력무관,주5일,,2026-08-07,https://www.work24.go.kr/wk/a/b/1500/empDetailAuthView.do?wantedAuthNo=54632523&infoTypeCd=CSI&infoTypeGroup=tb_workinfogubun,증권
채권,[수원지점/월 400만] KB캐피탈 채권회수 경력직 채용,애드민,경기 수원시 팔달구 등,월급 300 만원 ~ 700 만원,경력2년 학력무관,주5일,,2026-08-14,https://www.work24.go.kr/wk/a/b/1500/empDetailAuthView.do?wantedAuthNo=51363079&infoTypeCd=CJK&infoTypeGroup=tb_workinfogubun,증권
채권,[수원시청역] KB캐피탈 수원지점 채권회수직(중기반) 경력必,㈜씨아이템프러리,경기 수원시 팔달구 등,월급 400 만원 ~ 800 만원,경력5년 학력무관,주5일,,2099-12-31,https://www.work24.go.kr/wk/a/b/1500/empDetailAuthView.do?wantedAuthNo=51363856&infoTypeCd=CJK&infoTypeGroup=tb_workinfogubun,증권
채권,[시청역/주5일] 엘하비스트 채권관리팀 정규직 모집(남/여),(주)엘하비스트대부,서울 중구,"연봉 3,600 만원 ~ 3,600 만원",경력무관 학력무관,주5일,,2026-10-02,https://www.work24.go.kr/wk/a/b/1500/empDetailAuthView.do?wantedAuthNo=54636886&infoTypeCd=CSI&infoTypeGroup=tb_workinfogubun,증권
채권,[구로디지털단지역 인근] 채권관리팀 정규직 모집,(주)넥스젠파이낸스대부,서울 등,"연봉 3,000 만원 ~ 3,000 만원",신입 고졸,주5일,,2026-09-02,https://www.work24.go.kr/wk/a/b/1500/empDetailAuthView.do?wantedAuthNo=54638226&infoTypeCd=CSI&infoTypeGroup=tb_workinfogubun,증권
채권,[구로디지털단지역 인근] 채권관리팀 정규직 모집,(주)엔씨파이낸스대부,서울 구로구,"연봉 3,000 만원 ~ 3,000 만원",신입 고졸,,,2026-09-02,https://www.work24.go.kr/wk/a/b/1500/empDetailAuthView.do?wantedAuthNo=54638271&infoTypeCd=CSI&infoTypeGroup=tb_workinfogubun,증권
채권,"고려신용정보(주) IT협력실 웹개발자(재무/회계, 금융채권) 정규직",고려신용정보㈜,서울 서초구,회사내규에 따름,경력3년 대졸(2~3년),주5일,,2026-08-31,https://www.work24.go.kr/wk/a/b/1500/empDetailAuthView.do?wantedAuthNo=51356209&infoTypeCd=CJK&infoTypeGroup=tb_workinfogubun,증권
채권,[구디역 인근] 채권관리팀 정규직 모집,주식회사 엔씨파이낸스대부,서울특별시 구로구 디지털로30길,"연봉 3,000 만원 ~ 3,000 만원",신입 고졸 ~ 대졸(4년),주5일 주 40시간 근로 09:00 ~ 18:00,,2026-09-29,https://www.work24.go.kr/wk/a/b/1500/empDetailAuthView.do?wantedAuthNo=K120612607310019&infoTypeCd=VALIDATION&infoTypeGroup=tb_workinfoworknet,증권
채권,(8월중순 면접예정/여의도/현대카드) 단기미납 채권상담 채용,㈜제이앤비컨설팅,서울 영등포구 등,"연봉 3,500 만원 ~ 4,500 만원",경력무관 고졸,주5일,,2026-08-14,https://www.work24.go.kr/wk/a/b/1500/empDetailAuthView.do?wantedAuthNo=51349719&infoTypeCd=CJK&infoTypeGroup=tb_workinfogubun,증권
채권,[계약직] 운영 담당자 - 금융거래정보제공 및 채권압류추심,(주)카카오페이,경기 성남시 분당구 등,회사내규에 따름,경력2년 학력무관,,,2099-01-01,https://www.work24.go.kr/wk/a/b/1500/empDetailAuthView.do?wantedAuthNo=54610702&infoTypeCd=CSI&infoTypeGroup=tb_workinfogubun,증권
채권,[부산 사상] 르네시떼 채권관리 경력직 채용,(주)르네시떼,부산 사상구,회사내규에 따름,경력1년 대졸(4년),주5일,,2099-01-01,https://www.work24.go.kr/wk/a/b/1500/empDetailAuthView.do?wantedAuthNo=54594035&infoTypeCd=CSI&infoTypeGroup=tb_workinfogubun,증권
채권,리테일 채권(국내/해외) 담당자(경력) 채용,현대차증권,서울 영등포구,회사내규에 따름,경력무관 학력무관,,,2026-08-11,https://www.work24.go.kr/wk/a/b/1500/empDetailAuthView.do?wantedAuthNo=564290&infoTypeCd=CAT&infoTypeGroup=tb_workinfogubun,증권
채권,코스닥 고려신용정보 (주)강북지점 미수 채권 수주 담당자 모집,고려신용정보(주),서울 도봉구 등,회사내규에 따름,신입/경력 학력무관,,,2026-08-09,https://www.work24.go.kr/wk/a/b/1500/empDetailAuthView.do?wantedAuthNo=2607270000363&infoTypeCd=CIN&infoTypeGroup=tb_workinfogubun,증권
채권,[오케이파이낸셜대부] 채권관리 및 총무업무 담당자 모집,㈜오케이파이낸셜대부,서울 영등포구,회사내규에 따름,경력무관 학력무관,주5일,,2026-08-26,https://www.work24.go.kr/wk/a/b/1500/empDetailAuthView.do?wantedAuthNo=51324157&infoTypeCd=CJK&infoTypeGroup=tb_workinfogubun,증권
채권,[신입환영 / 영업X] 대전센터 채권관리 신입 모집,(주)대한채권관리대부,대전 등,월급 250 만원 ~ 250 만원,신입 고졸,주5일,,2026-08-26,https://www.work24.go.kr/wk/a/b/1500/empDetailAuthView.do?wantedAuthNo=54573254&infoTypeCd=CSI&infoTypeGroup=tb_workinfogubun,증권
채권,[당산역 / 신입환영 / 영업X] 서울센터 채권관리 신입 및 경력,(주)대한채권관리대부,서울 등,월급 250 만원 ~ 250 만원,신입/경력3년 고졸,주5일,,2026-08-26,https://www.work24.go.kr/wk/a/b/1500/empDetailAuthView.do?wantedAuthNo=54573259&infoTypeCd=CSI&infoTypeGroup=tb_workinfogubun,증권
채권,GA 보험대리점 본사 리스크팀(설계사 수수료 채권) 채용,티금융서비스(주),서울 서초구,회사내규에 따름,경력무관 대졸(2~3년),주5일,,2026-08-26,https://www.work24.go.kr/wk/a/b/1500/empDetailAuthView.do?wantedAuthNo=54573753&infoTypeCd=CSI&infoTypeGroup=tb_workinfogubun,증권
채권,채권영업파트 경력직 공개채용,교보증권,서울 영등포구,회사내규에 따름,경력무관 대졸(4년),,,2026-08-07,https://www.work24.go.kr/wk/a/b/1500/empDetailAuthView.do?wantedAuthNo=562760&infoTypeCd=CAT&infoTypeGroup=tb_workinfogubun,증권
채권,FICC파생운용팀_원화채권운용 경력 채용,한화투자증권,서울 영등포구,회사내규에 따름,경력무관 학력무관,,,2026-08-09,https://www.work24.go.kr/wk/a/b/1500/empDetailAuthView.do?wantedAuthNo=563369&infoTypeCd=CAT&infoTypeGroup=tb_workinfogubun,증권
채권,[단기채권] 월350만이상-현대카드 단기미납 안내직 채용/신입가능,㈜씨아이템프러리,서울 영등포구 등,월급 300 만원 ~ 500 만원,경력무관 학력무관,주5일,,2026-08-23,https://www.work24.go.kr/wk/a/b/1500/empDetailAuthView.do?wantedAuthNo=51313542&infoTypeCd=CJK&infoTypeGroup=tb_workinfogubun,증권
채권,"융자 운영 인력 모집(대출관리, 채권관리)",㈜네스트온오프,서울 영등포구,월급 700 만원 ~ 750 만원,경력10년 학력무관,주5일,,2026-08-23,https://www.work24.go.kr/wk/a/b/1500/empDetailAuthView.do?wantedAuthNo=51315421&infoTypeCd=CJK&infoTypeGroup=tb_workinfogubun,증권
채권,IBK신용정보 NPL 채권관리 전문(계약)인력 채용,아이비케이신용정보（주）,서울특별시 구로구 구로중앙로,"연봉 9,000 만원 ~ 9,000 만원",경력12년 학력무관,주5일 주 40시간 근로 09:00 ~ 18:00,,2026-08-06,https://www.work24.go.kr/wk/a/b/1500/empDetailAuthView.do?wantedAuthNo=K120422607230034&infoTypeCd=VALIDATION&infoTypeGroup=tb_workinfoworknet,증권
채권,[반월당역] 신한카드 대구 단기미납채권 회수 상담원(PDS) 모집,인트로맨㈜,대구 중구,월급 256 만원 ~ 350 만원,경력무관 고졸,주5일,,2026-08-22,https://www.work24.go.kr/wk/a/b/1500/empDetailAuthView.do?wantedAuthNo=51307392&infoTypeCd=CJK&infoTypeGroup=tb_workinfogubun,증권
채권,[9월입사/신도림] 삼성카드 단기미납채권 회수상담원 상시모집,인트로맨㈜,서울 구로구,월급 276 만원 ~ 276 만원,경력무관 고졸,주5일,,2026-08-22,https://www.work24.go.kr/wk/a/b/1500/empDetailAuthView.do?wantedAuthNo=51307430&infoTypeCd=CJK&infoTypeGroup=tb_workinfogubun,증권
채권,채권운용부 채권세틀 경력채용,한양증권,서울 영등포구,회사내규에 따름,경력무관 학력무관,,,2026-08-12,https://www.work24.go.kr/wk/a/b/1500/empDetailAuthView.do?wantedAuthNo=562781&infoTypeCd=CAT&infoTypeGroup=tb_workinfogubun,증권
채권,신용리스크팀(채권유니버스 운영) 경력직 채용,미래에셋증권,서울 중구,회사내규에 따름,경력무관 학력무관,,,2026-08-07,https://www.work24.go.kr/wk/a/b/1500/empDetailAuthView.do?wantedAuthNo=563790&infoTypeCd=CAT&infoTypeGroup=tb_workinfogubun,증권
채권,"[BNK신용정보]BNK캐피탈 채권관리 담당 채용 / 부산,서울",비엔케이신용정보,부산 동구 등,회사내규에 따름,경력 학력무관,주5일,,2026-08-20,https://www.work24.go.kr/wk/a/b/1500/empDetailAuthView.do?wantedAuthNo=51286878&infoTypeCd=CJK&infoTypeGroup=tb_workinfogubun,증권
채권,돈도 해운대지사와 함께 성장할 채권추심 직원을 공개모집합니다,(주)제이엠신용정보,부산 해운대구,"연봉 3,000 만원 ~ 3,000 만원",경력무관 학력무관,,,2026-08-20,https://www.work24.go.kr/wk/a/b/1500/empDetailAuthView.do?wantedAuthNo=54520500&infoTypeCd=CSI&infoTypeGroup=tb_workinfogubun,증권
채권,서울사업본부와 함께 성장할 채권추심 직원을 공개모집합니다,(주)제이엠신용정보,서울 서초구,"연봉 3,000 만원 ~ 3,000 만원",경력무관 학력무관,,,2026-08-20,https://www.work24.go.kr/wk/a/b/1500/empDetailAuthView.do?wantedAuthNo=54520529&infoTypeCd=CSI&infoTypeGroup=tb_workinfogubun,증권
채권,[역세권/대기업복지최강/신입가능] 현대카드 단기 채권 회수 채용,㈜티오에스코리아,서울 영등포구 등,월급 350 만원 ~ 500 만원,경력무관 학력무관,주5일,,2026-08-19,https://www.work24.go.kr/wk/a/b/1500/empDetailAuthView.do?wantedAuthNo=51282888&infoTypeCd=CJK&infoTypeGroup=tb_workinfogubun,증권
채권,[신도림] 삼성카드 단기미납채권 회수상담원 상시모집 (9월입사/성과...,인트로맨㈜,서울 구로구,월급 276 만원 ~ 276 만원,경력무관 고졸,주5일,,2099-12-31,https://www.work24.go.kr/wk/a/b/1500/empDetailAuthView.do?wantedAuthNo=51284692&infoTypeCd=CJK&infoTypeGroup=tb_workinfogubun,증권
채권,[선릉역/담보채권/월350만] SBI저축은행 소호담보 월중 채용.,㈜트랜스코스모스코리아,서울 강남구,월급 350 만원 ~ 450 만원,경력무관 고졸,주5일,,2026-08-15,https://www.work24.go.kr/wk/a/b/1500/empDetailAuthView.do?wantedAuthNo=51267504&infoTypeCd=CJK&infoTypeGroup=tb_workinfogubun,증권
채권,[롯데캐피탈/역삼] 단기채권 추심 모집 / 인센티브 多 / 상담경력...,프리머스HR㈜,서울 강남구 등,월급 242 만원 ~ 242 만원,경력무관 학력무관,주5일,,2026-08-15,https://www.work24.go.kr/wk/a/b/1500/empDetailAuthView.do?wantedAuthNo=51269768&infoTypeCd=CJK&infoTypeGroup=tb_workinfogubun,증권
채권,유능한 채권회수 전문가를 모십니다,㈜세토기획,서울 영등포구,"연봉 5,000 만원 ~ 5,000 만원",경력10년 대졸(4년),주5일,,2026-08-12,https://www.work24.go.kr/wk/a/b/1500/empDetailAuthView.do?wantedAuthNo=51247185&infoTypeCd=CJK&infoTypeGroup=tb_workinfogubun,증권
채권,[대전/중앙로역 인근]대한채권관리대부 채권관리팀 공개 채용,제이엠피코리아㈜,대전 중구,"연봉 3,000 만원 ~ 3,000 만원",경력무관 고졸,주5일,,2026-08-09,https://www.work24.go.kr/wk/a/b/1500/empDetailAuthView.do?wantedAuthNo=51236496&infoTypeCd=CJK&infoTypeGroup=tb_workinfogubun,증권
채권,렌트투게더 2026년 채용공고 렌트카 운영지원 담당자ㆍ채권 회수 관...,주식회사 렌트투게더,인천 연수구,"연봉 3,000 만원 ~ 3,000 만원",신입/경력 학력무관,주5일,,2026-08-08,https://www.work24.go.kr/wk/a/b/1500/empDetailAuthView.do?wantedAuthNo=51224482&infoTypeCd=CJK&infoTypeGroup=tb_workinfogubun,증권
채권,[롯데캐피탈/역삼] 단기채권 추심 직원 모집 / 인센티브 多 / 신...,프리머스HR㈜,서울 강남구 등,월급 242 만원 ~ 242 만원,경력무관 학력무관,주5일,,2026-08-14,https://www.work24.go.kr/wk/a/b/1500/empDetailAuthView.do?wantedAuthNo=51228084&infoTypeCd=CJK&infoTypeGroup=tb_workinfogubun,증권
채권,[16일면접/8명 채용] 현대카드 단기채권회수 상담원 채용,애드민,서울 영등포구 등,월급 300 만원 ~ 500 만원,경력무관 학력무관,주5일,,2026-08-06,https://www.work24.go.kr/wk/a/b/1500/empDetailAuthView.do?wantedAuthNo=51210165&infoTypeCd=CJK&infoTypeGroup=tb_workinfogubun,증권
채권,면접확정 [단기채권] 월350만이상-현대카드 단기미납 안내직 채용/...,㈜씨아이템프러리,서울 영등포구,월급 300 만원 ~ 500 만원,경력무관 학력무관,주5일,,2026-08-06,https://www.work24.go.kr/wk/a/b/1500/empDetailAuthView.do?wantedAuthNo=51210833&infoTypeCd=CJK&infoTypeGroup=tb_workinfogubun,증권
채권,[선릉역/담보채권/월350만] SBI저축은행 소호담보 월중 채용중,㈜트랜스코스모스코리아,서울 강남구,월급 350 만원 ~ 450 만원,경력무관 고졸,주5일,,2026-08-05,https://www.work24.go.kr/wk/a/b/1500/empDetailAuthView.do?wantedAuthNo=51198413&infoTypeCd=CJK&infoTypeGroup=tb_workinfogubun,증권
채권,[고객영업팀] 신용VAN 일반업무 및 채권관리 CS,보나네트웍스 주식회사,서울 금천구,회사내규에 따름,경력무관 고졸,주5일,,2099-12-31,https://www.work24.go.kr/wk/a/b/1500/empDetailAuthView.do?wantedAuthNo=54353443&infoTypeCd=CSI&infoTypeGroup=tb_workinfogubun,증권
채권,<인사총무 및 회계(채권/채무) 담당자 채용 (경력직)>,(주)케익모아,경기도 양주시 어하고개로,월급 270 만원 ~ 270 만원,경력2년 대졸(4년),주5일 주 40시간 근로 09:00 ~ 18:00,,2026-08-28,https://www.work24.go.kr/wk/a/b/1500/empDetailAuthView.do?wantedAuthNo=KJKS002606290006&infoTypeCd=VALIDATION&infoTypeGroup=tb_workinfoworknet,증권
채권,[입사축하금/채권/인센티브]JB우리캐피탈 단기채권 상담원 모집,㈜티오에스코리아,서울 동대문구,월급 400 만원 ~ 400 만원,경력무관 학력무관,주5일,,2026-08-10,https://www.work24.go.kr/wk/a/b/1500/empDetailAuthView.do?wantedAuthNo=51133851&infoTypeCd=CJK&infoTypeGroup=tb_workinfogubun,증권
채권,[리딩에이스캐피탈] 개인회생 및 신용회복 채권 관리 신입 및 경력채...,더와이자산관리 주식회사,서울특별시 영등포구 국제금융로8길,"연봉 3,000 만원 이상",경력1년 학력무관,주5일 주 40시간 근로 09:00 ~ 18:00,,2026-08-22,https://www.work24.go.kr/wk/a/b/1500/empDetailAuthView.do?wantedAuthNo=K120422606230041&infoTypeCd=VALIDATION&infoTypeGroup=tb_workinfoworknet,증권
채권,[마포역/성과별포상금] NPL채권 상담/관리 사원 모집(신입가능),㈜엠플라인,서울 마포구 등,"연봉 2,900 만원 ~ 3,400 만원",신입/경력 학력무관,주5일,,2026-08-22,https://www.work24.go.kr/wk/a/b/1500/empDetailAuthView.do?wantedAuthNo=51127162&infoTypeCd=CJK&infoTypeGroup=tb_workinfogubun,증권
채권,[만수동] 채권관리팀 신입사원 모집,어썸플래너,인천 남동구,월급 250 만원 ~ 300 만원,경력무관 학력무관,주5일,,2026-08-21,https://www.work24.go.kr/wk/a/b/1500/empDetailAuthView.do?wantedAuthNo=51119004&infoTypeCd=CJK&infoTypeGroup=tb_workinfogubun,증권
채권,[인천본부] 가전렌탈 기업 채권팀 관리 직원 모집,주식회사 재율컨설팅,인천 남동구,월급 250 만원 ~ 300 만원,경력무관 학력무관,주5일,,2026-08-21,https://www.work24.go.kr/wk/a/b/1500/empDetailAuthView.do?wantedAuthNo=51119035&infoTypeCd=CJK&infoTypeGroup=tb_workinfogubun,증권
채권,[상무역 인근] 채권관리팀 정규직 모집,주식회사 엔씨파이낸스대부,전남광주통합특별시 서구 상무중앙로,"연봉 3,000 만원 ~ 3,000 만원",신입 고졸 ~ 대졸(4년),주5일 주 40시간 근로 09:00 ~ 18:00,,2026-08-14,https://www.work24.go.kr/wk/a/b/1500/empDetailAuthView.do?wantedAuthNo=K160012606160029&infoTypeCd=VALIDATION&infoTypeGroup=tb_workinfoworknet,증권
채권,"희망인력건설산업㈜ 직원모집 (영업부 지점장/총무, 채권추심)",희망인력건설산업㈜,서울 동대문구 등,월급 320 만원 ~ 320 만원,경력무관 학력무관,기타,,2026-08-10,https://www.work24.go.kr/wk/a/b/1500/empDetailAuthView.do?wantedAuthNo=51057263&infoTypeCd=CJK&infoTypeGroup=tb_workinfogubun,증권
트레이딩,차세대 금융 트레이딩 플랫폼 시니어 개발자 채용,에이치투오시스템테크놀로지(주),서울 양천구,회사내규에 따름,경력8년 학력무관,,,2026-08-15,https://www.work24.go.kr/wk/a/b/1500/empDetailAuthView.do?wantedAuthNo=54481502&infoTypeCd=CSI&infoTypeGroup=tb_workinfogubun,증권
트레이딩,해운사업팀 벙커 트레이딩 / 운반선 운항 담당 채용,동원산업,서울 서초구,회사내규에 따름,경력무관 대졸(4년),,,2099-01-01,https://www.work24.go.kr/wk/a/b/1500/empDetailAuthView.do?wantedAuthNo=560460&infoTypeCd=CAT&infoTypeGroup=tb_workinfogubun,증권
트레이딩,(주)에코트레이딩 해외영업(식품무역) 경력 채용 공고,(주)에코트레이딩,경기 성남시 분당구 등,회사내규에 따름,경력1년 대졸(4년),,,2026-08-07,https://www.work24.go.kr/wk/a/b/1500/empDetailAuthView.do?wantedAuthNo=54410496&infoTypeCd=CSI&infoTypeGroup=tb_workinfogubun,증권
트레이딩,(주)88트레이딩 수산파트 영업부 경력직을 찾고 있어요,(주)88트레이딩,부산 서구,회사내규에 따름,경력1년 고졸,,,2026-08-06,https://www.work24.go.kr/wk/a/b/1500/empDetailAuthView.do?wantedAuthNo=54392154&infoTypeCd=CSI&infoTypeGroup=tb_workinfogubun,증권
컨설팅,㈜엑스퍼트컨설팅 교육운영 모집(대전),(주)엑스퍼트컨설팅,대전 유성구,회사내규에 따름,경력무관 대졸(2~3년),주5일,,2026-08-31,https://www.work24.go.kr/wk/a/b/1500/empDetailAuthView.do?wantedAuthNo=54654587&infoTypeCd=CSI&infoTypeGroup=tb_workinfogubun,컨설팅
컨설팅,"(주)엑스퍼트컨설팅 HRD 교육 영업, 운영 인재 모집(영남지부)",(주)엑스퍼트컨설팅,부산 북구,회사내규에 따름,경력무관 대졸(2~3년),주5일,,2026-08-31,https://www.work24.go.kr/wk/a/b/1500/empDetailAuthView.do?wantedAuthNo=54654683&infoTypeCd=CSI&infoTypeGroup=tb_workinfogubun,컨설팅
컨설팅,[스틸리언] IT 인프라 보안 취약점 진단 (보안컨설팅팀),(주)스틸리언,서울 용산구,회사내규에 따름,경력1년 대졸(2~3년),,,2026-09-04,https://www.work24.go.kr/wk/a/b/1500/empDetailAuthView.do?wantedAuthNo=54656012&infoTypeCd=CSI&infoTypeGroup=tb_workinfogubun,컨설팅
컨설팅,정보보안 컨설팅 정규직 채용 - 경력,(주)와이닷시엔에스,대구 동구,회사내규에 따름,경력3년 대졸(2~3년),주5일,,2099-12-31,https://www.work24.go.kr/wk/a/b/1500/empDetailAuthView.do?wantedAuthNo=54656254&infoTypeCd=CSI&infoTypeGroup=tb_workinfogubun,컨설팅
컨설팅,미국전문 컨설팅그룹 미국변호사,에스엠아이,서울 강남구,회사내규에 따름,신입/경력 대졸(4년),주5일,,2026-09-04,https://www.work24.go.kr/wk/a/b/1500/empDetailAuthView.do?wantedAuthNo=2608050000829&infoTypeCd=CIN&infoTypeGroup=tb_workinfogubun,컨설팅
컨설팅,미국전문 컨설팅그룹 AICPA,에스엠아이,서울 강남구,회사내규에 따름,신입/경력 대졸(4년),주5일,,2026-09-04,https://www.work24.go.kr/wk/a/b/1500/empDetailAuthView.do?wantedAuthNo=2608050000834&infoTypeCd=CIN&infoTypeGroup=tb_workinfogubun,컨설팅
컨설팅,미국전문 컨설팅그룹 리셉션담당,에스엠아이,서울 강남구,회사내규에 따름,신입/경력 대졸(2~3년),주5일,,2026-09-04,https://www.work24.go.kr/wk/a/b/1500/empDetailAuthView.do?wantedAuthNo=2608050000852&infoTypeCd=CIN&infoTypeGroup=tb_workinfogubun,컨설팅
컨설팅,[글로벌인증/테스팅 기업] ESG 탄소 컨설팅,(주)프로써치코리아,서울 성동구,회사내규에 따름,경력3년 대졸(2~3년),,,2099-01-01,https://www.work24.go.kr/wk/a/b/1500/empDetailAuthView.do?wantedAuthNo=2608050000910&infoTypeCd=CIN&infoTypeGroup=tb_workinfogubun,컨설팅
컨설팅,[부산서면] 365mc병원 체형 컨설팅 전문 상담원 (정규직) 채용,(주)삼육오엠씨네트웍스,부산 부산진구,회사내규에 따름,경력1년 고졸,주5일,,2026-10-04,https://www.work24.go.kr/wk/a/b/1500/empDetailAuthView.do?wantedAuthNo=54657564&infoTypeCd=CSI&infoTypeGroup=tb_workinfogubun,컨설팅
컨설팅,[강소기업] 환경(악취저감부문) 기술컨설팅·영업,가람환경기술(주),서울 금천구,회사내규에 따름,경력무관 고졸,주5일,,2026-10-04,https://www.work24.go.kr/wk/a/b/1500/empDetailAuthView.do?wantedAuthNo=54658562&infoTypeCd=CSI&infoTypeGroup=tb_workinfogubun,컨설팅
컨설팅,[컨설팅사업부] 정보보호컨설팅 (관리체계/인프라점검/모의해킹),㈜이글루코퍼레이션,서울 송파구,회사내규에 따름,신입/경력 대졸(2~3년),주5일,,2026-09-30,https://www.work24.go.kr/wk/a/b/1500/empDetailAuthView.do?wantedAuthNo=51380583&infoTypeCd=CJK&infoTypeGroup=tb_workinfogubun,컨설팅
컨설팅,환경 컨설팅 업무 보조 인력 모집,(주)우림산업컨설팅,경상남도 진주시 도동천로,월급 150 만원 ~ 250 만원,경력3년 대졸(2~3년) ~ 대졸(4년),주5일 주 25시간 근로 10:00 ~ 16:00,,2026-09-28,https://www.work24.go.kr/wk/a/b/1500/empDetailAuthView.do?wantedAuthNo=K131412608040052&infoTypeCd=VALIDATION&infoTypeGroup=tb_workinfoworknet,컨설팅
컨설팅,[지에스씨넷] 서울여자대학교 맞춤형 컨설팅 사업 컨설턴트 채용,（주）지에스씨넷,서울특별시 노원구 화랑로,"연봉 3,000 만원 ~ 3,200 만원",경력1년 대졸(4년) ~ 석사,주5일 주 40시간 근로 09:00 ~ 18:00,,2026-08-31,https://www.work24.go.kr/wk/a/b/1500/empDetailAuthView.do?wantedAuthNo=K170082608040005&infoTypeCd=VALIDATION&infoTypeGroup=tb_workinfoworknet,컨설팅
컨설팅,[한솔요리교육그룹] 입시컨설팅(컨설턴트) 공개모집,(주)한솔요리학원,서울 중구,회사내규에 따름,경력2년 대졸(2~3년),주5일,,2026-09-03,https://www.work24.go.kr/wk/a/b/1500/empDetailAuthView.do?wantedAuthNo=54643262&infoTypeCd=CSI&infoTypeGroup=tb_workinfogubun,컨설팅
컨설팅,제약바이오 기술사업화 컨설팅 경력 모집,(주)다래전략사업화센터,서울 강남구,회사내규에 따름,경력5년 대졸(4년),,,2026-09-03,https://www.work24.go.kr/wk/a/b/1500/empDetailAuthView.do?wantedAuthNo=54643781&infoTypeCd=CSI&infoTypeGroup=tb_workinfogubun,컨설팅
컨설팅,[안전관리전문기관 벗] 안전관리자 채용 (안전대행 / 안전컨설팅,보건관리전문기관벗,경기 안양시 만안구 등,회사내규에 따름,경력1년 대졸(4년),,,2026-09-03,https://www.work24.go.kr/wk/a/b/1500/empDetailAuthView.do?wantedAuthNo=54646241&infoTypeCd=CSI&infoTypeGroup=tb_workinfogubun,컨설팅
컨설팅,병원 대상 심사청구컨설팅 영업자 채용(주 35시간 근무),(주)메디씨앤티,서울 등,회사내규에 따름,경력5년 대졸(2~3년),,,2026-08-09,https://www.work24.go.kr/wk/a/b/1500/empDetailAuthView.do?wantedAuthNo=54648710&infoTypeCd=CSI&infoTypeGroup=tb_workinfogubun,컨설팅
컨설팅,[채용전환형 계약직] 기업 IT컨설팅&솔루션 B2B 마케터 채용,(주)비플,서울 중구,회사내규에 따름,경력무관 대졸(2~3년),,,2026-09-03,https://www.work24.go.kr/wk/a/b/1500/empDetailAuthView.do?wantedAuthNo=54648797&infoTypeCd=CSI&infoTypeGroup=tb_workinfogubun,컨설팅
컨설팅,[웨어인슈] 기업(일반)보험 영업컨설팅 정규직 채용(신입/경력),(주)웨어인슈,서울 성동구,회사내규에 따름,신입/경력3년 대졸(4년),주5일,,2026-08-31,https://www.work24.go.kr/wk/a/b/1500/empDetailAuthView.do?wantedAuthNo=54378144&infoTypeCd=CSI&infoTypeGroup=tb_workinfogubun,컨설팅
컨설팅,[신규 웨딩컨설팅 사업부] 경영지원·총무 담당자를 채용해요,루어미디어,서울 강남구,회사내규에 따름,경력무관 학력무관,,,2026-09-02,https://www.work24.go.kr/wk/a/b/1500/empDetailAuthView.do?wantedAuthNo=54621745&infoTypeCd=CSI&infoTypeGroup=tb_workinfogubun,컨설팅
컨설팅,성심세무회계컨설팅 세무사사무실 경력직 채용 공고,성심세무회계컨설팅,서울 성동구,회사내규에 따름,경력3년 학력무관,주5일,,2026-09-02,https://www.work24.go.kr/wk/a/b/1500/empDetailAuthView.do?wantedAuthNo=54628446&infoTypeCd=CSI&infoTypeGroup=tb_workinfogubun,컨설팅
컨설팅,[인크루트] 컨설팅팀 채용대행PM 신입/경력 모집,인크루트,서울 중구,회사내규에 따름,신입/경력 대졸(2~3년),주5일,,2026-09-02,https://www.work24.go.kr/wk/a/b/1500/empDetailAuthView.do?wantedAuthNo=2608030000511&infoTypeCd=CIN&infoTypeGroup=tb_workinfogubun,컨설팅
컨설팅,[업라이트컨설팅]서울본사 스타트업 교육운영팀장 및 매니저모집,(주)업라이트컨설팅,서울 금천구,회사내규에 따름,경력무관 대졸(2~3년),,,2099-01-01,https://www.work24.go.kr/wk/a/b/1500/empDetailAuthView.do?wantedAuthNo=54633908&infoTypeCd=CSI&infoTypeGroup=tb_workinfogubun,컨설팅
컨설팅,수입 식품 검역 대행 및 컨설팅 업무,(주)메가몬드,서울 강남구,"연봉 3,000 만원 ~ 3,000 만원",경력무관 대졸(2~3년),주5일,,2026-08-31,https://www.work24.go.kr/wk/a/b/1500/empDetailAuthView.do?wantedAuthNo=54634075&infoTypeCd=CSI&infoTypeGroup=tb_workinfogubun,컨설팅
컨설팅,웹개발 / IT 컨설팅 / UIUX 채용합니다.,(주)이니스트,서울 마포구,회사내규에 따름,신입/경력1년 대졸(4년),주5일,,2026-09-02,https://www.work24.go.kr/wk/a/b/1500/empDetailAuthView.do?wantedAuthNo=54634475&infoTypeCd=CSI&infoTypeGroup=tb_workinfogubun,컨설팅
컨설팅,정보보안 컨설팅-국내대기업,써치스퀘어,서울 중구,회사내규에 따름,경력5년 대졸(4년),,,2026-08-23,https://www.work24.go.kr/wk/a/b/1500/empDetailAuthView.do?wantedAuthNo=2608030000916&infoTypeCd=CIN&infoTypeGroup=tb_workinfogubun,컨설팅
컨설팅,나인스텝컨설팅(주) 경영지원 사원 모집,나인스텝컨설팅(주),서울 중구,회사내규에 따름,경력무관 대졸(2~3년),주5일,,2026-09-02,https://www.work24.go.kr/wk/a/b/1500/empDetailAuthView.do?wantedAuthNo=54636926&infoTypeCd=CSI&infoTypeGroup=tb_workinfogubun,컨설팅
컨설팅,[와이즈] 에너지분야 컨설팅 업무 담당자 채용(경력직),와이즈,서울 마포구,회사내규에 따름,경력5년 대졸(4년),주5일,,2026-09-02,https://www.work24.go.kr/wk/a/b/1500/empDetailAuthView.do?wantedAuthNo=54637795&infoTypeCd=CSI&infoTypeGroup=tb_workinfogubun,컨설팅
컨설팅,[정앤서] 농어촌 지역계획 컨설팅 연구원 모집,주식회사 정앤서,서울 강남구,회사내규에 따름,경력1년 대졸(4년),주5일,,2026-09-02,https://www.work24.go.kr/wk/a/b/1500/empDetailAuthView.do?wantedAuthNo=2608030004097&infoTypeCd=CIN&infoTypeGroup=tb_workinfogubun,컨설팅
컨설팅,[정앤서 충남] 역량강화컨설팅 신입/경력직모집,(주)정앤서,충남 공주시,회사내규에 따름,신입/경력1년 대졸(4년),주5일,,2026-08-21,https://www.work24.go.kr/wk/a/b/1500/empDetailAuthView.do?wantedAuthNo=54638573&infoTypeCd=CSI&infoTypeGroup=tb_workinfogubun,컨설팅
컨설팅,BPR/ISP 컨설팅 프로젝트 수행 지원 PA 채용,한국능률협회컨설팅,서울 영등포구,회사내규에 따름,경력무관 대졸(2~3년),,,2026-08-16,https://www.work24.go.kr/wk/a/b/1500/empDetailAuthView.do?wantedAuthNo=564562&infoTypeCd=CAT&infoTypeGroup=tb_workinfogubun,컨설팅
컨설팅,"ASC 팀(Advanced Strategy Consulting, 전...",한영회계법인,서울 영등포구,회사내규에 따름,경력무관 학력무관,,,2026-08-23,https://www.work24.go.kr/wk/a/b/1500/empDetailAuthView.do?wantedAuthNo=564412&infoTypeCd=CAT&infoTypeGroup=tb_workinfogubun,컨설팅
컨설팅,[을지로] 에이온코리아 퇴직연금 컨설팅 (Wealth Solutio...,보보스링크㈜,서울 중구,회사내규에 따름,경력무관 대졸(4년),주5일,,2026-08-30,https://www.work24.go.kr/wk/a/b/1500/empDetailAuthView.do?wantedAuthNo=51351339&infoTypeCd=CJK&infoTypeGroup=tb_workinfogubun,컨설팅
컨설팅,글로벌 컨설팅펌 물류 컨설팅 경력직 (3년 이상 경력) 정규직 채용,프로페셔날핸즈인핸즈코리아(주),서울 강남구,회사내규에 따름,경력3년 대졸(4년),,,2026-08-30,https://www.work24.go.kr/wk/a/b/1500/empDetailAuthView.do?wantedAuthNo=2607310000925&infoTypeCd=CIN&infoTypeGroup=tb_workinfogubun,컨설팅
컨설팅,글로벌 컨설팅펌 PI/ERP 컨설팅 경력직 (5년 이상 경력) 정규...,프로페셔날핸즈인핸즈코리아(주),서울 강남구,회사내규에 따름,경력5년 대졸(4년),,,2026-08-30,https://www.work24.go.kr/wk/a/b/1500/empDetailAuthView.do?wantedAuthNo=2607310000937&infoTypeCd=CIN&infoTypeGroup=tb_workinfogubun,컨설팅
컨설팅,[관광개발 실행계획 수립/운영/교육/컨설팅 전문] 신입 채용,(주)코스트,서울 중구,회사내규에 따름,신입 대졸(2~3년),주5일,,2026-08-30,https://www.work24.go.kr/wk/a/b/1500/empDetailAuthView.do?wantedAuthNo=54617048&infoTypeCd=CSI&infoTypeGroup=tb_workinfogubun,컨설팅
컨설팅,05. strategy consultant [외국계 컨설팅펌],베스트네트워크(주),서울 강남구,회사내규에 따름,경력3년 학력무관,주5일,,2099-01-01,https://www.work24.go.kr/wk/a/b/1500/empDetailAuthView.do?wantedAuthNo=2607310001029&infoTypeCd=CIN&infoTypeGroup=tb_workinfogubun,컨설팅
컨설팅,(주)지에스브랜즈 컨설팅 분야 기획·자료정리(타당성 분석),(주)지에스브랜즈,경기 성남시 분당구 등,회사내규에 따름,경력무관 대졸(2~3년),주5일,,2026-08-30,https://www.work24.go.kr/wk/a/b/1500/empDetailAuthView.do?wantedAuthNo=54617769&infoTypeCd=CSI&infoTypeGroup=tb_workinfogubun,컨설팅
컨설팅,[한국윤리인권연구원] 리서치 & 컨설팅 연구원 모집,(주)한국윤리인권연구원,경기 평택시,회사내규에 따름,신입 대졸(4년),주5일,,2026-09-29,https://www.work24.go.kr/wk/a/b/1500/empDetailAuthView.do?wantedAuthNo=54617781&infoTypeCd=CSI&infoTypeGroup=tb_workinfogubun,컨설팅
컨설팅,안전보건관리체계 구축 컨설팅 업무보조자 모집,주식회사 정안전기술단,경상북도 포항시 북구,월급 300 만원 ~ 300 만원,경력무관 학력무관,주5일 주 40시간 근로 09:00 ~ 18:00,,2026-08-20,https://www.work24.go.kr/wk/a/b/1500/empDetailAuthView.do?wantedAuthNo=K130112607300063&infoTypeCd=VALIDATION&infoTypeGroup=tb_workinfoworknet,컨설팅
컨설팅,[J&B컨설팅]현대캐피탈 신차채널지원팀 사무지원(오퍼레이션) 채용,㈜제이앤비컨설팅,서울 영등포구 등,"연봉 3,761 만원 ~ 4,961 만원",경력무관 고졸,주5일,,2026-08-07,https://www.work24.go.kr/wk/a/b/1500/empDetailAuthView.do?wantedAuthNo=51342998&infoTypeCd=CJK&infoTypeGroup=tb_workinfogubun,컨설팅
컨설팅,[J&B컨설팅]현대캐피탈 중고채널지원팀 금융상품 후선OP업무(서류작...,㈜제이앤비컨설팅,서울 영등포구,"연봉 3,461 만원 ~ 3,461 만원",경력무관 고졸,주5일,,2026-08-06,https://www.work24.go.kr/wk/a/b/1500/empDetailAuthView.do?wantedAuthNo=51343000&infoTypeCd=CJK&infoTypeGroup=tb_workinfogubun,컨설팅
컨설팅,법인 영업 및 교육 컨설팅 정규직 채용,(주)와이비엠넷,서울 종로구,회사내규에 따름,신입 대졸(4년),주5일,,2026-08-09,https://www.work24.go.kr/wk/a/b/1500/empDetailAuthView.do?wantedAuthNo=54604035&infoTypeCd=CSI&infoTypeGroup=tb_workinfogubun,컨설팅
컨설팅,컨설팅부문 제조영역 컨설턴트 경력직,한영회계법인,서울 영등포구,회사내규에 따름,경력2년 대졸(4년),,,2026-08-13,https://www.work24.go.kr/wk/a/b/1500/empDetailAuthView.do?wantedAuthNo=54604106&infoTypeCd=CSI&infoTypeGroup=tb_workinfogubun,컨설팅
컨설팅,(주)디에스컨설팅에서 웹디자인 디자이너를 찾고 있어요,(주)디에스컨설팅,충북 청주시 청원구 등,회사내규에 따름,경력2년 대졸(2~3년),주5일,,2026-08-29,https://www.work24.go.kr/wk/a/b/1500/empDetailAuthView.do?wantedAuthNo=54604936&infoTypeCd=CSI&infoTypeGroup=tb_workinfogubun,컨설팅
컨설팅,컨설팅부문 Finance팀 컨설턴트 경력직,한영회계법인,서울 영등포구,회사내규에 따름,경력6년 대졸(4년),,,2026-08-13,https://www.work24.go.kr/wk/a/b/1500/empDetailAuthView.do?wantedAuthNo=54605736&infoTypeCd=CSI&infoTypeGroup=tb_workinfogubun,컨설팅
컨설팅,(주)위즈 지역개발 컨설팅 분야 신입 채용,(주)위즈,대구 북구,회사내규에 따름,신입/경력1년 대졸(4년),주5일,,2026-08-14,https://www.work24.go.kr/wk/a/b/1500/empDetailAuthView.do?wantedAuthNo=54606339&infoTypeCd=CSI&infoTypeGroup=tb_workinfogubun,컨설팅
컨설팅,[긴급] 대학병원 상주 AI 교육 및 컨설팅 전문 인력 채용 (PM...,(주)소르테크,경남 창원시 마산회원구 등,회사내규에 따름,경력무관 대졸(4년),,,2026-09-28,https://www.work24.go.kr/wk/a/b/1500/empDetailAuthView.do?wantedAuthNo=54610133&infoTypeCd=CSI&infoTypeGroup=tb_workinfogubun,컨설팅
컨설팅,전산유체역학 컨설팅 그룹 넥스트폼 기술영업 채용,주식회사넥스트폼,서울특별시 금천구 디지털로9길,월급 300 만원 ~ 400 만원,경력무관 대졸(4년),주5일 주 40시간 근로 09:00 ~ 18:00,,2026-09-27,https://www.work24.go.kr/wk/a/b/1500/empDetailAuthView.do?wantedAuthNo=K120612607290032&infoTypeCd=VALIDATION&infoTypeGroup=tb_workinfoworknet,컨설팅
컨설팅,산업안전기사 및 컨설팅,한국종합안전교육사회적협동조합,전북특별자치도 군산시 산단남북로,월급 260 만원 ~ 300 만원,경력무관 학력무관,주5일 주 40시간 근로 09:00 ~ 18:00,,2026-08-12,https://www.work24.go.kr/wk/a/b/1500/empDetailAuthView.do?wantedAuthNo=K160012607290011&infoTypeCd=VALIDATION&infoTypeGroup=tb_workinfoworknet,컨설팅
컨설팅,환경컨설팅(대기 인허가) 및 환경설비 설계 직원 모집,(주)성진이테크,전북특별자치도 전주시 완산구,월급 250 만원 이상,신입 학력무관,주5일 주 40시간 근로 09:00 ~ 18:00,,2026-09-27,https://www.work24.go.kr/wk/a/b/1500/empDetailAuthView.do?wantedAuthNo=K161132607290005&infoTypeCd=VALIDATION&infoTypeGroup=tb_workinfoworknet,컨설팅
컨설팅,[기본급보장 + 성과급] 부동산 영업 & 컨설팅 & 신입/경력 모집,효건 주식회사,서울 강남구,회사내규에 따름,신입/경력 학력무관,,,2026-09-27,https://www.work24.go.kr/wk/a/b/1500/empDetailAuthView.do?wantedAuthNo=2605130001830&infoTypeCd=CIN&infoTypeGroup=tb_workinfogubun,컨설팅
컨설팅,[정앤서]농어촌 지역계획 컨설팅 신입연구원 모집,(주)정앤서,서울 강남구,회사내규에 따름,신입 대졸(4년),주5일,,2026-08-14,https://www.work24.go.kr/wk/a/b/1500/empDetailAuthView.do?wantedAuthNo=54593987&infoTypeCd=CSI&infoTypeGroup=tb_workinfogubun,컨설팅
컨설팅,디지털 컨설팅 부문 컨설턴트 모집 (신입),세종경영자문(주),서울 종로구,"연봉 3,600 만원 ~ 3,600 만원",신입 대졸(4년),주5일,,2026-08-07,https://www.work24.go.kr/wk/a/b/1500/empDetailAuthView.do?wantedAuthNo=54595145&infoTypeCd=CSI&infoTypeGroup=tb_workinfogubun,컨설팅
컨설팅,T&T부문 정보보안 컨설팅 인턴,딜로이트 안진회계법인,서울 영등포구,회사내규에 따름,신입 대졸(4년),,,2026-12-17,https://www.work24.go.kr/wk/a/b/1500/empDetailAuthView.do?wantedAuthNo=22100384&infoTypeCd=CCN&infoTypeGroup=tb_workinfogubun,컨설팅
컨설팅,T&T부문 정보보안 및 개인정보보호 컨설팅 경력직,딜로이트 안진회계법인,서울 영등포구,회사내규에 따름,경력2년 대졸(4년),,,2026-12-17,https://www.work24.go.kr/wk/a/b/1500/empDetailAuthView.do?wantedAuthNo=22100385&infoTypeCd=CCN&infoTypeGroup=tb_workinfogubun,컨설팅
컨설팅,T&T부문 기업 Risk Management 및 IT/DX 분야 컨설팅...,딜로이트 안진회계법인,서울 영등포구,회사내규에 따름,경력3년 대졸(4년),,,2026-12-17,https://www.work24.go.kr/wk/a/b/1500/empDetailAuthView.do?wantedAuthNo=22100387&infoTypeCd=CCN&infoTypeGroup=tb_workinfogubun,컨설팅
컨설팅,T&T부문 기업 Risk Management 및 IT/DX 분야 컨설팅...,딜로이트 안진회계법인,서울 영등포구,회사내규에 따름,경력1년 대졸(4년),,,2026-12-18,https://www.work24.go.kr/wk/a/b/1500/empDetailAuthView.do?wantedAuthNo=22100388&infoTypeCd=CCN&infoTypeGroup=tb_workinfogubun,컨설팅
컨설팅,T&T부문 인증보안 컨설팅 경력직,딜로이트 안진회계법인,서울 영등포구,회사내규에 따름,경력2년 대졸(4년),,,2026-12-17,https://www.work24.go.kr/wk/a/b/1500/empDetailAuthView.do?wantedAuthNo=22100389&infoTypeCd=CCN&infoTypeGroup=tb_workinfogubun,컨설팅
컨설팅,[종합안전법인] 안전보건컨설팅 분야 신입,(주)더베스트안전,경기도 화성시 동탄구 등,"연봉 3,000 만원 ~ 3,000 만원",신입/경력1년 대졸(2~3년),,,2026-08-28,https://www.work24.go.kr/wk/a/b/1500/empDetailAuthView.do?wantedAuthNo=54597015&infoTypeCd=CSI&infoTypeGroup=tb_workinfogubun,컨설팅
컨설팅,[삼보어학원] 고1 영어 내신 / 외고입시 컨설팅 / 초중등 각 분...,대치삼보어학원,서울 강남구 등,회사내규에 따름,경력1년 대졸(4년),주5일,,2026-08-09,https://www.work24.go.kr/wk/a/b/1500/empDetailAuthView.do?wantedAuthNo=51340851&infoTypeCd=CJK&infoTypeGroup=tb_workinfogubun,컨설팅
컨설팅,금융컨설팅부문 Finance팀 컨설턴트 경력직 채용,한영회계법인,서울 영등포구,회사내규에 따름,경력무관 학력무관,,,2026-08-17,https://www.work24.go.kr/wk/a/b/1500/empDetailAuthView.do?wantedAuthNo=563828&infoTypeCd=CAT&infoTypeGroup=tb_workinfogubun,컨설팅
컨설팅,컨설팅부문 Finance팀 컨설턴트 경력직 채용,한영회계법인,서울 영등포구,회사내규에 따름,경력 학력무관,,,2026-08-13,https://www.work24.go.kr/wk/a/b/1500/empDetailAuthView.do?wantedAuthNo=563823&infoTypeCd=CAT&infoTypeGroup=tb_workinfogubun,컨설팅
컨설팅,컨설팅부문 제조영역 컨설턴트 경력직 채용,한영회계법인,서울 영등포구,회사내규에 따름,경력무관 대졸(4년),,,2026-08-12,https://www.work24.go.kr/wk/a/b/1500/empDetailAuthView.do?wantedAuthNo=563822&infoTypeCd=CAT&infoTypeGroup=tb_workinfogubun,컨설팅
컨설팅,"재해예방 기술지도, 컨설팅 요원 채용",주식회사 강원건설안전지도원,강원특별자치도 강릉시 남부로64번길,"연봉 4,100 만원 ~ 4,100 만원",경력1년 학력무관,주5일 주 40시간 근로 09:00 ~ 18:00,,2026-09-27,https://www.work24.go.kr/wk/a/b/1500/empDetailAuthView.do?wantedAuthNo=K152312607280011&infoTypeCd=VALIDATION&infoTypeGroup=tb_workinfoworknet,컨설팅
컨설팅,건설안전보건컨설팅 및 재해예방기술지도요원 채용 (건설안전),안심에스엘 주식회사,전남광주통합특별시 북구 첨단과기로208번길,"연봉 3,000 만원 이상",경력1년 학력무관,주5일 주 40시간 근로 09:00 ~ 18:00,,2026-08-15,https://www.work24.go.kr/wk/a/b/1500/empDetailAuthView.do?wantedAuthNo=K160012607280021&infoTypeCd=VALIDATION&infoTypeGroup=tb_workinfoworknet,컨설팅
컨설팅,"환경컨설팅 사원 모집(인허가, 수질,대기 오염방지시설 설걔)",주식회사 동부그린,전남광주통합특별시 순천시 해룡면,"연봉 3,300 만원 ~ 5,500 만원",경력무관 대졸(2~3년) ~ 대졸(4년),주5일 주 40시간 근로 09:00 ~ 18:00,,2026-09-27,https://www.work24.go.kr/wk/a/b/1500/empDetailAuthView.do?wantedAuthNo=K162212607280013&infoTypeCd=VALIDATION&infoTypeGroup=tb_workinfoworknet,컨설팅
컨설팅,[정앤서]농어촌 지역계획 컨설팅 연구원 모집,(주)정앤서,서울 강남구,회사내규에 따름,신입/경력1년 대졸(4년),주5일,,2026-08-27,https://www.work24.go.kr/wk/a/b/1500/empDetailAuthView.do?wantedAuthNo=54582290&infoTypeCd=CSI&infoTypeGroup=tb_workinfogubun,컨설팅
컨설팅,"특목고 입시학원 논술, 특목입시컨설팅/ 국어 교과(내신) 교사",(주)독서문화연구원,서울 강남구,회사내규에 따름,경력무관 대졸(4년),,,2026-08-27,https://www.work24.go.kr/wk/a/b/1500/empDetailAuthView.do?wantedAuthNo=54584441&infoTypeCd=CSI&infoTypeGroup=tb_workinfogubun,컨설팅
컨설팅,"에스피케이컨설팅 경영지원, 경리총무 직원채용",에스피케이컨설팅,서울 관악구,월급 220 만원 ~ 220 만원,경력무관 학력무관,주5일,,2026-08-27,https://www.work24.go.kr/wk/a/b/1500/empDetailAuthView.do?wantedAuthNo=54585841&infoTypeCd=CSI&infoTypeGroup=tb_workinfogubun,컨설팅
컨설팅,[라움] 상담 컨설팅 카운셀링 매니저,(주)트라움에스앤씨,서울 강남구,회사내규에 따름,경력무관 학력무관,,,2026-09-26,https://www.work24.go.kr/wk/a/b/1500/empDetailAuthView.do?wantedAuthNo=54585946&infoTypeCd=CSI&infoTypeGroup=tb_workinfogubun,컨설팅
컨설팅,[공인중개사] 상업용부동산 임대컨설팅 경력인재 채용,에스에프인촌 주식회사,서울 강남구,회사내규에 따름,경력4년 대졸(4년),,,2026-08-12,https://www.work24.go.kr/wk/a/b/1500/empDetailAuthView.do?wantedAuthNo=2607280003902&infoTypeCd=CIN&infoTypeGroup=tb_workinfogubun,컨설팅
컨설팅,HCG 휴먼컨설팅그룹 2026년 하반기 경력 공채,휴먼컨설팅그룹,서울 서초구,회사내규에 따름,경력무관 대졸(4년),,,2099-01-01,https://www.work24.go.kr/wk/a/b/1500/empDetailAuthView.do?wantedAuthNo=563413&infoTypeCd=CAT&infoTypeGroup=tb_workinfogubun,컨설팅
컨설팅,[(주)디에스컨설팅] 콘텐츠 마케팅 디자이너 채용 (AI 활용 우대...,,,회사내규에 따름,,,,2026-08-31,https://www.work24.go.kr/wk/a/b/1500/empDetailAuthView.do?wantedAuthNo=13803&infoTypeCd=WIH&infoTypeGroup=tb_workinfowih,컨설팅
컨설팅,컨설팅 사무직원 채용,(주)국제기술인증원,경기 성남시 분당구 등,"연봉 2,590 만원 ~ 2,590 만원",신입/경력1년 대졸(2~3년),주5일,,2026-08-26,https://www.work24.go.kr/wk/a/b/1500/empDetailAuthView.do?wantedAuthNo=54571854&infoTypeCd=CSI&infoTypeGroup=tb_workinfogubun,컨설팅
컨설팅,VVIP 고객컨설팅(럭셔리.PB.WM.하이엔드.호텔.컨시어지.엠버서...,(주)스카우트파트너스,서울,회사내규에 따름,경력3년 대졸(4년),,,2099-01-01,https://www.work24.go.kr/wk/a/b/1500/empDetailAuthView.do?wantedAuthNo=2607270002730&infoTypeCd=CIN&infoTypeGroup=tb_workinfogubun,컨설팅
컨설팅,[컨설팅1본부] 근무세무사 채용 공고,세무법인리원,서울 강남구,회사내규에 따름,경력무관 학력무관,,,2026-08-26,https://www.work24.go.kr/wk/a/b/1500/empDetailAuthView.do?wantedAuthNo=54576472&infoTypeCd=CSI&infoTypeGroup=tb_workinfogubun,컨설팅
컨설팅,[NAVER] 광고 컨설팅 & 세일즈 매니저 (경력) 채용,네이버,경기 성남시 분당구 등,회사내규에 따름,경력무관 학력무관,,,2026-08-05,https://www.work24.go.kr/wk/a/b/1500/empDetailAuthView.do?wantedAuthNo=563247&infoTypeCd=CAT&infoTypeGroup=tb_workinfogubun,컨설팅
컨설팅,특허분석&특허명세사&특허컨설팅外 경력무관 채용,세인특허법률사무소,서울 금천구,회사내규에 따름,경력무관 대졸(4년),,,2026-08-24,https://www.work24.go.kr/wk/a/b/1500/empDetailAuthView.do?wantedAuthNo=54564474&infoTypeCd=CSI&infoTypeGroup=tb_workinfogubun,컨설팅
컨설팅,"[기획,디자인] 아트컨설팅 프로젝트 기획·운영 PM 경력직",(주)아트앤밸런스,서울 등,회사내규에 따름,경력3년 대졸(4년),주5일,,2026-08-05,https://www.work24.go.kr/wk/a/b/1500/empDetailAuthView.do?wantedAuthNo=54377008&infoTypeCd=CSI&infoTypeGroup=tb_workinfogubun,컨설팅
컨설팅,[경력] 일본 컨설팅/마케팅 컨설턴트 채용,(주)세토웍스,서울 강남구,회사내규에 따름,경력2년 대졸(4년),,,2026-08-23,https://www.work24.go.kr/wk/a/b/1500/empDetailAuthView.do?wantedAuthNo=54551377&infoTypeCd=CSI&infoTypeGroup=tb_workinfogubun,컨설팅
컨설팅,[대명인사컨설팅] 임금대장 및 4대보험관리 신입/경력 모집,대명인사컨설팅,서울 등,회사내규에 따름,신입/경력1년 고졸,,,2099-12-31,https://www.work24.go.kr/wk/a/b/1500/empDetailAuthView.do?wantedAuthNo=54554134&infoTypeCd=CSI&infoTypeGroup=tb_workinfogubun,컨설팅
컨설팅,교육컨설팅 담당 컨설턴트 모집 [교육학 관련 전공 박사],(주)지투엠파트너스,서울 성동구,회사내규에 따름,신입/경력 박사,주5일,,2099-01-01,https://www.work24.go.kr/wk/a/b/1500/empDetailAuthView.do?wantedAuthNo=2607240001992&infoTypeCd=CIN&infoTypeGroup=tb_workinfogubun,컨설팅
컨설팅,외식업 매출상승 컨설팅 받을 식당을 찾는 영업,(주)맥스정보통신,경기 군포시 등,회사내규에 따름,경력무관 학력무관,주5일,,2026-08-23,https://www.work24.go.kr/wk/a/b/1500/empDetailAuthView.do?wantedAuthNo=54558491&infoTypeCd=CSI&infoTypeGroup=tb_workinfogubun,컨설팅
컨설팅,사이버보안 컨설팅 기획 전문가(팀장급) 채용,에스케이쉴더스(주),경기 성남시 분당구 등,회사내규에 따름,경력8년 대졸(4년),,,2026-08-31,https://www.work24.go.kr/wk/a/b/1500/empDetailAuthView.do?wantedAuthNo=54559751&infoTypeCd=CSI&infoTypeGroup=tb_workinfogubun,컨설팅
컨설팅,[경력] 일본 컨설팅/마케팅 컨설턴트 (팀장급) 채용,(주)세토웍스,서울 강남구,회사내규에 따름,경력2년 대졸(4년),,,2026-08-22,https://www.work24.go.kr/wk/a/b/1500/empDetailAuthView.do?wantedAuthNo=54551240&infoTypeCd=CSI&infoTypeGroup=tb_workinfogubun,컨설팅
컨설팅,컨설팅부문 통신 컨설턴트 경력직 채용,한영회계법인,서울 영등포구,회사내규에 따름,경력무관 대졸(4년),,,2026-08-23,https://www.work24.go.kr/wk/a/b/1500/empDetailAuthView.do?wantedAuthNo=563028&infoTypeCd=CAT&infoTypeGroup=tb_workinfogubun,컨설팅
컨설팅,(주)카길애그리퓨리나 영천특약점 축산사료컨설팅 및 관리,대영축산(주),경상북도 영천시 금완로,월급 300 만원 이상 상여별도 100%,경력무관 학력무관,주5일 주 40시간 근로 09:00 ~ 18:00,,2026-09-20,https://www.work24.go.kr/wk/a/b/1500/empDetailAuthView.do?wantedAuthNo=K140172607220012&infoTypeCd=VALIDATION&infoTypeGroup=tb_workinfoworknet,컨설팅
컨설팅,지역개발·컨설팅 분야 대리·과장급 연구원 (세종 1명) 충원,(주)착한동네,세종,회사내규에 따름,신입/경력2년 대졸(4년),주5일,,2099-01-01,https://www.work24.go.kr/wk/a/b/1500/empDetailAuthView.do?wantedAuthNo=54527939&infoTypeCd=CSI&infoTypeGroup=tb_workinfogubun,컨설팅
컨설팅,"지역개발·컨설팅 분야 대리,과장급 연구원 (광주) 1명 충원",(주)착한동네,전남광주 광산구,회사내규에 따름,경력2년 대졸(4년),주5일,,2099-01-01,https://www.work24.go.kr/wk/a/b/1500/empDetailAuthView.do?wantedAuthNo=54527940&infoTypeCd=CSI&infoTypeGroup=tb_workinfogubun,컨설팅
컨설팅,"지역개발·컨설팅 분야 대리,과장급 연구원 (제주 1명)",(주)착한동네,제주 제주시,회사내규에 따름,경력2년 대졸(4년),주5일,,2099-01-01,https://www.work24.go.kr/wk/a/b/1500/empDetailAuthView.do?wantedAuthNo=54527941&infoTypeCd=CSI&infoTypeGroup=tb_workinfogubun,컨설팅
컨설팅,[J&B컨설팅] 현대캐피탈 고객상담팀 본사사무지원 채용,㈜제이앤비컨설팅,서울 중구 등,"연봉 3,461 만원 ~ 4,000 만원",경력무관 고졸,주5일,,2026-08-07,https://www.work24.go.kr/wk/a/b/1500/empDetailAuthView.do?wantedAuthNo=51295048&infoTypeCd=CJK&infoTypeGroup=tb_workinfogubun,컨설팅
컨설팅,공주시 대학 취업 컨설턴트 채용 - 교육 컨설팅 전문기업,(주)이지엠휴먼월드,충남 공주시,회사내규에 따름,경력무관 대졸(4년),,,2026-08-21,https://www.work24.go.kr/wk/a/b/1500/empDetailAuthView.do?wantedAuthNo=54529573&infoTypeCd=CSI&infoTypeGroup=tb_workinfogubun,컨설팅
컨설팅,Lead UX Researcher (UX 컨설팅 리드급) 채용,(주)바이널씨,서울 강남구,회사내규에 따름,경력10년 학력무관,주5일,,2026-08-21,https://www.work24.go.kr/wk/a/b/1500/empDetailAuthView.do?wantedAuthNo=54530538&infoTypeCd=CSI&infoTypeGroup=tb_workinfogubun,컨설팅
컨설팅,[정책컨설팅더지음(주)] 과학기술정책 및 전략기획 컨설팅 지원 인턴...,,,회사내규에 따름,,,,2026-08-31,https://www.work24.go.kr/wk/a/b/1500/empDetailAuthView.do?wantedAuthNo=13790&infoTypeCd=WIH&infoTypeGroup=tb_workinfowih,컨설팅
전략컨설팅,[정책컨설팅더지음(주)] 과학기술정책 및 전략기획 컨설턴트 채용,,,회사내규에 따름,,,,2026-08-31,https://www.work24.go.kr/wk/a/b/1500/empDetailAuthView.do?wantedAuthNo=13789&infoTypeCd=WIH&infoTypeGroup=tb_workinfowih,컨설팅
전략컨설팅,주식회사에스더블유솔루션 교육경영 컨설팅 기획·전략 담당자를 찾고 있...,주식회사에스더블유솔루션,서울 송파구,회사내규에 따름,경력무관 학력무관,,,2026-08-19,https://www.work24.go.kr/wk/a/b/1500/empDetailAuthView.do?wantedAuthNo=54504462&infoTypeCd=CSI&infoTypeGroup=tb_workinfogubun,컨설팅
전략컨설팅,몽키컴퍼니 몽키컨설팅 전략기획팀 (통신 유/무선 경력자 우대),몽키컨설팅,부산 부산진구,"연봉 2,700 만원 ~ 2,700 만원",경력무관 학력무관,,,2026-09-13,https://www.work24.go.kr/wk/a/b/1500/empDetailAuthView.do?wantedAuthNo=54475437&infoTypeCd=CSI&infoTypeGroup=tb_workinfogubun,컨설팅
전략컨설팅,[삼정KPMG] [컨설팅] 전략그룹 People＆Change (인사...,삼정회계법인,서울 강남구,회사내규에 따름,경력무관 대졸(4년),,,2026-09-30,https://www.work24.go.kr/wk/a/b/1500/empDetailAuthView.do?wantedAuthNo=559884&infoTypeCd=CAT&infoTypeGroup=tb_workinfogubun,컨설팅
전략컨설팅,과학기술&산업전략기획 컨설팅 인턴 모집,(주)전략울림,서울 관악구,회사내규에 따름,경력무관 대졸(4년),주5일,,2026-08-23,https://www.work24.go.kr/wk/a/b/1500/empDetailAuthView.do?wantedAuthNo=54273251&infoTypeCd=CSI&infoTypeGroup=tb_workinfogubun,컨설팅
경영컨설팅,대구 한울 소상공인경영컨설팅 사무장 신입 정규직 직원 채용,한울,대구 중구,월급 240 만원 ~ 240 만원,경력무관 학력무관,,,2026-08-20,https://www.work24.go.kr/wk/a/b/1500/empDetailAuthView.do?wantedAuthNo=54522054&infoTypeCd=CSI&infoTypeGroup=tb_workinfogubun,컨설팅
경영컨설팅,[신입/경력] 2026년 컨설턴트 정규직 채용 [경영 컨설팅],(주)지투엠파트너스,서울 성동구,회사내규에 따름,신입/경력 석사,주5일,,2099-01-01,https://www.work24.go.kr/wk/a/b/1500/empDetailAuthView.do?wantedAuthNo=2607060002752&infoTypeCd=CIN&infoTypeGroup=tb_workinfogubun,컨설팅
경영컨설팅,경영컨설팅 사업기획,탑컨설팅,경기도 남양주시 오남읍,"연봉 2,600 만원 이상 상여별도 200%",경력20년 대졸(4년) ~ 박사,주5일 주 40시간 근로 09:00 ~ 17:00,,2026-09-05,https://www.work24.go.kr/wk/a/b/1500/empDetailAuthView.do?wantedAuthNo=K180132607060036&infoTypeCd=VALIDATION&infoTypeGroup=tb_workinfoworknet,컨설팅
경영컨설팅,경영컨설팅 및 IT컨설팅 제안,전후IT컨설팅,대구광역시 동구 장등로,월급 320 만원 ~ 330 만원 상여별도 50%,경력5년 학력무관,주5일 주 40시간 근로 09:00 ~ 18:00,,2026-08-23,https://www.work24.go.kr/wk/a/b/1500/empDetailAuthView.do?wantedAuthNo=K140162606240004&infoTypeCd=VALIDATION&infoTypeGroup=tb_workinfoworknet,컨설팅
컨설턴트,[오리역/영양사자격증필수] 건강기능제품 정규직 컨설턴트 채용,㈜한국고용정보,경기 성남시 분당구 등,회사내규에 따름,경력무관 학력무관,기타,,2026-09-04,https://www.work24.go.kr/wk/a/b/1500/empDetailAuthView.do?wantedAuthNo=51378378&infoTypeCd=CJK&infoTypeGroup=tb_workinfogubun,컨설팅
컨설턴트,정보보안 컨설턴트 경력 사원 모집 (서울 지사 근무),(주)케이시큐어,서울 강서구,회사내규에 따름,경력1년 대졸(4년),주5일,,2026-09-04,https://www.work24.go.kr/wk/a/b/1500/empDetailAuthView.do?wantedAuthNo=54658035&infoTypeCd=CSI&infoTypeGroup=tb_workinfogubun,컨설팅
컨설턴트,경성대학교 [대학일자리플러스센터] 컨설턴트 계약직 신규채용,주식회사 위드온라,부산광역시 남구 수영로,"연봉 2,900 만원 ~ 2,900 만원",경력1년 대졸(2~3년) ~ 대졸(4년),주5일 주 40시간 근로 09:00 ~ 18:00,,2026-08-21,https://www.work24.go.kr/wk/a/b/1500/empDetailAuthView.do?wantedAuthNo=KC5U102608040001&infoTypeCd=VALIDATION&infoTypeGroup=tb_workinfoworknet,컨설팅
컨설턴트,[주식회사 디에스토탈케어] 해충방제 서비스컨설턴트 모집,주식회사 디에스토탈케어,경기도 성남시 분당구,월급 240 만원 ~ 260 만원,경력무관 학력무관,주5일 주 40시간 근로 09:00 ~ 18:00,,2026-10-03,https://www.work24.go.kr/wk/a/b/1500/empDetailAuthView.do?wantedAuthNo=K180312608040023&infoTypeCd=VALIDATION&infoTypeGroup=tb_workinfoworknet,컨설팅
컨설턴트,[한솔요리교육그룹 강남지점] 교육컨설턴트 상담 채용,한솔요리커피바리스타제과제빵아카데미,서울 서초구,회사내규에 따름,경력무관 대졸(2~3년),,,2026-09-03,https://www.work24.go.kr/wk/a/b/1500/empDetailAuthView.do?wantedAuthNo=54643330&infoTypeCd=CSI&infoTypeGroup=tb_workinfogubun,컨설팅
컨설턴트,[상장IT기업] SAP B1 ERP 구축 신입 컨설턴트,(주)아이퀘스트,서울 강남구,회사내규에 따름,신입 대졸(4년),주5일,,2026-09-03,https://www.work24.go.kr/wk/a/b/1500/empDetailAuthView.do?wantedAuthNo=54646352&infoTypeCd=CSI&infoTypeGroup=tb_workinfogubun,컨설팅
컨설턴트,(주)앤서 GEO 컨설턴트 신입 채용 공고,(주)앤서,서울 강남구,"연봉 3,000 만원 ~ 3,000 만원",신입 학력무관,,,2026-09-03,https://www.work24.go.kr/wk/a/b/1500/empDetailAuthView.do?wantedAuthNo=54648462&infoTypeCd=CSI&infoTypeGroup=tb_workinfogubun,컨설팅
컨설턴트,[캐럿글로벌] 글로벌 HR 리로케이션 컨설턴트(국내/해외),㈜캐럿글로벌,서울 용산구,회사내규에 따름,경력무관 대졸(4년),주5일,,2099-12-31,https://www.work24.go.kr/wk/a/b/1500/empDetailAuthView.do?wantedAuthNo=51373789&infoTypeCd=CJK&infoTypeGroup=tb_workinfogubun,컨설팅
컨설턴트,(주)메디고라운드 병원 개원 컨설턴트를 찾고 있어요,(주)메디고라운드,경기 남양주시,회사내규에 따름,경력3년 대졸(2~3년),,,2026-10-03,https://www.work24.go.kr/wk/a/b/1500/empDetailAuthView.do?wantedAuthNo=54650609&infoTypeCd=CSI&infoTypeGroup=tb_workinfogubun,컨설팅
컨설턴트,메디컬 커뮤니케이션 컨설턴트(Associate) / 메디컬라이터 채...,주식회사 에일리크,서울 용산구,회사내규에 따름,경력무관 학력무관,,,2026-08-18,https://www.work24.go.kr/wk/a/b/1500/empDetailAuthView.do?wantedAuthNo=1508459&infoTypeCd=CPR&infoTypeGroup=tb_workinfogubun,컨설팅
컨설턴트,ESG 컨설턴트(인턴) 모집,(주)마크스폰,서울 서초구,회사내규에 따름,신입 대졸(4년),주5일,,2026-09-02,https://www.work24.go.kr/wk/a/b/1500/empDetailAuthView.do?wantedAuthNo=54616995&infoTypeCd=CSI&infoTypeGroup=tb_workinfogubun,컨설팅
컨설턴트,강남역 - [다양한 DB/섭시드 지원] 개인/법인 컨설턴트 및 관리...,"굿리치 주식회사 (GoodRich Co., Ltd.)",서울 강남구 등,회사내규에 따름,신입/경력 학력무관,주5일,,2026-08-06,https://www.work24.go.kr/wk/a/b/1500/empDetailAuthView.do?wantedAuthNo=2608030000101&infoTypeCd=CIN&infoTypeGroup=tb_workinfogubun,컨설팅
컨설턴트,초중등 입시 컨설턴트 & 상담 운영 담당자 채용,메가스터디교육㈜,서울 서초구 등,회사내규에 따름,경력무관 대졸(4년),주5일,,2026-08-09,https://www.work24.go.kr/wk/a/b/1500/empDetailAuthView.do?wantedAuthNo=51360435&infoTypeCd=CJK&infoTypeGroup=tb_workinfogubun,컨설팅
컨설턴트,[코스닥기업] 솔루션 컨설턴트 채용,(주)비아이매트릭스,서울 강남구,회사내규에 따름,경력7년 대졸(4년),주5일,,2026-08-17,https://www.work24.go.kr/wk/a/b/1500/empDetailAuthView.do?wantedAuthNo=2608030000426&infoTypeCd=CIN&infoTypeGroup=tb_workinfogubun,컨설팅
컨설턴트,Smart Factory 컨설턴트 - 대기업 계열사,(주)피플케어코리아,서울,회사내규에 따름,경력5년 대졸(4년),,,2099-01-01,https://www.work24.go.kr/wk/a/b/1500/empDetailAuthView.do?wantedAuthNo=2608030000556&infoTypeCd=CIN&infoTypeGroup=tb_workinfogubun,컨설팅
컨설턴트,[페어스퀘어랩] 글로벌 금융 컨소시엄 프로젝트 컨설턴트 (PMO),(주)페어스퀘어랩,서울 강남구,회사내규에 따름,경력5년 대졸(4년),,,2026-08-14,https://www.work24.go.kr/wk/a/b/1500/empDetailAuthView.do?wantedAuthNo=54632836&infoTypeCd=CSI&infoTypeGroup=tb_workinfogubun,컨설팅
컨설턴트,[주 4.3일제] AI 펜션 마케팅 컨설턴트 모집,㈜트립일레븐,서울 금천구 등,"연봉 3,300 만원 ~ 3,300 만원",경력무관 학력무관,주5일,,2026-08-31,https://www.work24.go.kr/wk/a/b/1500/empDetailAuthView.do?wantedAuthNo=51362907&infoTypeCd=CJK&infoTypeGroup=tb_workinfogubun,컨설팅
컨설턴트,유학 컨설턴트 (경력),솔로몬에듀,서울 강남구 등,회사내규에 따름,경력무관 대졸(4년),,,2026-09-02,https://www.work24.go.kr/wk/a/b/1500/empDetailAuthView.do?wantedAuthNo=54635062&infoTypeCd=CSI&infoTypeGroup=tb_workinfogubun,컨설팅
컨설턴트,한남대학교 대학일자리플러스센터 취업컨설턴트 채용,주식회사 헥사곤랩,대전 대덕구,회사내규에 따름,경력1년 대졸(4년),,,2026-08-14,https://www.work24.go.kr/wk/a/b/1500/empDetailAuthView.do?wantedAuthNo=54638937&infoTypeCd=CSI&infoTypeGroup=tb_workinfogubun,컨설팅
컨설턴트,"[주요SI업체 자회사] SAP 모듈 컨설턴트(CO, FI, SD, ...",파워에이치알,서울 마포구,회사내규에 따름,경력5년 대졸(4년),주5일,,2026-09-02,https://www.work24.go.kr/wk/a/b/1500/empDetailAuthView.do?wantedAuthNo=2608030005045&infoTypeCd=CIN&infoTypeGroup=tb_workinfogubun,컨설팅
컨설턴트,"[주요SI업체 자회사] SAP 모듈 컨설턴트(eWM, TM 모듈)",파워에이치알,서울 마포구,회사내규에 따름,경력10년 대졸(4년),주5일,,2026-09-02,https://www.work24.go.kr/wk/a/b/1500/empDetailAuthView.do?wantedAuthNo=2608030005046&infoTypeCd=CIN&infoTypeGroup=tb_workinfogubun,컨설팅
컨설턴트,SAP ERP FI 모듈 컨설턴트 / 운영 담당자 채용,GS ITM,서울 종로구,회사내규에 따름,경력무관 학력무관,,,2026-09-02,https://www.work24.go.kr/wk/a/b/1500/empDetailAuthView.do?wantedAuthNo=564356&infoTypeCd=CAT&infoTypeGroup=tb_workinfogubun,컨설팅
컨설턴트,SAP ERP CO / MM / SD 모듈 컨설턴트 채용,GS ITM,서울 종로구,회사내규에 따름,경력 학력무관,,,2026-09-02,https://www.work24.go.kr/wk/a/b/1500/empDetailAuthView.do?wantedAuthNo=564357&infoTypeCd=CAT&infoTypeGroup=tb_workinfogubun,컨설팅
컨설턴트,전략컨설턴트 신입 및 경력 모집,(주)글로벌오픈파트너스,서울 영등포구,회사내규에 따름,신입/경력 대졸(4년),주5일,,2099-12-31,https://www.work24.go.kr/wk/a/b/1500/empDetailAuthView.do?wantedAuthNo=2607310000774&infoTypeCd=CIN&infoTypeGroup=tb_workinfogubun,컨설팅
컨설턴트,[제르코닉스] AX 컨설턴트·사업제안/운영 (정규직 전환형 인턴),(주)제르코닉스,경기 부천시,회사내규에 따름,경력무관 대졸(4년),주5일,,2099-01-01,https://www.work24.go.kr/wk/a/b/1500/empDetailAuthView.do?wantedAuthNo=54617122&infoTypeCd=CSI&infoTypeGroup=tb_workinfogubun,컨설팅
컨설턴트,"[성남시, 광주시, 용인시] 서비스컨설턴트(방역사원) 채용",㈜프리엠환경,경기 성남시 분당구 등,회사내규에 따름,경력무관 학력무관,주5일,,2026-08-30,https://www.work24.go.kr/wk/a/b/1500/empDetailAuthView.do?wantedAuthNo=51352298&infoTypeCd=CJK&infoTypeGroup=tb_workinfogubun,컨설팅
컨설턴트,[IBK기업은행/하나은행팀] 웹케시 은행 프로그램 컨설턴트 업무,㈜피엔에이링크,서울 중구 등,월급 270 만원 ~ 270 만원,신입/경력 학력무관,주5일,,2026-08-30,https://www.work24.go.kr/wk/a/b/1500/empDetailAuthView.do?wantedAuthNo=51352732&infoTypeCd=CJK&infoTypeGroup=tb_workinfogubun,컨설팅
컨설턴트,한국인터텍 화평법 컨설턴트 채용,한국인터텍테스팅서비스(주),서울 성동구,회사내규에 따름,경력무관 대졸(4년),주5일,,2026-08-30,https://www.work24.go.kr/wk/a/b/1500/empDetailAuthView.do?wantedAuthNo=54620421&infoTypeCd=CSI&infoTypeGroup=tb_workinfogubun,컨설팅
컨설턴트,[IT/개발자/컨설턴트/영업] 신입/경력채용 (외국인지원가능),디포커스(주),서울 구로구,회사내규에 따름,경력3년 대졸(4년),,,2026-08-09,https://www.work24.go.kr/wk/a/b/1500/empDetailAuthView.do?wantedAuthNo=54620983&infoTypeCd=CSI&infoTypeGroup=tb_workinfogubun,컨설팅
컨설턴트,[강남역/정규전환可] 달바글로벌 뷰티 컨설턴트/세일즈 채용,㈜키스템프,서울 강남구 등,회사내규에 따름,경력무관 고졸,기타,,2026-08-30,https://www.work24.go.kr/wk/a/b/1500/empDetailAuthView.do?wantedAuthNo=51355834&infoTypeCd=CJK&infoTypeGroup=tb_workinfogubun,컨설팅
컨설턴트,순천제일대학교 대학일자리플러스센터 컨설턴트 채용,순천제일대학교,전남광주통합특별시 순천시 제일대학길,"연봉 2,900 만원 ~ 3,200 만원",경력1년 학력무관,주5일 주 40시간 근로 09:00 ~ 18:00,,2026-08-06,https://www.work24.go.kr/wk/a/b/1500/empDetailAuthView.do?wantedAuthNo=K162212607300010&infoTypeCd=VALIDATION&infoTypeGroup=tb_workinfoworknet,컨설팅
컨설턴트,취업 컨설턴트 경력 채용 (계약직),(주)멀티캠퍼스,서울 강남구,회사내규에 따름,경력1년 대졸(2~3년),,,2026-08-05,https://www.work24.go.kr/wk/a/b/1500/empDetailAuthView.do?wantedAuthNo=54605396&infoTypeCd=CSI&infoTypeGroup=tb_workinfogubun,컨설팅
컨설턴트,ESG센터 경력직 컨설턴트 채용,법무법인 세종,서울 종로구,회사내규에 따름,경력무관 대졸(4년),,,2026-08-17,https://www.work24.go.kr/wk/a/b/1500/empDetailAuthView.do?wantedAuthNo=563689&infoTypeCd=CAT&infoTypeGroup=tb_workinfogubun,컨설팅
컨설턴트,[휴먼파워텍 / 본사] F&B 운영 컨설턴트 채용,휴먼파워텍,경기 성남시 분당구 등,회사내규에 따름,경력 학력무관,주5일,,2026-08-31,https://www.work24.go.kr/wk/a/b/1500/empDetailAuthView.do?wantedAuthNo=51336681&infoTypeCd=CJK&infoTypeGroup=tb_workinfogubun,컨설팅
컨설턴트,T&T부문 정보보안 관련 인증 서비스 부문 컨설턴트 경력직,딜로이트 안진회계법인,서울 영등포구,회사내규에 따름,경력3년 대졸(4년),,,2026-12-17,https://www.work24.go.kr/wk/a/b/1500/empDetailAuthView.do?wantedAuthNo=22100386&infoTypeCd=CCN&infoTypeGroup=tb_workinfogubun,컨설팅
컨설턴트,[용인/성남] 새니텍 위생컨설턴트(방제/방역) 정규직 신입 채용,에스텍시스템,경기 수원시 영통구 등,"연봉 3,120 만원 ~ 3,120 만원",경력무관 고졸,주5일,,2099-12-31,https://www.work24.go.kr/wk/a/b/1500/empDetailAuthView.do?wantedAuthNo=51341387&infoTypeCd=CJK&infoTypeGroup=tb_workinfogubun,컨설팅
컨설턴트,[ ORP연구소 ] 선발센터 컨설턴트 채용,(주)오알피연구소,서울 서초구,회사내규에 따름,경력무관 대졸(4년),주5일,,2026-08-14,https://www.work24.go.kr/wk/a/b/1500/empDetailAuthView.do?wantedAuthNo=54599426&infoTypeCd=CSI&infoTypeGroup=tb_workinfogubun,컨설팅
컨설턴트,[ICT] ERP 컨설턴트 경력사원 채용,한화시스템,서울 중구,회사내규에 따름,경력무관 학력무관,,,2026-08-09,https://www.work24.go.kr/wk/a/b/1500/empDetailAuthView.do?wantedAuthNo=564257&infoTypeCd=CAT&infoTypeGroup=tb_workinfogubun,컨설팅
컨설턴트,KB손해보험 노원지점 보험전문 컨설턴트 모집,주식회사 케이비손해보험,서울특별시 노원구 동일로,월급 150 만원 ~ 150 만원,경력무관 학력무관,주5일 주 25시간 근로,,2026-09-27,https://www.work24.go.kr/wk/a/b/1500/empDetailAuthView.do?wantedAuthNo=KJAZ002607280004&infoTypeCd=VALIDATION&infoTypeGroup=tb_workinfoworknet,컨설팅
컨설턴트,[상장IT기업] ERP 구축 컨설턴트,(주)아이퀘스트,서울 강남구,회사내규에 따름,경력3년 학력무관,주5일,,2026-08-27,https://www.work24.go.kr/wk/a/b/1500/empDetailAuthView.do?wantedAuthNo=54581239&infoTypeCd=CSI&infoTypeGroup=tb_workinfogubun,컨설팅
컨설턴트,[(주)그라몽]친환경건축/교육환경평가 컨설턴트 모집(경력),(주)그라몽,서울 서초구,회사내규에 따름,경력1년 대졸(4년),주5일,,2099-01-01,https://www.work24.go.kr/wk/a/b/1500/empDetailAuthView.do?wantedAuthNo=54584723&infoTypeCd=CSI&infoTypeGroup=tb_workinfogubun,컨설팅
컨설턴트,충남도립대학교 취업컨설턴트 채용 공고,스탭스주식회사,충청남도 청양군 학사길,월급 300 만원 이상,경력1년 대졸(2~3년) ~ 박사,주5일 주 40시간 근로 09:00 ~ 18:00,,2026-08-31,https://www.work24.go.kr/wk/a/b/1500/empDetailAuthView.do?wantedAuthNo=K120122607270019&infoTypeCd=VALIDATION&infoTypeGroup=tb_workinfoworknet,컨설팅
컨설턴트,기업 외국어교육 기획 컨설턴트,(주)이플랜,경기 성남시 분당구 등,"연봉 3,400 만원 ~ 3,400 만원",경력무관 대졸(4년),주5일,,2026-08-26,https://www.work24.go.kr/wk/a/b/1500/empDetailAuthView.do?wantedAuthNo=54509618&infoTypeCd=CSI&infoTypeGroup=tb_workinfogubun,컨설팅
컨설턴트,ESG 컨설턴트(경력) 모집,(주)마크스폰,서울 서초구,회사내규에 따름,경력3년 대졸(4년),주5일,,2026-08-26,https://www.work24.go.kr/wk/a/b/1500/empDetailAuthView.do?wantedAuthNo=54523219&infoTypeCd=CSI&infoTypeGroup=tb_workinfogubun,컨설팅
컨설턴트,토마스앤앰코 미국 전문 컨설턴트 모집,㈜토마스앤앰코,서울 강남구 등,회사내규에 따름,경력 대졸(4년),주5일,,2026-08-26,https://www.work24.go.kr/wk/a/b/1500/empDetailAuthView.do?wantedAuthNo=51318975&infoTypeCd=CJK&infoTypeGroup=tb_workinfogubun,컨설팅
컨설턴트,지속가능전략팀 신입/경력 컨설턴트 채용,(주)에코앤파트너스,서울 강서구,"연봉 4,000 만원 ~ 4,000 만원",신입/경력3년 대졸(4년),주5일,,2026-08-26,https://www.work24.go.kr/wk/a/b/1500/empDetailAuthView.do?wantedAuthNo=54567820&infoTypeCd=CSI&infoTypeGroup=tb_workinfogubun,컨설팅
컨설턴트,ISO 인증·안전관리 컨설턴트(기술영업) 채용,주식회사해브올랩,울산 남구,월급 220 만원 ~ 220 만원,경력무관 학력무관,,,2026-09-25,https://www.work24.go.kr/wk/a/b/1500/empDetailAuthView.do?wantedAuthNo=54570507&infoTypeCd=CSI&infoTypeGroup=tb_workinfogubun,컨설팅
컨설턴트,AX 컨설턴트 채용,브이엔티지,서울 마포구,회사내규에 따름,경력무관 학력무관,,,2026-09-30,https://www.work24.go.kr/wk/a/b/1500/empDetailAuthView.do?wantedAuthNo=563194&infoTypeCd=CAT&infoTypeGroup=tb_workinfogubun,컨설팅
컨설턴트,[경력] 비지니스 컨설턴트 채용,CJ올리브네트웍스,서울 용산구,회사내규에 따름,경력무관 학력무관,,,2026-08-10,https://www.work24.go.kr/wk/a/b/1500/empDetailAuthView.do?wantedAuthNo=564265&infoTypeCd=CAT&infoTypeGroup=tb_workinfogubun,컨설팅
컨설턴트,해외 의료기기 인허가 관리 신입 컨설턴트 모집,와이즈컴퍼니(주),서울 금천구,"연봉 3,300 만원 ~ 3,300 만원",신입 대졸(4년),주5일,,2026-08-24,https://www.work24.go.kr/wk/a/b/1500/empDetailAuthView.do?wantedAuthNo=54563273&infoTypeCd=CSI&infoTypeGroup=tb_workinfogubun,컨설팅
컨설턴트,[코리아리서치] 퍼블릭리서치컨설턴트 모집 (경력),(주)코리아리서치인터내셔널,서울 서초구,회사내규에 따름,경력4년 대졸(4년),주5일,,2026-08-23,https://www.work24.go.kr/wk/a/b/1500/empDetailAuthView.do?wantedAuthNo=54556595&infoTypeCd=CSI&infoTypeGroup=tb_workinfogubun,컨설팅
컨설턴트,[코리아리서치] 마케팅리서치컨설턴트 모집 (경력),(주)코리아리서치인터내셔널,서울 서초구,회사내규에 따름,경력4년 대졸(4년),주5일,,2026-08-23,https://www.work24.go.kr/wk/a/b/1500/empDetailAuthView.do?wantedAuthNo=54556610&infoTypeCd=CSI&infoTypeGroup=tb_workinfogubun,컨설팅
컨설턴트,(주)엘크레 뷰티 컨설턴트 경력자 ㅣ (일·월 휴무),(주)엘크레,서울 강남구,"연봉 5,000 만원 ~ 5,000 만원",경력5년 대졸(2~3년),기타,,2026-08-23,https://www.work24.go.kr/wk/a/b/1500/empDetailAuthView.do?wantedAuthNo=54559406&infoTypeCd=CSI&infoTypeGroup=tb_workinfogubun,컨설팅
컨설턴트,[퍼스트인잡] 부산대학교 컨설턴트 채용 (일자리첫걸음보장센터 전담 ...,퍼스트인잡(주),부산광역시 금정구 부산대학로63번길,월급 250 만원 이상,경력2년 대졸(2~3년) ~ 석사,주5일 주 40시간 근로 09:00 ~ 18:00,,2026-08-06,https://www.work24.go.kr/wk/a/b/1500/empDetailAuthView.do?wantedAuthNo=K130112607230009&infoTypeCd=VALIDATION&infoTypeGroup=tb_workinfoworknet,컨설팅
컨설턴트,화장품 수출 인허가 컨설턴트(RA) - 권역별,윈게이트코리아주식회사,서울 강남구,회사내규에 따름,경력무관 학력무관,,,2026-08-22,https://www.work24.go.kr/wk/a/b/1500/empDetailAuthView.do?wantedAuthNo=54545243&infoTypeCd=CSI&infoTypeGroup=tb_workinfogubun,컨설팅
컨설턴트,(경력) Salesforce 세일즈포스 컨설턴트/개발자/마케터 채용,(주)디스커션,서울 종로구,회사내규에 따름,경력1년 대졸(4년),주5일,,2099-01-01,https://www.work24.go.kr/wk/a/b/1500/empDetailAuthView.do?wantedAuthNo=54546880&infoTypeCd=CSI&infoTypeGroup=tb_workinfogubun,컨설팅
컨설턴트,액자 전문 브랜드 CS 컨설턴트 (상담사) 채용,케일리웍스㈜,경기 용인시 처인구 등,"연봉 3,000 만원 ~ 3,000 만원",경력무관 고졸,주5일,,2026-08-07,https://www.work24.go.kr/wk/a/b/1500/empDetailAuthView.do?wantedAuthNo=51295759&infoTypeCd=CJK&infoTypeGroup=tb_workinfogubun,컨설팅
컨설턴트,화학물질관리법 컨설턴트 모집,(주)한국공정안전환경센터,서울 금천구,회사내규에 따름,경력무관 대졸(4년),주5일,,2099-01-01,https://www.work24.go.kr/wk/a/b/1500/empDetailAuthView.do?wantedAuthNo=54530610&infoTypeCd=CSI&infoTypeGroup=tb_workinfogubun,컨설팅
컨설턴트,화학물질 등록 컨설턴트 일본고객사 담당자(경력직),(주)세이프케미컬,서울 영등포구,회사내규에 따름,경력3년 대졸(4년),주5일,,2099-01-01,https://www.work24.go.kr/wk/a/b/1500/empDetailAuthView.do?wantedAuthNo=54531620&infoTypeCd=CSI&infoTypeGroup=tb_workinfogubun,컨설팅
컨설턴트,글로벌 부동산 컨설턴트 채용,주식회사 반석원,서울 마포구,회사내규에 따름,신입/경력 대졸(4년),,,2026-08-21,https://www.work24.go.kr/wk/a/b/1500/empDetailAuthView.do?wantedAuthNo=2607220002325&infoTypeCd=CIN&infoTypeGroup=tb_workinfogubun,컨설팅
컨설턴트,탄소전략팀 신입 컨설턴트 채용,(주)에코앤파트너스,서울 강서구,"연봉 4,000 만원 ~ 4,000 만원",신입 대졸(4년),주5일,,2026-09-18,https://www.work24.go.kr/wk/a/b/1500/empDetailAuthView.do?wantedAuthNo=54534221&infoTypeCd=CSI&infoTypeGroup=tb_workinfogubun,컨설팅
컨설턴트,환경규제대응 컨설턴트 (경력직) 모집,(주)뉴로라인즈,서울 마포구,회사내규에 따름,경력5년 대졸(4년),,,2026-08-10,https://www.work24.go.kr/wk/a/b/1500/empDetailAuthView.do?wantedAuthNo=54534705&infoTypeCd=CSI&infoTypeGroup=tb_workinfogubun,컨설팅
컨설턴트,[명품 반려견부티크] [강남/송도/김포/판교/대전/부산] 반려용품 ...,위스탭㈜,서울 강남구 등,회사내규에 따름,경력무관 고졸,기타,,2099-12-31,https://www.work24.go.kr/wk/a/b/1500/empDetailAuthView.do?wantedAuthNo=51301524&infoTypeCd=CJK&infoTypeGroup=tb_workinfogubun,컨설팅
컨설턴트,네트워크 엔지니어 및 IT컨설턴트 모집,시큐어트리주식회사,경기도 평택시 상리길,"연봉 3,000 만원 ~ 6,000 만원",경력무관 학력무관,주5일 주 40시간 근로,,2026-08-11,https://www.work24.go.kr/wk/a/b/1500/empDetailAuthView.do?wantedAuthNo=K180612607210020&infoTypeCd=VALIDATION&infoTypeGroup=tb_workinfoworknet,컨설팅
컨설턴트,[피부과 병의원 컨설팅] 2026년 CS 컨설턴트 / CS강사 채용,(주)오름에이치,서울 강남구,회사내규에 따름,경력무관 학력무관,주5일,,2026-08-20,https://www.work24.go.kr/wk/a/b/1500/empDetailAuthView.do?wantedAuthNo=54514861&infoTypeCd=CSI&infoTypeGroup=tb_workinfogubun,컨설팅
컨설턴트,[주식회사 한국이에스지연구원] ESG 컨설턴트 경력 사원 모집 (인...,,,회사내규에 따름,,,,2026-08-31,https://www.work24.go.kr/wk/a/b/1500/empDetailAuthView.do?wantedAuthNo=13788&infoTypeCd=WIH&infoTypeGroup=tb_workinfowih,컨설팅
컨설턴트,온실가스 감축/기후변화 대응 컨설턴트 채용,주식회사알씨씨,경상북도 포항시 북구,"연봉 3,200 만원 이상",신입 학력무관,주5일 주 40시간 근로 09:00 ~ 18:00,,2026-08-17,https://www.work24.go.kr/wk/a/b/1500/empDetailAuthView.do?wantedAuthNo=K141112607200044&infoTypeCd=VALIDATION&infoTypeGroup=tb_workinfoworknet,컨설팅
컨설턴트,[스틸리언] 정보보호 컨설턴트(모의해킹) 채용 (보안컨설팅팀),(주)스틸리언,서울 용산구,회사내규에 따름,경력무관 학력무관,,,2099-01-01,https://www.work24.go.kr/wk/a/b/1500/empDetailAuthView.do?wantedAuthNo=54501484&infoTypeCd=CSI&infoTypeGroup=tb_workinfogubun,컨설팅
컨설턴트,2026년 하반기 정보보안컨설팅 컨설턴트 정규직(신입) 채용,한국정보보호인식(주),서울 금천구,"연봉 3,000 만원 ~ 3,000 만원",신입 대졸(2~3년),,,2026-08-17,https://www.work24.go.kr/wk/a/b/1500/empDetailAuthView.do?wantedAuthNo=54502912&infoTypeCd=CSI&infoTypeGroup=tb_workinfogubun,컨설팅
컨설턴트,"친환경(녹색건축/에너지효율등급/BF)컨설턴트모집(신입,경력)",(주)에이피그룹건축사사무소,서울 강서구 등,회사내규에 따름,신입/경력1년 대졸(2~3년),주5일,,2026-08-19,https://www.work24.go.kr/wk/a/b/1500/empDetailAuthView.do?wantedAuthNo=54504902&infoTypeCd=CSI&infoTypeGroup=tb_workinfogubun,컨설팅
컨설턴트,"공공기관 경영전략 성과관리 컨설팅 컨설턴트 PL, PM 모십니다.",(주)컨설팅앤컨설턴트,서울 금천구,"연봉 6,000 만원 ~ 6,000 만원",경력5년 대졸(4년),,,2026-09-18,https://www.work24.go.kr/wk/a/b/1500/empDetailAuthView.do?wantedAuthNo=54506544&infoTypeCd=CSI&infoTypeGroup=tb_workinfogubun,컨설팅
컨설턴트,[EAN테크놀로지] 에너지사용계획 컨설턴트 모집,(주)이에이엔테크놀로지,서울 강남구,회사내규에 따름,신입/경력4년 대졸(2~3년),,,2026-09-18,https://www.work24.go.kr/wk/a/b/1500/empDetailAuthView.do?wantedAuthNo=54506840&infoTypeCd=CSI&infoTypeGroup=tb_workinfogubun,컨설팅
컨설턴트,[경력] 정보보호 컨설턴트 채용,CJ올리브네트웍스,서울 용산구,회사내규에 따름,경력무관 학력무관,,,2026-08-19,https://www.work24.go.kr/wk/a/b/1500/empDetailAuthView.do?wantedAuthNo=562290&infoTypeCd=CAT&infoTypeGroup=tb_workinfogubun,컨설팅
컨설턴트,국제학교 입시 컨설턴트,스칼라스아카데미(주),서울 강남구,회사내규에 따름,경력1년 대졸(4년),주5일,,2026-08-15,https://www.work24.go.kr/wk/a/b/1500/empDetailAuthView.do?wantedAuthNo=54482503&infoTypeCd=CSI&infoTypeGroup=tb_workinfogubun,컨설팅
컨설턴트,잇다와 함께 할 CS고객상담/ 컨설턴트 모집합니다.,㈜사람과공간을잇다,서울 금천구 등,회사내규에 따름,경력무관 대졸(4년),주5일,,2026-08-15,https://www.work24.go.kr/wk/a/b/1500/empDetailAuthView.do?wantedAuthNo=51267899&infoTypeCd=CJK&infoTypeGroup=tb_workinfogubun,컨설팅
컨설턴트,CX 컨설턴트 포지션 채용,(주)케인앤클루컨설팅,서울,회사내규에 따름,경력1년 대졸(4년),,,2026-08-15,https://www.work24.go.kr/wk/a/b/1500/empDetailAuthView.do?wantedAuthNo=2607160001354&infoTypeCd=CIN&infoTypeGroup=tb_workinfogubun,컨설팅
컨설턴트,온실가스 & LCA 컨설턴트,(주)세이브어스,서울 영등포구,회사내규에 따름,경력무관 대졸(4년),주5일,,2026-09-14,https://www.work24.go.kr/wk/a/b/1500/empDetailAuthView.do?wantedAuthNo=54485932&infoTypeCd=CSI&infoTypeGroup=tb_workinfogubun,컨설팅
컨설턴트,[IBK기업은행/하나은행팀] 웹케시 은행 프로그램 컨설턴트 직무 채...,㈜피엔에이링크,서울 중구 등,월급 270 만원 ~ 270 만원,신입/경력 학력무관,주5일,,2026-08-15,https://www.work24.go.kr/wk/a/b/1500/empDetailAuthView.do?wantedAuthNo=51270388&infoTypeCd=CJK&infoTypeGroup=tb_workinfogubun,컨설팅
컨설턴트,교육기업 명일점 에듀플렉스 학습컨설턴트 코칭매니저,에듀플렉스에듀코치개별지도명일학원,서울 강동구,"연봉 3,400 만원 ~ 3,400 만원",경력무관 대졸(4년),주5일,,2026-08-15,https://www.work24.go.kr/wk/a/b/1500/empDetailAuthView.do?wantedAuthNo=54488475&infoTypeCd=CSI&infoTypeGroup=tb_workinfogubun,컨설팅
컨설턴트,지인 연고 영업 없는 회사-미래에셋CS-컨설턴트 모집,,,회사내규에 따름,,,,2026-09-16,https://www.work24.go.kr/wk/a/b/1500/empDetailAuthView.do?wantedAuthNo=1014132&infoTypeCd=IBK&infoTypeGroup=tb_workinfoibk,컨설팅
컨설턴트,"컨설턴트(헤드헌터) 정규직 채용/채용대행, 이직알선, 인재섭외/ 강...",(주)시그마커넥트,서울특별시 강동구 진황도로,월급 165 만원 ~ 165 만원 상여별도 100%,경력무관 학력무관,주5일 주 30시간 근로 10:00 ~ 18:00,,2026-09-14,https://www.work24.go.kr/wk/a/b/1500/empDetailAuthView.do?wantedAuthNo=KF11652607150002&infoTypeCd=VALIDATION&infoTypeGroup=tb_workinfoworknet,컨설팅
컨설턴트,(주)창업365 신입·경력 프랜차이즈 창업컨설턴트 채용,창업삼육오,부산 해운대구 등,"연봉 2,600 만원 ~ 7,000 만원",신입/경력 학력무관,기타,,2026-08-14,https://www.work24.go.kr/wk/a/b/1500/empDetailAuthView.do?wantedAuthNo=51256253&infoTypeCd=CJK&infoTypeGroup=tb_workinfogubun,컨설팅
컨설턴트,마케팅/영업 대한민국 ESG대상 로컬부문 브랜드 빌드업 컨설턴트 모...,㈜휴먼미디어그룹,서울 금천구,"연봉 3,600 만원 ~ 5,500 만원",경력무관 학력무관,주5일,,2026-08-14,https://www.work24.go.kr/wk/a/b/1500/empDetailAuthView.do?wantedAuthNo=51259038&infoTypeCd=CJK&infoTypeGroup=tb_workinfogubun,컨설팅
AI,[구로구] 수출입 무역사무 및 해외영업 신입/경력 채용 (중국어 가...,주식회사한림티앤씨,서울특별시 구로구 경인로53길,"연봉 3,100 만원 ~ 4,500 만원",경력무관 대졸(4년),주5일 주 40시간 근로 09:00 ~ 18:00,,2026-10-04,https://www.work24.go.kr/wk/a/b/1500/empDetailAuthView.do?wantedAuthNo=K120612608050018&infoTypeCd=VALIDATION&infoTypeGroup=tb_workinfoworknet,AI
AI,AI 플랫폼 개발을 위한 연구자를 모집합니다.,덴하우스구강악안면외과치과의원(DENHOUSEOMS),경기도 평택시 경기대로,월급 400 만원 ~ 500 만원,경력무관 대졸(2~3년) ~ 박사,주5일 주 40시간 근로 09:30 ~ 18:30,,2026-10-04,https://www.work24.go.kr/wk/a/b/1500/empDetailAuthView.do?wantedAuthNo=K180612608050015&infoTypeCd=VALIDATION&infoTypeGroup=tb_workinfoworknet,AI
AI,[서울인공지능고등학교] 급식실 [조리원] 구인,주식회사 엘에스씨푸드,서울특별시 송파구 양산로,"시급 11,083 원 ~ 11,083 원",경력무관 학력무관,주5일 08:00 ~ 15:30,,2026-10-04,https://www.work24.go.kr/wk/a/b/1500/empDetailAuthView.do?wantedAuthNo=K120512608050008&infoTypeCd=VALIDATION&infoTypeGroup=tb_workinfoworknet,AI
AI,★해남 솔라시도 AI 컴퓨팅 센터 구축 현장 앞★ 건설현장 감리단 ...,(주)토펙엔지니어링건축사사무소,전남광주통합특별시 해남군 산이면,월급 240 만원 ~ 240 만원,신입 학력무관,주5일 주 40시간 근로 08:30 ~ 17:30,,2026-09-04,https://www.work24.go.kr/wk/a/b/1500/empDetailAuthView.do?wantedAuthNo=KEC0182608050001&infoTypeCd=VALIDATION&infoTypeGroup=tb_workinfoworknet,AI
AI,2026년 4차 수시채용_AI 분석/기술,제이더블유홀딩스,경기 과천시,회사내규에 따름,신입/경력 대졸예정(4년) ~ 박사,,,2026-08-13,https://www.work24.go.kr/wk/a/b/1500/empDetailAuthView.do?wantedAuthNo=172834&infoTypeCd=OEW&infoTypeGroup=tb_workinfoopen,AI
AI,5년 이상 경력 세무사 사무원 채용 (AI 활용 능력 우대),우창용 세무회계,경기도 평택시 죽백5로,"연봉 3,500 만원 ~ 4,000 만원",경력5년 학력무관,주5일 주 40시간 근로 09:00 ~ 18:00,,2026-09-29,https://www.work24.go.kr/wk/a/b/1500/empDetailAuthView.do?wantedAuthNo=K180612608050003&infoTypeCd=VALIDATION&infoTypeGroup=tb_workinfoworknet,AI
AI,[EBIT] 한국어 AI 데이터 평가 전문가 모집(재택근무/파트타임...,(주)이빗,서울 강남구,"시급 25,000 원 ~ 25,000 원",경력무관 학력무관,,,2099-12-31,https://www.work24.go.kr/wk/a/b/1500/empDetailAuthView.do?wantedAuthNo=54281816&infoTypeCd=CSI&infoTypeGroup=tb_workinfogubun,AI
AI,하이크론 AI 반도체 - 품질관리원 채용.,하이크론유한책임회사,경기 성남시 중원구 등,회사내규에 따름,경력무관 고졸,주5일,,2026-09-04,https://www.work24.go.kr/wk/a/b/1500/empDetailAuthView.do?wantedAuthNo=54626176&infoTypeCd=CSI&infoTypeGroup=tb_workinfogubun,AI
AI,[네오아크로보틱스] 로봇 SW/AI 개발자 (교육이수자 채용),네오아크로보틱스,대구 북구,회사내규에 따름,신입/경력2년 대졸(4년),,,2026-09-04,https://www.work24.go.kr/wk/a/b/1500/empDetailAuthView.do?wantedAuthNo=54643758&infoTypeCd=CSI&infoTypeGroup=tb_workinfogubun,AI
AI,[일자리매칭플랫폼] (주)클라즈 AI개발자 모집,주식회사 클라즈(CLARDS Inc.),서울 성북구,회사내규에 따름,경력3년 대졸(4년),,,2026-08-31,https://www.work24.go.kr/wk/a/b/1500/empDetailAuthView.do?wantedAuthNo=228330&infoTypeCd=KOS&infoTypeGroup=tb_workinfogubun,AI
AI,UIUX 디자인 우수한 AI 기반 에듀테크 서비스 기획 및 PM,뉴클(주),경기 화성시,회사내규에 따름,경력무관 대졸(4년),,,2026-09-04,https://www.work24.go.kr/wk/a/b/1500/empDetailAuthView.do?wantedAuthNo=54654835&infoTypeCd=CSI&infoTypeGroup=tb_workinfogubun,AI
AI,UIUX 디자인 우수한 AI 서비스 기획 및 경영관리 포지션,뉴클(주),경기 화성시,회사내규에 따름,경력무관 대졸(4년),,,2026-09-04,https://www.work24.go.kr/wk/a/b/1500/empDetailAuthView.do?wantedAuthNo=54654903&infoTypeCd=CSI&infoTypeGroup=tb_workinfogubun,AI
AI,기간제 계약직원 채용(인공지능융합대학 교학팀),광운대학교,서울 노원구,월급 220 만원 ~ 220 만원,경력무관 대졸(4년),,,2026-08-11,https://www.work24.go.kr/wk/a/b/1500/empDetailAuthView.do?wantedAuthNo=54655595&infoTypeCd=CSI&infoTypeGroup=tb_workinfogubun,AI
AI,광운대학교 기간제 계약직원 채용 공고(인공지능융합대학 교학팀),광운대학교,서울 노원구,월급 220 만원 ~ 220 만원,신입/경력 대졸(4년),,,2026-08-11,https://www.work24.go.kr/wk/a/b/1500/empDetailAuthView.do?wantedAuthNo=2608050000282&infoTypeCd=CIN&infoTypeGroup=tb_workinfogubun,AI
AI,광운대학교 기간제 계약직원 채용(인공지능융합대학 교학팀),광운대학교,서울 노원구,회사내규에 따름,신입/경력 대졸(4년),,,2026-08-11,https://www.work24.go.kr/wk/a/b/1500/empDetailAuthView.do?wantedAuthNo=22114761&infoTypeCd=CCN&infoTypeGroup=tb_workinfogubun,AI
AI,AI 개발자 채용 / 솔루션 개발 및 유지보수 담당자 채용,감프정보기술(주),서울 금천구,회사내규에 따름,경력3년 대졸(2~3년),,,2026-08-14,https://www.work24.go.kr/wk/a/b/1500/empDetailAuthView.do?wantedAuthNo=54655731&infoTypeCd=CSI&infoTypeGroup=tb_workinfogubun,AI
AI,[출퇴근] AI 데이터 품질 자동화 개발자,(주)크라우드웍스,서울 강남구,월급 310 만원 ~ 310 만원,경력1년 대졸(4년),,,2026-09-04,https://www.work24.go.kr/wk/a/b/1500/empDetailAuthView.do?wantedAuthNo=54656408&infoTypeCd=CSI&infoTypeGroup=tb_workinfogubun,AI
AI,AI솔루션 영업 및 프리세일즈 정규직,모스원 주식회사,서울,회사내규에 따름,경력5년 대졸(4년),,,2026-09-04,https://www.work24.go.kr/wk/a/b/1500/empDetailAuthView.do?wantedAuthNo=2608050000801&infoTypeCd=CIN&infoTypeGroup=tb_workinfogubun,AI
AI,데이터 분석가 & AI agent 개발자 채용,(주)폴리랩스,서울 중구,회사내규에 따름,경력3년 대졸(4년),,,2026-08-19,https://www.work24.go.kr/wk/a/b/1500/empDetailAuthView.do?wantedAuthNo=54656533&infoTypeCd=CSI&infoTypeGroup=tb_workinfogubun,AI
AI,"쇼핑몰 콘텐츠 마케터 모집 - 영상, AI",㈜리치디스코,서울 서초구,"연봉 4,200 만원 ~ 4,500 만원",경력1년 학력무관,주5일,,2026-09-04,https://www.work24.go.kr/wk/a/b/1500/empDetailAuthView.do?wantedAuthNo=51378181&infoTypeCd=CJK&infoTypeGroup=tb_workinfogubun,AI
AI,[대구지사] AI 프로젝트 PM,에이치에스소프트(주),대구 달서구,회사내규에 따름,경력10년 학력무관,,,2026-08-31,https://www.work24.go.kr/wk/a/b/1500/empDetailAuthView.do?wantedAuthNo=54656764&infoTypeCd=CSI&infoTypeGroup=tb_workinfogubun,AI
AI,(주)펀잇 AI 엔지니어 채용 공고,(주)펀잇,전북 전주시 덕진구 등,회사내규에 따름,경력무관 대졸(2~3년),,,2026-09-04,https://www.work24.go.kr/wk/a/b/1500/empDetailAuthView.do?wantedAuthNo=54656871&infoTypeCd=CSI&infoTypeGroup=tb_workinfogubun,AI
AI,[식품/제조/유통] 한채원 - AI 컨텐츠 크리에이터 모집,농업회사법인 한채원 주식회사,대구 북구,회사내규에 따름,경력1년 학력무관,,,2026-10-04,https://www.work24.go.kr/wk/a/b/1500/empDetailAuthView.do?wantedAuthNo=54657054&infoTypeCd=CSI&infoTypeGroup=tb_workinfogubun,AI
AI,clara AI 투명교정장치 3D 설계·디자인 파트 모집,이노디테크(주),서울 강남구,회사내규에 따름,경력3년 대졸(2~3년),주5일,,2099-01-01,https://www.work24.go.kr/wk/a/b/1500/empDetailAuthView.do?wantedAuthNo=54657821&infoTypeCd=CSI&infoTypeGroup=tb_workinfogubun,AI
AI,AI 기반 앱 서비스 개발자,창의융합과학(주),경북 경주시,회사내규에 따름,경력무관 대졸(4년),,,2026-08-22,https://www.work24.go.kr/wk/a/b/1500/empDetailAuthView.do?wantedAuthNo=54658386&infoTypeCd=CSI&infoTypeGroup=tb_workinfogubun,AI
AI,[압구정/자체직]- 글로벌교육기업 AI교육운영 및 영업(마케팅)업무...,제이디컨설팅㈜,서울 강남구,회사내규에 따름,경력무관 대졸(4년),주5일,,2026-09-04,https://www.work24.go.kr/wk/a/b/1500/empDetailAuthView.do?wantedAuthNo=51379858&infoTypeCd=CJK&infoTypeGroup=tb_workinfogubun,AI
AI,[LOAS] 로아스 AI 음향검사 솔루션 기술영업 채용,㈜로아스,서울 송파구 등,회사내규에 따름,경력3년 대졸(4년),주5일,,2026-08-18,https://www.work24.go.kr/wk/a/b/1500/empDetailAuthView.do?wantedAuthNo=51379922&infoTypeCd=CJK&infoTypeGroup=tb_workinfogubun,AI
AI,[LOAS] 로아스 로봇·AI 산업 자율운영 플랫폼 기술영업 채용,㈜로아스,서울 송파구 등,회사내규에 따름,경력3년 대졸(4년),주5일,,2026-08-18,https://www.work24.go.kr/wk/a/b/1500/empDetailAuthView.do?wantedAuthNo=51380017&infoTypeCd=CJK&infoTypeGroup=tb_workinfogubun,AI
AI,[전기전자/AI 분야] 특허전문연구원(명세사)를 모십니다,유원국제특허법률사무소,서울 성동구,회사내규에 따름,경력무관 대졸(4년),주5일,,2099-01-01,https://www.work24.go.kr/wk/a/b/1500/empDetailAuthView.do?wantedAuthNo=54658963&infoTypeCd=CSI&infoTypeGroup=tb_workinfogubun,AI
AI,벡엔드/AI개발/로봇SW 신입/경력사원 채용,(주)디버스,경북 구미시,회사내규에 따름,경력무관 대졸(4년),주5일,,2026-10-04,https://www.work24.go.kr/wk/a/b/1500/empDetailAuthView.do?wantedAuthNo=54659141&infoTypeCd=CSI&infoTypeGroup=tb_workinfogubun,AI
AI,[AX본부] AI native Builder SW개발 (KDT 수료...,제스트(주),서울 영등포구,회사내규에 따름,경력무관 학력무관,,,2026-09-30,https://www.work24.go.kr/wk/a/b/1500/empDetailAuthView.do?wantedAuthNo=54660200&infoTypeCd=CSI&infoTypeGroup=tb_workinfogubun,AI
AI,AI콘텐츠 디자이너 1명(대리급),주식회사 원앤드,경기도 성남시 분당구,"연봉 4,000 만원 ~ 4,000 만원",경력3년 대졸(2~3년) ~ 대졸(4년),주5일 주 36시간 근로,,2026-10-03,https://www.work24.go.kr/wk/a/b/1500/empDetailAuthView.do?wantedAuthNo=KF10732608040001&infoTypeCd=VALIDATION&infoTypeGroup=tb_workinfoworknet,AI
AI,광주기독병원 국가 R&D 및 AI관련 국책사업 연구원 채용 공고,(재)광주기독병원,전남광주통합특별시 남구 양림로,"연봉 4,200 만원 ~ 4,200 만원",신입 대졸(4년) ~ 박사,주5일 주 40시간 근로 08:00 ~ 17:00,,2026-08-10,https://www.work24.go.kr/wk/a/b/1500/empDetailAuthView.do?wantedAuthNo=K160012608040016&infoTypeCd=VALIDATION&infoTypeGroup=tb_workinfoworknet,AI
AI,[사단법인 국방산업연구원] AI 국방정보체계 전문인력 채용 공고,사단법인 국방산업연구원,충청남도 계룡시 신도안면,월급 300 만원 ~ 400 만원,경력5년 대졸(2~3년) ~ 박사,주5일 주 40시간 근로 09:00 ~ 18:00,,2026-08-17,https://www.work24.go.kr/wk/a/b/1500/empDetailAuthView.do?wantedAuthNo=K170042608040002&infoTypeCd=VALIDATION&infoTypeGroup=tb_workinfoworknet,AI
AI,[주5일근무] 양재 AI캠퍼스 미화반장 모집,(주)프로에스콤,서울특별시 서초구 양재대로12길,"시급 10,320 원 ~ 10,320 원",경력3년 학력무관,주5일,,2026-08-31,https://www.work24.go.kr/wk/a/b/1500/empDetailAuthView.do?wantedAuthNo=K120032608040003&infoTypeCd=VALIDATION&infoTypeGroup=tb_workinfoworknet,AI
AI,[일자리매칭플랫폼] (주)사이버텔브릿지 AI 개발 경력자 채용,(주)사이버텔브릿지,서울,회사내규에 따름,경력3년 대졸(4년),,,2026-08-31,https://www.work24.go.kr/wk/a/b/1500/empDetailAuthView.do?wantedAuthNo=227597&infoTypeCd=KOS&infoTypeGroup=tb_workinfogubun,AI
AI,삼보로보시스주식회사 AI 용접 로봇 시스템 및 AI SW 개발 채용...,삼보로보시스주식회사,경남 김해시,회사내규에 따름,경력무관 대졸(2~3년),,,2026-09-03,https://www.work24.go.kr/wk/a/b/1500/empDetailAuthView.do?wantedAuthNo=54642499&infoTypeCd=CSI&infoTypeGroup=tb_workinfogubun,AI
AI,[프로덕트실] AI 캐릭터 콘텐츠 라이터 채용(1년 계약직),(주)투믹스,서울 강남구,회사내규에 따름,경력무관 학력무관,,,2026-08-31,https://www.work24.go.kr/wk/a/b/1500/empDetailAuthView.do?wantedAuthNo=54643168&infoTypeCd=CSI&infoTypeGroup=tb_workinfogubun,AI
AI,[정우마루] AI Business Architect,(주)정우마루,서울 마포구,회사내규에 따름,경력무관 학력무관,,,2026-09-03,https://www.work24.go.kr/wk/a/b/1500/empDetailAuthView.do?wantedAuthNo=54643511&infoTypeCd=CSI&infoTypeGroup=tb_workinfogubun,AI
AI,정우마루 AI Backend Engineer (Agentic AI)...,(주)정우마루,서울 마포구,회사내규에 따름,경력3년 대졸(4년),주5일,,2026-09-03,https://www.work24.go.kr/wk/a/b/1500/empDetailAuthView.do?wantedAuthNo=54643773&infoTypeCd=CSI&infoTypeGroup=tb_workinfogubun,AI
AI,퓨멕스와 함께 물류산업의 AI전환을 이끌어갈 개발자를 찾습니다,(주)퓨멕스,경기 고양시 일산동구 등,"연봉 4,000 만원 ~ 4,000 만원",경력3년 학력무관,,,2026-09-03,https://www.work24.go.kr/wk/a/b/1500/empDetailAuthView.do?wantedAuthNo=54644421&infoTypeCd=CSI&infoTypeGroup=tb_workinfogubun,AI
AI,AI 에이전트 주니어 개발자(1~4년차),(주)라이너스,서울 강남구,회사내규에 따름,신입/경력1년 대졸(4년),,,2026-09-03,https://www.work24.go.kr/wk/a/b/1500/empDetailAuthView.do?wantedAuthNo=54644756&infoTypeCd=CSI&infoTypeGroup=tb_workinfogubun,AI
AI,[세마역] 제품 촬영/상세페이지/숏폼 영상 편집 경력 (AI 필수),라이트밸런스(주),서울 구로구 등,회사내규에 따름,경력2년 학력무관,주5일,,2026-09-03,https://www.work24.go.kr/wk/a/b/1500/empDetailAuthView.do?wantedAuthNo=54645982&infoTypeCd=CSI&infoTypeGroup=tb_workinfogubun,AI
AI,AI(CV/LLM) 및 풀스택 개발자 채용,(주)투피트,서울 관악구,회사내규에 따름,경력무관 학력무관,,,2026-09-03,https://www.work24.go.kr/wk/a/b/1500/empDetailAuthView.do?wantedAuthNo=54646075&infoTypeCd=CSI&infoTypeGroup=tb_workinfogubun,AI
AI,"[AI 영어 학습 앱] 마케팅 팀장, 경력 7년 이상, 월2회 재택",㈜티처케이,서울 강남구 등,회사내규에 따름,경력7년 대졸(4년),주5일,,2026-09-03,https://www.work24.go.kr/wk/a/b/1500/empDetailAuthView.do?wantedAuthNo=51371570&infoTypeCd=CJK&infoTypeGroup=tb_workinfogubun,AI
AI,AI 헬스케어 사업전략/기획 포지션 채용,아리닷에이아이,서울 강남구,"연봉 4,000 만원 ~ 7,000 만원",경력무관 대졸(4년),주5일,,2026-09-03,https://www.work24.go.kr/wk/a/b/1500/empDetailAuthView.do?wantedAuthNo=51371633&infoTypeCd=CJK&infoTypeGroup=tb_workinfogubun,AI
AI,[K-Beauty Brand 'heimish'] AI 콘텐츠 디자...,(주)원앤드,경기 성남시 분당구 등,회사내규에 따름,경력3년 대졸(4년),,,2026-10-03,https://www.work24.go.kr/wk/a/b/1500/empDetailAuthView.do?wantedAuthNo=54646497&infoTypeCd=CSI&infoTypeGroup=tb_workinfogubun,AI
AI,한양대학교 ERICA AI융합연구소 정부지원과제 전담인력 채용,한양대학교에리카산학협력단,경기 안산시 상록구 등,회사내규에 따름,신입/경력1년 대졸(4년),주5일,,2099-12-31,https://www.work24.go.kr/wk/a/b/1500/empDetailAuthView.do?wantedAuthNo=54646939&infoTypeCd=CSI&infoTypeGroup=tb_workinfogubun,AI
AI,코딩 / AI 강사 채용(영어 수업 가능자 우대),(주)로그엔코딩,서울 강남구,회사내규에 따름,경력무관 대졸(4년),,,2026-09-03,https://www.work24.go.kr/wk/a/b/1500/empDetailAuthView.do?wantedAuthNo=54648403&infoTypeCd=CSI&infoTypeGroup=tb_workinfogubun,AI
AI,[kakao계열사/장애인만 채용]AI용 멀티모달 레이블링 담당 채용,주식회사 링키지랩,서울 성동구,회사내규에 따름,경력무관 학력무관,,,2026-10-03,https://www.work24.go.kr/wk/a/b/1500/empDetailAuthView.do?wantedAuthNo=54649009&infoTypeCd=CSI&infoTypeGroup=tb_workinfogubun,AI
AI,"AI 통합 DX/PM(사무,연구,제조 부문 전사 총괄)",벡스인터코퍼레이션(주),서울 등,회사내규에 따름,경력3년 대졸(4년),주5일,,2099-01-01,https://www.work24.go.kr/wk/a/b/1500/empDetailAuthView.do?wantedAuthNo=54649828&infoTypeCd=CSI&infoTypeGroup=tb_workinfogubun,AI
AI,[대기업 계열] AI Engineer (AX/DX),(주)인코리아 프로페셔널,서울,회사내규에 따름,경력3년 대졸(4년),주5일,,2026-08-28,https://www.work24.go.kr/wk/a/b/1500/empDetailAuthView.do?wantedAuthNo=2608040003654&infoTypeCd=CIN&infoTypeGroup=tb_workinfogubun,AI
AI,[채용-상시] 인공지능 전문기업 단비아이엔씨에서 개발 리더를 모집합...,주식회사 단비아이엔씨(danbee Inc.),서울특별시 금천구 가산디지털2로,"연봉 6,000 만원 이상",경력10년 학력무관,주5일 주 40시간 근로 10:00 ~ 19:00,,2026-10-02,https://www.work24.go.kr/wk/a/b/1500/empDetailAuthView.do?wantedAuthNo=K120612608030039&infoTypeCd=VALIDATION&infoTypeGroup=tb_workinfoworknet,AI
AI,"AI로 세상을 바꾸는 회사, 기획/마케팅/고객지원 멤버 모집",(수)복지용구의료기,전남광주통합특별시 순천시 해룡면,"연봉 3,200 만원 ~ 6,000 만원 상여별도 100%",경력무관 학력무관,주5일 주 40시간 근로 09:00 ~ 18:00,,2026-10-02,https://www.work24.go.kr/wk/a/b/1500/empDetailAuthView.do?wantedAuthNo=K162212608030024&infoTypeCd=VALIDATION&infoTypeGroup=tb_workinfoworknet,AI
AI,건설 현장(발전소) AI 통합 안전관제센터 모니터링 요원 채원공고,(주）에이치제이중공업 건설부문,전남광주통합특별시 여수시 묘도9길,월급 400 만원 이상,경력3년 학력무관,주6일 주 40시간 근로 07:00 ~ 17:30,,2026-10-02,https://www.work24.go.kr/wk/a/b/1500/empDetailAuthView.do?wantedAuthNo=K120312608030041&infoTypeCd=VALIDATION&infoTypeGroup=tb_workinfoworknet,AI
AI,펫브랜드 쇼핑몰 AI 콘텐츠 크리에이터 채용,주식회사 멍템,충청남도 천안시 서북구,월급 230 만원 ~ 250 만원,경력무관 학력무관,주5일 주 40시간 근로 09:00 ~ 18:00,,2026-10-02,https://www.work24.go.kr/wk/a/b/1500/empDetailAuthView.do?wantedAuthNo=K172112608030030&infoTypeCd=VALIDATION&infoTypeGroup=tb_workinfoworknet,AI
AI,Junior LLM Application & AI Agent Eng...,에이아이카데미 주식회사,전남광주통합특별시 북구 첨단과기로,"연봉 3,000 만원 이상",경력무관 학력무관,주5일 주 40시간 근로 09:00 ~ 18:00,,2026-10-01,https://www.work24.go.kr/wk/a/b/1500/empDetailAuthView.do?wantedAuthNo=K160012608030004&infoTypeCd=VALIDATION&infoTypeGroup=tb_workinfoworknet,AI
AI,[토펙에이아이파워텍] AI & IT 전문가 채용,(주)토펙엔지니어링건축사사무소,서울 강남구,회사내규에 따름,경력7년 학력무관,주5일,,2026-09-02,https://www.work24.go.kr/wk/a/b/1500/empDetailAuthView.do?wantedAuthNo=2607270004395&infoTypeCd=CIN&infoTypeGroup=tb_workinfogubun,AI
AI,AI 반도체 패키지ㅣ매출1조달성 코스피상장 제조팀 공채ㅣ기숙사有,퍼펙트커리어㈜,경기 안산시 단원구 등,"연봉 4,500 만원 ~ 4,800 만원",경력무관 학력무관,기타,,2026-10-02,https://www.work24.go.kr/wk/a/b/1500/empDetailAuthView.do?wantedAuthNo=51345054&infoTypeCd=CJK&infoTypeGroup=tb_workinfogubun,AI
AI,랜드소프트 채용 - 문화ㆍ예술 공공 IT를 AI로 확장할 인재를 모...,랜드소프트㈜,서울 마포구,회사내규에 따름,신입/경력 학력무관,,,2026-08-16,https://www.work24.go.kr/wk/a/b/1500/empDetailAuthView.do?wantedAuthNo=51348347&infoTypeCd=CJK&infoTypeGroup=tb_workinfogubun,AI
AI,[경력] AI/ML 엔지니어,(주)긴트,경기 성남시 분당구 등,회사내규에 따름,경력3년 대졸(4년),,,2026-09-02,https://www.work24.go.kr/wk/a/b/1500/empDetailAuthView.do?wantedAuthNo=54628824&infoTypeCd=CSI&infoTypeGroup=tb_workinfogubun,AI
AI,[의료 AI] AI Research Scientist 채용 공고,주식회사 아슬론,서울 강서구,회사내규에 따름,경력무관 대졸(4년),,,2026-10-02,https://www.work24.go.kr/wk/a/b/1500/empDetailAuthView.do?wantedAuthNo=54630216&infoTypeCd=CSI&infoTypeGroup=tb_workinfogubun,AI
AI,AI 연구소장급 경력 채용 공고,주식회사 아슬론,서울 강서구,회사내규에 따름,경력7년 박사,,,2026-09-02,https://www.work24.go.kr/wk/a/b/1500/empDetailAuthView.do?wantedAuthNo=54630257&infoTypeCd=CSI&infoTypeGroup=tb_workinfogubun,AI
AI,[NOID AI] 의족 커버 SNS 마케팅 인턴 (패션. 뷰티 경력...,노이드에이아이,서울 서대문구,회사내규에 따름,경력무관 학력무관,,,2026-09-02,https://www.work24.go.kr/wk/a/b/1500/empDetailAuthView.do?wantedAuthNo=54630530&infoTypeCd=CSI&infoTypeGroup=tb_workinfogubun,AI
AI,(주)비앤비스틸 AI 로보틱스 사업부 테스트베드 관리소장 채용,주식회사 비앤비스틸,부산 기장군,"연봉 3,000 만원 ~ 3,000 만원",경력무관 학력무관,,,2026-09-02,https://www.work24.go.kr/wk/a/b/1500/empDetailAuthView.do?wantedAuthNo=54630538&infoTypeCd=CSI&infoTypeGroup=tb_workinfogubun,AI
AI,[다날계열사] (주)비트코퍼레이션 AI로봇카페 서비스관리팀 채용,(주)비트코퍼레이션,경기 성남시 분당구 등,회사내규에 따름,경력무관 학력무관,기타,,2026-09-02,https://www.work24.go.kr/wk/a/b/1500/empDetailAuthView.do?wantedAuthNo=54631139&infoTypeCd=CSI&infoTypeGroup=tb_workinfogubun,AI
AI,[올더뮤] AI CX Product Manager,에이지엣랩스,서울 중구,회사내규에 따름,경력5년 학력무관,,,2099-12-31,https://www.work24.go.kr/wk/a/b/1500/empDetailAuthView.do?wantedAuthNo=51360978&infoTypeCd=CJK&infoTypeGroup=tb_workinfogubun,AI
AI,[코스닥기업] 생성형 AI 엔지니어 채용,(주)비아이매트릭스,서울 강남구,회사내규에 따름,경력5년 대졸(4년),주5일,,2026-08-17,https://www.work24.go.kr/wk/a/b/1500/empDetailAuthView.do?wantedAuthNo=2608030000432&infoTypeCd=CIN&infoTypeGroup=tb_workinfogubun,AI
AI,AI Infra Researcher,(주)텐,서울 강남구,회사내규에 따름,경력3년 대졸(4년),주5일,,2099-01-01,https://www.work24.go.kr/wk/a/b/1500/empDetailAuthView.do?wantedAuthNo=54632405&infoTypeCd=CSI&infoTypeGroup=tb_workinfogubun,AI
AI,주식회사 청림인베스트 AI 기반 SaaS 콘텐츠 마케터 채용,(주)청림인베스트,인천 연수구,회사내규에 따름,신입/경력3년 학력무관,,,2026-10-02,https://www.work24.go.kr/wk/a/b/1500/empDetailAuthView.do?wantedAuthNo=54632623&infoTypeCd=CSI&infoTypeGroup=tb_workinfogubun,AI
AI,[에이아이썸]VISION AI 솔루션 해외영업팀 북미 영업 담당자,(주)에이아이썸,서울 강남구,회사내규에 따름,경력2년 학력무관,,,2026-09-02,https://www.work24.go.kr/wk/a/b/1500/empDetailAuthView.do?wantedAuthNo=54632792&infoTypeCd=CSI&infoTypeGroup=tb_workinfogubun,AI
AI,[에이아이썸]AI솔루션 국내광고영업 담당자 채용,(주)에이아이썸,서울 강남구 등,회사내규에 따름,경력3년 학력무관,주5일,,2026-09-02,https://www.work24.go.kr/wk/a/b/1500/empDetailAuthView.do?wantedAuthNo=54632799&infoTypeCd=CSI&infoTypeGroup=tb_workinfogubun,AI
AI,AI기반 풀스택 서비스 크리에이터-기획에서 개발 배포운영까지,뉴클(주),경기 화성시,회사내규에 따름,경력무관 대졸(2~3년),주5일,,2026-09-02,https://www.work24.go.kr/wk/a/b/1500/empDetailAuthView.do?wantedAuthNo=54632848&infoTypeCd=CSI&infoTypeGroup=tb_workinfogubun,AI
AI,[AI캠퍼스] 첨단 산업 AI 융합 인재 교육 사업 임원 채용,(주)오르드,서울 종로구,회사내규에 따름,경력15년 대졸(4년),,,2026-08-14,https://www.work24.go.kr/wk/a/b/1500/empDetailAuthView.do?wantedAuthNo=54633247&infoTypeCd=CSI&infoTypeGroup=tb_workinfogubun,AI
AI,[로봇/AI] SLAM Engineer,(주)세코어로보틱스,서울 강남구 등,회사내규에 따름,경력3년 대졸(4년),,,2026-09-01,https://www.work24.go.kr/wk/a/b/1500/empDetailAuthView.do?wantedAuthNo=54633868&infoTypeCd=CSI&infoTypeGroup=tb_workinfogubun,AI
AI,[로봇/AI] 3D vision Engineer (경력),(주)세코어로보틱스,서울 강남구 등,회사내규에 따름,경력3년 대졸(4년),,,2026-09-01,https://www.work24.go.kr/wk/a/b/1500/empDetailAuthView.do?wantedAuthNo=54633886&infoTypeCd=CSI&infoTypeGroup=tb_workinfogubun,AI
AI,"[산타] AI 활용 백엔드 개발자 (부산, 시니어급)",(주)산타,부산 해운대구,회사내규에 따름,경력5년 대졸(4년),주5일,,2099-01-01,https://www.work24.go.kr/wk/a/b/1500/empDetailAuthView.do?wantedAuthNo=54634668&infoTypeCd=CSI&infoTypeGroup=tb_workinfogubun,AI
AI,[에듀윌] AI사업팀 팀원급 경력직 채용,(주)에듀윌,서울 구로구,회사내규에 따름,경력5년 대졸(4년),주5일,,2026-08-16,https://www.work24.go.kr/wk/a/b/1500/empDetailAuthView.do?wantedAuthNo=51364304&infoTypeCd=CJK&infoTypeGroup=tb_workinfogubun,AI
AI,AI 엔지니어 (VLM / VLA),써치스퀘어,서울 중구,회사내규에 따름,경력3년 석사,,,2026-08-23,https://www.work24.go.kr/wk/a/b/1500/empDetailAuthView.do?wantedAuthNo=2608030000984&infoTypeCd=CIN&infoTypeGroup=tb_workinfogubun,AI
AI,"AI Engineer (설계,개발,운영)",써치스퀘어,서울 중구,회사내규에 따름,경력3년 석사,,,2026-08-23,https://www.work24.go.kr/wk/a/b/1500/empDetailAuthView.do?wantedAuthNo=2608030000988&infoTypeCd=CIN&infoTypeGroup=tb_workinfogubun,AI
AI,샌드박스 to CCFM채용: 10일 훈련 후 AI콘텐츠디자이너로 출...,주식회사커리어샌드박스(CareerSandboxInc.),서울 금천구,회사내규에 따름,경력무관 학력무관,주5일,,2026-08-23,https://www.work24.go.kr/wk/a/b/1500/empDetailAuthView.do?wantedAuthNo=54635158&infoTypeCd=CSI&infoTypeGroup=tb_workinfogubun,AI
AI,[패스트캠퍼스 B2B][경력] 기업교육 세일즈 매니저 (AI/AX),주식회사 데이원컴퍼니,서울 강남구,회사내규에 따름,경력1년 학력무관,주5일,,2099-01-01,https://www.work24.go.kr/wk/a/b/1500/empDetailAuthView.do?wantedAuthNo=2608030001210&infoTypeCd=CIN&infoTypeGroup=tb_workinfogubun,AI
AI,[Vigloo] AI Creative Director (1년 계약직...,㈜스푼랩스,서울 강남구,회사내규에 따름,경력무관 학력무관,기타,,2099-12-31,https://www.work24.go.kr/wk/a/b/1500/empDetailAuthView.do?wantedAuthNo=51365821&infoTypeCd=CJK&infoTypeGroup=tb_workinfogubun,AI
AI,AI IP 콘텐츠 프로듀서 (Higgsfield AI 활용 경험자),(주)뷰스컴퍼니,서울 강남구,회사내규에 따름,경력무관 학력무관,주5일,,2026-09-02,https://www.work24.go.kr/wk/a/b/1500/empDetailAuthView.do?wantedAuthNo=54636922&infoTypeCd=CSI&infoTypeGroup=tb_workinfogubun,AI
AI,[1본부] 스타트업 기술사업화·정부R&D기획 바이오헬스케어·AI,주식회사 에스와이피(SYP),서울 강남구,회사내규에 따름,신입/경력2년 대졸(4년),,,2026-09-02,https://www.work24.go.kr/wk/a/b/1500/empDetailAuthView.do?wantedAuthNo=54636945&infoTypeCd=CSI&infoTypeGroup=tb_workinfogubun,AI
AI,AI 업무자동화 PM·개발자,㈜밀리언커넥티드,경기 하남시,"연봉 3,600 만원 ~ 4,500 만원",경력무관 대졸(2~3년),주5일,,2026-09-02,https://www.work24.go.kr/wk/a/b/1500/empDetailAuthView.do?wantedAuthNo=51365965&infoTypeCd=CJK&infoTypeGroup=tb_workinfogubun,AI
AI,[병역특례] 개발/프로그래밍/AI 담당자 채용 (전문연구요원),(주)윤성에프앤씨,경기 안성시,회사내규에 따름,경력1년 석사,주5일,,2026-09-02,https://www.work24.go.kr/wk/a/b/1500/empDetailAuthView.do?wantedAuthNo=54637067&infoTypeCd=CSI&infoTypeGroup=tb_workinfogubun,AI
AI,AI 서비스 운영 인재 모집(정규직),(주)낭만상회,서울 강남구,회사내규에 따름,경력무관 학력무관,,,2026-09-04,https://www.work24.go.kr/wk/a/b/1500/empDetailAuthView.do?wantedAuthNo=54637390&infoTypeCd=CSI&infoTypeGroup=tb_workinfogubun,AI
AI,AI 서비스 개발 인재 모집(정규직),(주)낭만상회,서울 강남구,회사내규에 따름,경력무관 학력무관,,,2026-09-02,https://www.work24.go.kr/wk/a/b/1500/empDetailAuthView.do?wantedAuthNo=54637463&infoTypeCd=CSI&infoTypeGroup=tb_workinfogubun,AI
AI,"(삼성동) 검색엔진, AI 엔진 마케터 모집 (신입, 경력)",(주)엑셀리언트,서울 강남구,회사내규에 따름,경력무관 대졸(2~3년),주5일,,2026-09-02,https://www.work24.go.kr/wk/a/b/1500/empDetailAuthView.do?wantedAuthNo=54637503&infoTypeCd=CSI&infoTypeGroup=tb_workinfogubun,AI
AI,영상 콘텐츠 마케터 AI 활용 유튜브·인스타그램·네이버 클립 운...,슬립시티매트리스㈜,경기 고양시 일산동구 등,"연봉 2,800 만원 ~ 2,800 만원",경력1년 학력무관,주5일,,2026-08-31,https://www.work24.go.kr/wk/a/b/1500/empDetailAuthView.do?wantedAuthNo=51367259&infoTypeCd=CJK&infoTypeGroup=tb_workinfogubun,AI
AI,AI 플랫폼 엔지니어,(주)텐,서울 강남구,회사내규에 따름,경력3년 학력무관,주5일,,2099-01-01,https://www.work24.go.kr/wk/a/b/1500/empDetailAuthView.do?wantedAuthNo=54638685&infoTypeCd=CSI&infoTypeGroup=tb_workinfogubun,AI
AI,[쿠팡 본사/풀재택 근무] AI 컨텐츠 품질 평가자 대규모 채용,리드커리어㈜,서울 강남구 등,"연봉 3,300 만원 ~ 3,300 만원",경력무관 학력무관,주5일,,2026-08-12,https://www.work24.go.kr/wk/a/b/1500/empDetailAuthView.do?wantedAuthNo=51367527&infoTypeCd=CJK&infoTypeGroup=tb_workinfogubun,AI
AI,AI 콘텐츠 크리에이터 공개채용[SNS 마케팅팀],예진(주),서울 송파구,"연봉 4,000 만원 ~ 4,000 만원",경력3년 대졸(4년),주5일,,2026-08-05,https://www.work24.go.kr/wk/a/b/1500/empDetailAuthView.do?wantedAuthNo=54638982&infoTypeCd=CSI&infoTypeGroup=tb_workinfogubun,AI
AI,AI전략실 경력직 채용,하나증권,서울 영등포구,회사내규에 따름,경력무관 대졸(4년),,,2026-08-17,https://www.work24.go.kr/wk/a/b/1500/empDetailAuthView.do?wantedAuthNo=564542&infoTypeCd=CAT&infoTypeGroup=tb_workinfogubun,AI
AI,[CJ 4DPLEX] AI Tech & Art (Senior) 채용,CJ포디플렉스,서울 마포구,회사내규에 따름,경력무관 학력무관,,,2026-08-16,https://www.work24.go.kr/wk/a/b/1500/empDetailAuthView.do?wantedAuthNo=564497&infoTypeCd=CAT&infoTypeGroup=tb_workinfogubun,AI
AI,[CJ 4DPLEX] Technical AI PM 채용,CJ포디플렉스,서울 마포구,회사내규에 따름,경력무관 석사,,,2026-08-16,https://www.work24.go.kr/wk/a/b/1500/empDetailAuthView.do?wantedAuthNo=564498&infoTypeCd=CAT&infoTypeGroup=tb_workinfogubun,AI
머신러닝,컴퓨터 비전 딥러닝/머신러닝 개발자(영상인식) 경력무관,주식회사 마이크로시스템,경기도 용인시 처인구,"연봉 3,552 만원 ~ 3,552 만원",경력무관 학력무관,주5일 주 40시간 근로 09:00 ~ 18:00,,2026-10-04,https://www.work24.go.kr/wk/a/b/1500/empDetailAuthView.do?wantedAuthNo=K180022608050021&infoTypeCd=VALIDATION&infoTypeGroup=tb_workinfoworknet,AI
머신러닝,"현대카드 한남동(ML,V&P) 기전기사 채용 (3교대)",에프엠파트너㈜,서울 용산구,월급 294 만원 ~ 294 만원,경력1년 학력무관,기타,,2026-09-02,https://www.work24.go.kr/wk/a/b/1500/empDetailAuthView.do?wantedAuthNo=51367364&infoTypeCd=CJK&infoTypeGroup=tb_workinfogubun,AI
머신러닝,AI Research Engineer (ML/LLM Service ...,(주)케인앤클루컨설팅,경기 용인시 처인구 등,"연봉 6,500 만원 ~ 9,000 만원",경력10년 대졸(4년),,,2099-01-01,https://www.work24.go.kr/wk/a/b/1500/empDetailAuthView.do?wantedAuthNo=2607310000900&infoTypeCd=CIN&infoTypeGroup=tb_workinfogubun,AI
머신러닝,AI/ML 및 신호처리 알고리즘 개발자 채용 공고,주식회사에이치투블룸,경기 성남시 수정구 등,회사내규에 따름,경력1년 석사,,,2026-08-29,https://www.work24.go.kr/wk/a/b/1500/empDetailAuthView.do?wantedAuthNo=54610377&infoTypeCd=CSI&infoTypeGroup=tb_workinfogubun,AI
머신러닝,ML(머신러닝) 엔지니어 (전문연구요원 신규 편입),주식회사 로민,서울 서초구,회사내규에 따름,신입/경력 석사,,,2026-12-31,https://www.work24.go.kr/wk/a/b/1500/empDetailAuthView.do?wantedAuthNo=00172390&infoTypeCd=PRD&infoTypeGroup=tb_workinfogubun,AI
머신러닝,AI에이전트/ML 엔지니어 채용(4개 부문),㈜씨에스리,서울 마포구,회사내규에 따름,경력2년 학력무관,주5일,,2026-08-26,https://www.work24.go.kr/wk/a/b/1500/empDetailAuthView.do?wantedAuthNo=51327897&infoTypeCd=CJK&infoTypeGroup=tb_workinfogubun,AI
머신러닝,DL/ML AI엔지니어 채용,(주)펀진,서울 성동구,회사내규에 따름,경력무관 대졸(4년),주5일,,2026-09-19,https://www.work24.go.kr/wk/a/b/1500/empDetailAuthView.do?wantedAuthNo=54516300&infoTypeCd=CSI&infoTypeGroup=tb_workinfogubun,AI
머신러닝,[하이브랩] AI 엔지니어 (AI Engineer / ML Engi...,(주)하이브랩,서울 등,회사내규에 따름,경력3년 대졸(2~3년),,,2026-08-20,https://www.work24.go.kr/wk/a/b/1500/empDetailAuthView.do?wantedAuthNo=54517809&infoTypeCd=CSI&infoTypeGroup=tb_workinfogubun,AI
머신러닝,[미리캔버스] ML Engineer (Agentic AI & Sea...,㈜미리디,서울 구로구,회사내규에 따름,경력1년 학력무관,주5일,,2026-09-01,https://www.work24.go.kr/wk/a/b/1500/empDetailAuthView.do?wantedAuthNo=51260707&infoTypeCd=CJK&infoTypeGroup=tb_workinfogubun,AI
머신러닝,[격주 4.5일] 아이나비 머신러닝 기반 임베디드 영상 처리 개발,팅크웨어(주),경기 성남시 분당구 등,회사내규에 따름,신입/경력1년 대졸(4년),주5일,,2026-08-14,https://www.work24.go.kr/wk/a/b/1500/empDetailAuthView.do?wantedAuthNo=54477018&infoTypeCd=CSI&infoTypeGroup=tb_workinfogubun,AI
머신러닝,[CORNERSTONE] AI Engineer(ML),주식회사 코너스톤앤컴퍼니,경기 성남시 분당구 등,회사내규에 따름,경력3년 대졸(4년),,,2026-08-07,https://www.work24.go.kr/wk/a/b/1500/empDetailAuthView.do?wantedAuthNo=2607080001025&infoTypeCd=CIN&infoTypeGroup=tb_workinfogubun,AI
머신러닝,ML(머신러닝) 엔지니어,,,회사내규에 따름,,,,2026-08-31,https://www.work24.go.kr/wk/a/b/1500/empDetailAuthView.do?wantedAuthNo=2000001431090&infoTypeCd=MMA&infoTypeGroup=tb_workinfomma,AI
머신러닝,ML(머신러닝) 엔지니어,주식회사 로민,서울 서초구,"연봉 5,000 만원 ~ 5,500 만원",신입/경력 석사,,,2026-12-31,https://www.work24.go.kr/wk/a/b/1500/empDetailAuthView.do?wantedAuthNo=00172237&infoTypeCd=PRD&infoTypeGroup=tb_workinfogubun,AI
머신러닝,머신러닝 엔지니어(ML&LLM),큐픽스,경기 성남시 분당구 등,회사내규에 따름,신입/경력 석사,,,2026-08-31,https://www.work24.go.kr/wk/a/b/1500/empDetailAuthView.do?wantedAuthNo=00172232&infoTypeCd=PRD&infoTypeGroup=tb_workinfogubun,AI
머신러닝,ML/DevOps Engineer,사이오닉에이아이,서울 강남구,회사내규에 따름,경력 학력무관,,,2099-12-31,https://www.work24.go.kr/wk/a/b/1500/empDetailAuthView.do?wantedAuthNo=312163&infoTypeCd=CWT&infoTypeGroup=tb_workinfogubun,AI
머신러닝,머신러닝 엔지니어/ AI 고경력 개발자,㈜솔비트,서울 서초구,회사내규에 따름,경력1년 대졸(4년),주5일,,2026-08-31,https://www.work24.go.kr/wk/a/b/1500/empDetailAuthView.do?wantedAuthNo=51180663&infoTypeCd=CJK&infoTypeGroup=tb_workinfogubun,AI
머신러닝,[챌린저스] ML Engineer,화이트큐브,서울 강남구,회사내규에 따름,경력 학력무관,,,2099-12-31,https://www.work24.go.kr/wk/a/b/1500/empDetailAuthView.do?wantedAuthNo=348118&infoTypeCd=CWT&infoTypeGroup=tb_workinfogubun,AI
머신러닝,Senior ML Solutions Engineer,슈퍼브에이아이(Superb AI),서울 강남구,회사내규에 따름,경력 학력무관,,,2099-12-31,https://www.work24.go.kr/wk/a/b/1500/empDetailAuthView.do?wantedAuthNo=343025&infoTypeCd=CWT&infoTypeGroup=tb_workinfogubun,AI
머신러닝,AI Engineer (LLM Agent / ML),몬드리안에이아이,인천 연수구,회사내규에 따름,경력 학력무관,,,2099-12-31,https://www.work24.go.kr/wk/a/b/1500/empDetailAuthView.do?wantedAuthNo=367999&infoTypeCd=CWT&infoTypeGroup=tb_workinfogubun,AI
머신러닝,ML 엔지니어,에이아이구루,서울 서초구,회사내규에 따름,경력 학력무관,,,2099-12-31,https://www.work24.go.kr/wk/a/b/1500/empDetailAuthView.do?wantedAuthNo=370239&infoTypeCd=CWT&infoTypeGroup=tb_workinfogubun,AI
머신러닝,AI/ML 알고리즘 개발자 2년 이상,엔젤로보틱스,대전 대덕구,회사내규에 따름,경력 학력무관,,,2099-12-31,https://www.work24.go.kr/wk/a/b/1500/empDetailAuthView.do?wantedAuthNo=369441&infoTypeCd=CWT&infoTypeGroup=tb_workinfogubun,AI
머신러닝,머신러닝 엔지니어 (모델링 고도화),에이블리코퍼레이션,서울 서초구,회사내규에 따름,경력 학력무관,,,2099-12-31,https://www.work24.go.kr/wk/a/b/1500/empDetailAuthView.do?wantedAuthNo=356354&infoTypeCd=CWT&infoTypeGroup=tb_workinfogubun,AI
머신러닝,[BD] Business Development Manager (ML...,마키나락스,서울 서초구,회사내규에 따름,경력 학력무관,,,2099-12-31,https://www.work24.go.kr/wk/a/b/1500/empDetailAuthView.do?wantedAuthNo=368503&infoTypeCd=CWT&infoTypeGroup=tb_workinfogubun,AI
머신러닝,[(주)주인정보시스템] AI 모델 개발 (AI/ML model De...,(주)주인정보시스템,서울특별시 강남구 논현로102길,"연봉 3,300 만원 이상",경력5년 대졸(2~3년) ~ 박사,주5일 주 40시간 근로 09:00 ~ 18:00,,2026-08-11,https://www.work24.go.kr/wk/a/b/1500/empDetailAuthView.do?wantedAuthNo=K120032606120026&infoTypeCd=VALIDATION&infoTypeGroup=tb_workinfoworknet,AI
머신러닝,[AI/ML 엔지니어 ] AI 스마트클린로드 센서 데이터분석 개발자,(주)영신,경기 용인시 기흥구 등,회사내규에 따름,경력무관 대졸(4년),주5일,,2099-01-01,https://www.work24.go.kr/wk/a/b/1500/empDetailAuthView.do?wantedAuthNo=54144238&infoTypeCd=CSI&infoTypeGroup=tb_workinfogubun,AI
머신러닝,[병역특례] ML Engineer 전문연구요원,다겸(주),서울 금천구,회사내규에 따름,경력무관 대졸(4년),,,2099-12-31,https://www.work24.go.kr/wk/a/b/1500/empDetailAuthView.do?wantedAuthNo=54147171&infoTypeCd=CSI&infoTypeGroup=tb_workinfogubun,AI
딥러닝,[DL이앤씨/내포현장]- 안전시설물 설치팀 모집 /경력자우대-이천출...,(주)태영산업,충청남도 홍성군 신대로,월급 290 만원 ~ 350 만원,경력무관 학력무관,주6일 주 40시간 근로,,2026-08-29,https://www.work24.go.kr/wk/a/b/1500/empDetailAuthView.do?wantedAuthNo=K180332608030006&infoTypeCd=VALIDATION&infoTypeGroup=tb_workinfoworknet,AI
딥러닝,[김포데이터센터 현장 / DL이앤씨] 안전관리자 채용 공고-PJT직,디엘이앤씨(주),경기 김포시,회사내규에 따름,경력2년 학력무관,,,2026-08-30,https://www.work24.go.kr/wk/a/b/1500/empDetailAuthView.do?wantedAuthNo=54620605&infoTypeCd=CSI&infoTypeGroup=tb_workinfogubun,AI
딥러닝,DL케미칼 여수공장 행정팀 비서&사무보조 직원 모집 (채용 시 마감...,디엘케미칼 주식회사,전남광주통합특별시 여수시 여수산단2로,월급 249 만원 ~ 249 만원,경력무관 학력무관,주5일 주 40시간 근로 08:00 ~ 17:00,,2026-09-29,https://www.work24.go.kr/wk/a/b/1500/empDetailAuthView.do?wantedAuthNo=K162232607300011&infoTypeCd=VALIDATION&infoTypeGroup=tb_workinfoworknet,AI
딥러닝,[DL이앤씨/서초현장]- 안전시설물 설치팀 모집 /경력자우대-이천출...,(주)태영산업,경기도 이천시 호법면,월급 290 만원 ~ 350 만원,경력무관 학력무관,주6일 주 40시간 근로,,2026-08-15,https://www.work24.go.kr/wk/a/b/1500/empDetailAuthView.do?wantedAuthNo=K180332607280004&infoTypeCd=VALIDATION&infoTypeGroup=tb_workinfoworknet,AI
딥러닝,DL케미칼 여수공장 물류팀 단기계약직 모집,디엘케미칼 주식회사,전남광주통합특별시 여수시 여수산단2로,월급 249 만원 이상,경력무관 학력무관,주5일 주 40시간 근로 08:00 ~ 17:00,,2026-08-31,https://www.work24.go.kr/wk/a/b/1500/empDetailAuthView.do?wantedAuthNo=K162232607270005&infoTypeCd=VALIDATION&infoTypeGroup=tb_workinfoworknet,AI
딥러닝,영진기술(주) Vision AI 엔지니어 채용 (영상 분석·딥러닝 ...,영진기술(주),경기 수원시 팔달구 등,회사내규에 따름,경력1년 대졸(4년),주5일,,2026-08-05,https://www.work24.go.kr/wk/a/b/1500/empDetailAuthView.do?wantedAuthNo=54567035&infoTypeCd=CSI&infoTypeGroup=tb_workinfogubun,AI
딥러닝,[DL이앤씨] 플랜트사업본부 소방설계 채용 (PJT직),디엘이앤씨(주),서울 강서구,회사내규에 따름,경력4년 대졸(2~3년),,,2026-08-17,https://www.work24.go.kr/wk/a/b/1500/empDetailAuthView.do?wantedAuthNo=54556528&infoTypeCd=CSI&infoTypeGroup=tb_workinfogubun,AI
딥러닝,[DL이앤씨] 본사 사무(채용)보조 채용,디엘이앤씨 주식회사,서울 강서구,회사내규에 따름,신입/경력 학력무관,주5일,,2026-08-23,https://www.work24.go.kr/wk/a/b/1500/empDetailAuthView.do?wantedAuthNo=2607240002158&infoTypeCd=CIN&infoTypeGroup=tb_workinfogubun,AI
딥러닝,(주)애니파이브 - 딥러닝 엔지니어 정규직 채용(경력),㈜애니파이브,서울 구로구,회사내규에 따름,경력무관 대졸(2~3년),주5일,,2026-08-20,https://www.work24.go.kr/wk/a/b/1500/empDetailAuthView.do?wantedAuthNo=54522471&infoTypeCd=CSI&infoTypeGroup=tb_workinfogubun,AI
딥러닝,포인드(주) 인공지능·딥러닝 개발자 채용 (경력),포인드주식회사,경상북도 구미시 구미대로,"연봉 3,270 만원 이상",경력2년 학력무관,주5일 주 40시간 근로 09:00 ~ 18:00,,2026-08-15,https://www.work24.go.kr/wk/a/b/1500/empDetailAuthView.do?wantedAuthNo=K141212607160023&infoTypeCd=VALIDATION&infoTypeGroup=tb_workinfoworknet,AI
딥러닝,포인드(주) 인공지능·딥러닝 개발자 채용 (신입),포인드주식회사,경상북도 구미시 구미대로,"연봉 3,000 만원 이상",신입 학력무관,주5일 주 40시간 근로 09:00 ~ 18:00,,2026-08-15,https://www.work24.go.kr/wk/a/b/1500/empDetailAuthView.do?wantedAuthNo=K141212607160020&infoTypeCd=VALIDATION&infoTypeGroup=tb_workinfoworknet,AI
딥러닝,[DL이앤씨] CCTV 안전관제 요원 채용 (중증장애인/재택근무),디엘이앤씨(주),서울 강서구,회사내규에 따름,경력무관 학력무관,,,2026-08-13,https://www.work24.go.kr/wk/a/b/1500/empDetailAuthView.do?wantedAuthNo=54458560&infoTypeCd=CSI&infoTypeGroup=tb_workinfogubun,AI
딥러닝,[DL이앤씨] 비서 채용,디엘이앤씨 주식회사,서울 강서구,회사내규에 따름,경력3년 대졸(2~3년),주5일,,2026-08-09,https://www.work24.go.kr/wk/a/b/1500/empDetailAuthView.do?wantedAuthNo=2607100003185&infoTypeCd=CIN&infoTypeGroup=tb_workinfogubun,AI
딥러닝,주식회사 데브링크 머신비전/LLM/DL 개발자 모집,주식회사 데브링크,경기 평택시,회사내규에 따름,경력무관 대졸(2~3년),,,2026-09-05,https://www.work24.go.kr/wk/a/b/1500/empDetailAuthView.do?wantedAuthNo=54390391&infoTypeCd=CSI&infoTypeGroup=tb_workinfogubun,AI
딥러닝,AI/딥러닝 개발자 채용 공고,(주)엔플럭스,경기 성남시 분당구 등,회사내규에 따름,경력2년 대졸(4년),주5일,,2026-08-22,https://www.work24.go.kr/wk/a/b/1500/empDetailAuthView.do?wantedAuthNo=54257465&infoTypeCd=CSI&infoTypeGroup=tb_workinfogubun,AI
딥러닝,NPU 딥러닝 컴파일러 개발 채용,현대자동차,경기 성남시 분당구 등,회사내규에 따름,경력무관 석사,,,2099-01-01,https://www.work24.go.kr/wk/a/b/1500/empDetailAuthView.do?wantedAuthNo=560359&infoTypeCd=CAT&infoTypeGroup=tb_workinfogubun,AI
딥러닝,딥러닝 기반 비전/지능 개발자 3~8년,엑스업,경기 안양시,회사내규에 따름,경력 학력무관,,,2099-12-31,https://www.work24.go.kr/wk/a/b/1500/empDetailAuthView.do?wantedAuthNo=367811&infoTypeCd=CWT&infoTypeGroup=tb_workinfogubun,AI
데이터사이언스,서울대학교 데이터사이언스대학원 행정직원(기간제계약) 채용 공고,서울대학교 데이터사이언스대학원,서울특별시 관악구 관악로,월급 280 만원 ~ 280 만원,경력1년 학력무관,주5일 주 40시간 근로 09:00 ~ 18:00,,2026-08-09,https://www.work24.go.kr/wk/a/b/1500/empDetailAuthView.do?wantedAuthNo=K120612608040017&infoTypeCd=VALIDATION&infoTypeGroup=tb_workinfoworknet,AI
LLM,[주식회사 큐스톤] LLM 데이터 사이언티스트 모집 (경력 3년 이...,큐스톤,서울 광진구,"연봉 5,000 만원 ~ 8,000 만원",경력3년 대졸(4년),주5일,,2026-08-22,https://www.work24.go.kr/wk/a/b/1500/empDetailAuthView.do?wantedAuthNo=2607230003579&infoTypeCd=CIN&infoTypeGroup=tb_workinfogubun,AI
LLM,AI 개발자 모집 (헬스케어 / 의료 음성인식·LLM / CSO 직...,(주)비트컴퓨터,서울 서초구,회사내규에 따름,경력무관 학력무관,주5일,,2026-08-19,https://www.work24.go.kr/wk/a/b/1500/empDetailAuthView.do?wantedAuthNo=54499565&infoTypeCd=CSI&infoTypeGroup=tb_workinfogubun,AI
LLM,[전문연구요원] 게임 콘텐츠 AI 응용 개발자 (LLM / RAG ...,,,회사내규에 따름,,,,2026-09-15,https://www.work24.go.kr/wk/a/b/1500/empDetailAuthView.do?wantedAuthNo=2000001445306&infoTypeCd=MMA&infoTypeGroup=tb_workinfomma,AI
LLM,로컬 LLM/RAG 엔지니어 모집합니다,(주)세종에이아이연구센터,세종,회사내규에 따름,경력2년 학력무관,,,2026-09-16,https://www.work24.go.kr/wk/a/b/1500/empDetailAuthView.do?wantedAuthNo=54496582&infoTypeCd=CSI&infoTypeGroup=tb_workinfogubun,AI
LLM,LLM서빙 인프라 엔지니어 구합니다.,(주)세종에이아이연구센터,세종,회사내규에 따름,경력2년 학력무관,,,2026-09-16,https://www.work24.go.kr/wk/a/b/1500/empDetailAuthView.do?wantedAuthNo=54496640&infoTypeCd=CSI&infoTypeGroup=tb_workinfogubun,AI
LLM,"[전문연구요원 모집] AI, 생성형 AI(LLM) 개발, 바이브코딩...",,,회사내규에 따름,,,,2026-08-31,https://www.work24.go.kr/wk/a/b/1500/empDetailAuthView.do?wantedAuthNo=2000001435889&infoTypeCd=MMA&infoTypeGroup=tb_workinfomma,AI
LLM,LLM 기반 AI 서비스 개발자 경력자 채용,주식회사 틸론소프트,제주특별자치도 제주시 첨단로,"연봉 3,500 만원 ~ 5,500 만원",경력1년 대졸(4년) ~ 석사,주5일 주 40시간 근로 09:00 ~ 18:00,,2026-09-07,https://www.work24.go.kr/wk/a/b/1500/empDetailAuthView.do?wantedAuthNo=K163012607080028&infoTypeCd=VALIDATION&infoTypeGroup=tb_workinfoworknet,AI
LLM,1인 사업가 능력을 갖춘 LLM AI 기획 UX 디자이너 기획자,(주)도슨티,서울 관악구,회사내규에 따름,경력무관 학력무관,,,2099-12-31,https://www.work24.go.kr/wk/a/b/1500/empDetailAuthView.do?wantedAuthNo=54406573&infoTypeCd=CSI&infoTypeGroup=tb_workinfogubun,AI
LLM,LLM Research Engineer (Pre-training) ...,카카오,경기 성남시 분당구 등,회사내규에 따름,경력무관 석사,,,2099-01-01,https://www.work24.go.kr/wk/a/b/1500/empDetailAuthView.do?wantedAuthNo=560190&infoTypeCd=CAT&infoTypeGroup=tb_workinfogubun,AI
LLM,AI 엔지니어 (LLM),엔닷라이트,경기 성남시,회사내규에 따름,경력 학력무관,,,2099-12-31,https://www.work24.go.kr/wk/a/b/1500/empDetailAuthView.do?wantedAuthNo=329004&infoTypeCd=CWT&infoTypeGroup=tb_workinfogubun,AI
LLM,AI/LLM Agent Engineer,몬드리안에이아이,인천 연수구,회사내규에 따름,경력 학력무관,,,2099-12-31,https://www.work24.go.kr/wk/a/b/1500/empDetailAuthView.do?wantedAuthNo=371559&infoTypeCd=CWT&infoTypeGroup=tb_workinfogubun,AI
LLM,LLM 기반 어플리케이션 엔지니어,에이아이웍스,서울 송파구,회사내규에 따름,경력 학력무관,,,2099-12-31,https://www.work24.go.kr/wk/a/b/1500/empDetailAuthView.do?wantedAuthNo=346789&infoTypeCd=CWT&infoTypeGroup=tb_workinfogubun,AI
LLM,LLM Serving Engineer(Py/GPU/vLLM AI I...,세타온,서울 강남구,회사내규에 따름,경력 학력무관,,,2099-12-31,https://www.work24.go.kr/wk/a/b/1500/empDetailAuthView.do?wantedAuthNo=370021&infoTypeCd=CWT&infoTypeGroup=tb_workinfogubun,AI
LLM,[Blue Garage] AI Artist / LLM Enginee...,블루개러지,서울 강동구,회사내규에 따름,경력무관 학력무관,,,2099-01-01,https://www.work24.go.kr/wk/a/b/1500/empDetailAuthView.do?wantedAuthNo=558130&infoTypeCd=CAT&infoTypeGroup=tb_workinfogubun,AI
LLM,AI Engineer (LLM 응용 · 백엔드),임팩티브에이아이,서울 강남구,회사내규에 따름,경력무관 대졸(4년),,,2099-01-01,https://www.work24.go.kr/wk/a/b/1500/empDetailAuthView.do?wantedAuthNo=557873&infoTypeCd=CAT&infoTypeGroup=tb_workinfogubun,AI
LLM,LLM & RAG 엔지니어,이자,서울 영등포구,회사내규에 따름,경력 학력무관,,,2099-12-31,https://www.work24.go.kr/wk/a/b/1500/empDetailAuthView.do?wantedAuthNo=343082&infoTypeCd=CWT&infoTypeGroup=tb_workinfogubun,AI
LLM,메크랩주식회사 CAD/Simulation 특화 LLM 파인튜닝 엔...,메크랩주식회사(Mek-labInc.),인천 미추홀구,"연봉 5,000 만원 ~ 5,000 만원",경력2년 대졸(4년),,,2026-08-22,https://www.work24.go.kr/wk/a/b/1500/empDetailAuthView.do?wantedAuthNo=54259419&infoTypeCd=CSI&infoTypeGroup=tb_workinfogubun,AI
LLM,[AI Engineer] LLM·RAG 기반 AI Agent 책임급...,(주)루커스,서울 서초구,회사내규에 따름,경력5년 대졸(2~3년),,,2026-08-21,https://www.work24.go.kr/wk/a/b/1500/empDetailAuthView.do?wantedAuthNo=54247889&infoTypeCd=CSI&infoTypeGroup=tb_workinfogubun,AI
LLM,LLM 평가·문항생성 파이프라인 AI 엔지니어,뉴런소프트,서울 관악구,회사내규에 따름,경력 학력무관,,,2099-12-31,https://www.work24.go.kr/wk/a/b/1500/empDetailAuthView.do?wantedAuthNo=369433&infoTypeCd=CWT&infoTypeGroup=tb_workinfogubun,AI
LLM,LLM AI 서비스 기획/(5~ 14년) - 금융그룹 ICT,그레이스앤파트너스,서울,회사내규에 따름,경력5년 대졸(4년),,,2026-08-16,https://www.work24.go.kr/wk/a/b/1500/empDetailAuthView.do?wantedAuthNo=2606170005107&infoTypeCd=CIN&infoTypeGroup=tb_workinfogubun,AI
LLM,LLM Observability 개발자,와탭랩스(WhaTapLabs),서울 서초구,회사내규에 따름,경력 학력무관,,,2099-12-31,https://www.work24.go.kr/wk/a/b/1500/empDetailAuthView.do?wantedAuthNo=337343&infoTypeCd=CWT&infoTypeGroup=tb_workinfogubun,AI
LLM,LLM Research Engineer,나니아랩스,서울 마포구,회사내규에 따름,경력 학력무관,,,2099-12-31,https://www.work24.go.kr/wk/a/b/1500/empDetailAuthView.do?wantedAuthNo=350722&infoTypeCd=CWT&infoTypeGroup=tb_workinfogubun,AI
LLM,LLM Platform Engineer,모레,서울 서초구,회사내규에 따름,경력 학력무관,,,2099-12-31,https://www.work24.go.kr/wk/a/b/1500/empDetailAuthView.do?wantedAuthNo=362017&infoTypeCd=CWT&infoTypeGroup=tb_workinfogubun,AI
LLM,AI Engineer / LLM·RAG Agent Lead,비에이블컴퍼니,서울 강남구,회사내규에 따름,경력 학력무관,,,2099-12-31,https://www.work24.go.kr/wk/a/b/1500/empDetailAuthView.do?wantedAuthNo=368265&infoTypeCd=CWT&infoTypeGroup=tb_workinfogubun,AI
LLM,AI Engineer(LLM),디피니트,서울 마포구,회사내규에 따름,경력 학력무관,,,2099-12-31,https://www.work24.go.kr/wk/a/b/1500/empDetailAuthView.do?wantedAuthNo=309870&infoTypeCd=CWT&infoTypeGroup=tb_workinfogubun,AI
LLM,백엔드 엔지니어(운영 자동화 / LLM 응용 워크플로우),,,회사내규에 따름,,,,2031-06-10,https://www.work24.go.kr/wk/a/b/1500/empDetailAuthView.do?wantedAuthNo=1013687&infoTypeCd=IBK&infoTypeGroup=tb_workinfoibk,AI
LLM,풀스택 엔지니어 (Django · SvelteKit · AWS · ...,노바인,서울 강남구,회사내규에 따름,경력 학력무관,,,2099-12-31,https://www.work24.go.kr/wk/a/b/1500/empDetailAuthView.do?wantedAuthNo=366857&infoTypeCd=CWT&infoTypeGroup=tb_workinfogubun,AI
컴퓨터비전,"AI개발자 (컴퓨터비전 중심, 주니어-미드시니어급)",위시,서울 서초구,회사내규에 따름,경력 학력무관,,,2099-12-31,https://www.work24.go.kr/wk/a/b/1500/empDetailAuthView.do?wantedAuthNo=366200&infoTypeCd=CWT&infoTypeGroup=tb_workinfogubun,AI
AI Agent,[AI Work Agent 플로우] 고객 콘텐츠 스페셜리스트,마드라스체크(주),서울 영등포구,회사내규에 따름,경력3년 대졸(4년),주5일,,2026-08-31,https://www.work24.go.kr/wk/a/b/1500/empDetailAuthView.do?wantedAuthNo=54615503&infoTypeCd=CSI&infoTypeGroup=tb_workinfogubun,AI오케스트레이션
AI Agent,송파 AI Agent 개발자 모집 python restful API,위쉬정보기술㈜,서울 구로구,회사내규에 따름,경력무관 학력무관,주5일,,2026-08-30,https://www.work24.go.kr/wk/a/b/1500/empDetailAuthView.do?wantedAuthNo=51354549&infoTypeCd=CJK&infoTypeGroup=tb_workinfogubun,AI오케스트레이션
AI Agent,(주)클러쉬 AI Agent Engineer (MS Copilot ...,(주)클러쉬,서울 관악구,회사내규에 따름,경력2년 대졸(4년),,,2026-08-29,https://www.work24.go.kr/wk/a/b/1500/empDetailAuthView.do?wantedAuthNo=54609951&infoTypeCd=CSI&infoTypeGroup=tb_workinfogubun,AI오케스트레이션
AI Agent,AI Video - 에이전트 skill 플러그인 프론트앤드 SW개발,(주)에픽모바일,전북 전주시 덕진구 등,회사내규에 따름,신입/경력1년 학력무관,,,2026-08-28,https://www.work24.go.kr/wk/a/b/1500/empDetailAuthView.do?wantedAuthNo=54592575&infoTypeCd=CSI&infoTypeGroup=tb_workinfogubun,AI오케스트레이션
AI Agent,[ICT] AI Agent Project Manager 경력사원 채...,한화시스템,서울 중구,회사내규에 따름,경력무관 학력무관,,,2026-08-09,https://www.work24.go.kr/wk/a/b/1500/empDetailAuthView.do?wantedAuthNo=564266&infoTypeCd=CAT&infoTypeGroup=tb_workinfogubun,AI오케스트레이션
AI Agent,AI Agent 기반 웹 풀스택 엔지니어 신입 채용 공고,(주)네오소프트뱅크,서울 구로구,회사내규에 따름,신입 학력무관,주5일,,2026-08-27,https://www.work24.go.kr/wk/a/b/1500/empDetailAuthView.do?wantedAuthNo=54583879&infoTypeCd=CSI&infoTypeGroup=tb_workinfogubun,AI오케스트레이션
AI Agent,"AI Architect - Agentic AI (경력, 0명)",위프로커넥티드서비시즈인크,경기 성남시 분당구 등,회사내규에 따름,경력5년 대졸(4년),,,2026-08-31,https://www.work24.go.kr/wk/a/b/1500/empDetailAuthView.do?wantedAuthNo=54385231&infoTypeCd=CSI&infoTypeGroup=tb_workinfogubun,AI오케스트레이션
AI Agent,2026년 일자리 매칭 AI agent 백엔드 개발자 채용 공고,주식회사엑스비온,서울 강남구,회사내규에 따름,경력1년 대졸(4년),,,2026-08-23,https://www.work24.go.kr/wk/a/b/1500/empDetailAuthView.do?wantedAuthNo=54558836&infoTypeCd=CSI&infoTypeGroup=tb_workinfogubun,AI오케스트레이션
AI Agent,AI Agent 운영·자동화 및 B2B 웹서비스 구축 담당자,（주）싸이트로닉,충청남도 천안시 서북구,"연봉 3,200 만원 ~ 4,200 만원",경력무관 대졸(2~3년) ~ 박사,주5일 주 44시간 근로 08:30 ~ 05:30,,2026-09-22,https://www.work24.go.kr/wk/a/b/1500/empDetailAuthView.do?wantedAuthNo=KJNM002607230001&infoTypeCd=VALIDATION&infoTypeGroup=tb_workinfoworknet,AI오케스트레이션
AI Agent,"[AI기획,개발] 더존비즈온 AI 에이전트 개발자 및 AI 서비스 ...",(주)더존비즈온,서울 중구,회사내규에 따름,신입/경력 학력무관,주5일,,2026-08-07,https://www.work24.go.kr/wk/a/b/1500/empDetailAuthView.do?wantedAuthNo=2607230000340&infoTypeCd=CIN&infoTypeGroup=tb_workinfogubun,AI오케스트레이션
AI Agent,[AI Work Agent 플로우] 대기업 구축형 서비스 운영 담당...,마드라스체크(주),서울 영등포구,회사내규에 따름,경력무관 대졸(4년),주5일,,2026-08-31,https://www.work24.go.kr/wk/a/b/1500/empDetailAuthView.do?wantedAuthNo=54546600&infoTypeCd=CSI&infoTypeGroup=tb_workinfogubun,AI오케스트레이션
AI Agent,생성형 AI 플랫폼 및 에이전트 개발 풀스택 개발자,,,회사내규에 따름,,,,2031-07-23,https://www.work24.go.kr/wk/a/b/1500/empDetailAuthView.do?wantedAuthNo=1014185&infoTypeCd=IBK&infoTypeGroup=tb_workinfoibk,AI오케스트레이션
AI Agent,재미스튜디오 AI Agent 관련 웹 서비스 개발자 모집,(주)재미스튜디오,대전 유성구,회사내규에 따름,경력무관 학력무관,,,2099-01-01,https://www.work24.go.kr/wk/a/b/1500/empDetailAuthView.do?wantedAuthNo=54550009&infoTypeCd=CSI&infoTypeGroup=tb_workinfogubun,AI오케스트레이션
AI Agent,"[AI기획, 개발]더존비즈온 AI 에이전트 개발, 서비스기획 채용",(주)더존비즈온,서울 중구,회사내규에 따름,신입/경력1년 학력무관,,,2026-08-07,https://www.work24.go.kr/wk/a/b/1500/empDetailAuthView.do?wantedAuthNo=54535715&infoTypeCd=CSI&infoTypeGroup=tb_workinfogubun,AI오케스트레이션
AI Agent,"AI AGENT, 파이썬 선생님 구합니다",제이투케이,서울특별시 서초구 마방로10길,"시급 11,000 원 이상",신입 학력무관,주3일 09:00 ~ 06:00,,2026-09-14,https://www.work24.go.kr/wk/a/b/1500/empDetailAuthView.do?wantedAuthNo=K120142607210025&infoTypeCd=VALIDATION&infoTypeGroup=tb_workinfoworknet,AI오케스트레이션
AI Agent,[ 카페인중독 ] AX팀 AI 에이전트 팀장 모집,주식회사 어딕션컴퍼니,서울 강남구,회사내규에 따름,경력 학력무관,주5일,,2026-09-19,https://www.work24.go.kr/wk/a/b/1500/empDetailAuthView.do?wantedAuthNo=51289406&infoTypeCd=CJK&infoTypeGroup=tb_workinfogubun,AI오케스트레이션
AI Agent,"[AI기획, 개발]더존비즈온 AI 에이전트 개발자 및 AI 서비스 ...",더존비즈온,서울 중구,회사내규에 따름,경력 학력무관,,,2026-08-07,https://www.work24.go.kr/wk/a/b/1500/empDetailAuthView.do?wantedAuthNo=562413&infoTypeCd=CAT&infoTypeGroup=tb_workinfogubun,AI오케스트레이션
AI Agent,(주)클러쉬 시니어 AI Agent 개발자 모집,(주)클러쉬,서울 강남구,회사내규에 따름,경력10년 대졸(4년),,,2099-12-31,https://www.work24.go.kr/wk/a/b/1500/empDetailAuthView.do?wantedAuthNo=54505598&infoTypeCd=CSI&infoTypeGroup=tb_workinfogubun,AI오케스트레이션
AI Agent,[코스닥 상장사] 공간지능 플랫폼기반 Physical AI 에이전트...,(주)에스오에스랩,경기 성남시 분당구 등,회사내규에 따름,경력무관 석사,,,2099-12-31,https://www.work24.go.kr/wk/a/b/1500/empDetailAuthView.do?wantedAuthNo=54505619&infoTypeCd=CSI&infoTypeGroup=tb_workinfogubun,AI오케스트레이션
AI Agent,[AI Agent 스타트업] 그로스 마케터,튜링,서울 강남구,회사내규에 따름,경력1년 학력무관,,,2026-08-11,https://www.work24.go.kr/wk/a/b/1500/empDetailAuthView.do?wantedAuthNo=51065661&infoTypeCd=CJK&infoTypeGroup=tb_workinfogubun,AI오케스트레이션
AI Agent,[SS&C 블루프리즘] 엔터프라이즈 AI 에이전트 개발 인턴 모집,(주)블루프리즘코리아,서울 서초구,월급 240 만원 ~ 240 만원,신입/경력 학력무관,,,2026-08-14,https://www.work24.go.kr/wk/a/b/1500/empDetailAuthView.do?wantedAuthNo=2607160002389&infoTypeCd=CIN&infoTypeGroup=tb_workinfogubun,AI오케스트레이션
AI Agent,[Leading the AI] 유라클 AI Agentic Frame...,(주)유라클,서울 서초구,회사내규에 따름,경력1년 대졸(4년),주5일,,2026-08-15,https://www.work24.go.kr/wk/a/b/1500/empDetailAuthView.do?wantedAuthNo=54486588&infoTypeCd=CSI&infoTypeGroup=tb_workinfogubun,AI오케스트레이션
AI Agent,[Leading the AI] 유라클 Desktop Agent 앱 ...,(주)유라클,서울 서초구,회사내규에 따름,경력3년 대졸(4년),주5일,,2026-08-15,https://www.work24.go.kr/wk/a/b/1500/empDetailAuthView.do?wantedAuthNo=54486783&infoTypeCd=CSI&infoTypeGroup=tb_workinfogubun,AI오케스트레이션
AI Agent,[KSTEC] AI 기반 IDP 개발 / Agentic AI 솔루...,지식시스템㈜ KSTEC Inc.,경기 성남시 분당구 등,회사내규에 따름,경력3년 대졸(4년),주5일,,2026-08-15,https://www.work24.go.kr/wk/a/b/1500/empDetailAuthView.do?wantedAuthNo=54489036&infoTypeCd=CSI&infoTypeGroup=tb_workinfogubun,AI오케스트레이션
AI Agent,[개발] AI Agent Engineer / WEB 개발자,㈜에이다루트,서울 구로구,회사내규에 따름,신입/경력 대졸(4년),주5일,,2026-08-14,https://www.work24.go.kr/wk/a/b/1500/empDetailAuthView.do?wantedAuthNo=51260896&infoTypeCd=CJK&infoTypeGroup=tb_workinfogubun,AI오케스트레이션
AI Agent,[AI Work Agent 플로우] 엔터프라이즈 프리세일즈 컨설턴트,마드라스체크(주),서울 영등포구,회사내규에 따름,경력5년 학력무관,주5일,,2026-08-31,https://www.work24.go.kr/wk/a/b/1500/empDetailAuthView.do?wantedAuthNo=54476258&infoTypeCd=CSI&infoTypeGroup=tb_workinfogubun,AI오케스트레이션
AI Agent,AI Agent Architecture Lead 채용,한화비전,경기 성남시 분당구 등,회사내규에 따름,경력무관 석사,,,2099-01-01,https://www.work24.go.kr/wk/a/b/1500/empDetailAuthView.do?wantedAuthNo=561495&infoTypeCd=CAT&infoTypeGroup=tb_workinfogubun,AI오케스트레이션
AI Agent,에이전트AI 풍력발전설비 유지보수 정규직 채용(영광),주식회사 에이전트에이아이,전남광주 영광군,회사내규에 따름,경력무관 대졸(2~3년),,,2026-09-12,https://www.work24.go.kr/wk/a/b/1500/empDetailAuthView.do?wantedAuthNo=54456537&infoTypeCd=CSI&infoTypeGroup=tb_workinfogubun,AI오케스트레이션
AI Agent,AI Agent 개발자모집,,,회사내규에 따름,,,,2026-09-12,https://www.work24.go.kr/wk/a/b/1500/empDetailAuthView.do?wantedAuthNo=2000001440689&infoTypeCd=MMA&infoTypeGroup=tb_workinfomma,AI오케스트레이션
AI Agent,AI 서비스 및 에이전트 개발자 채용,(주)성진하이텍,서울 강서구,회사내규에 따름,경력3년 학력무관,주5일,,2026-08-12,https://www.work24.go.kr/wk/a/b/1500/empDetailAuthView.do?wantedAuthNo=54446280&infoTypeCd=CSI&infoTypeGroup=tb_workinfogubun,AI오케스트레이션
AI Agent,AI-agent 및 Ad-Tech 솔루션 기획&개발자 모집,㈜애드이피션시,서울 서초구,회사내규에 따름,경력3년 대졸(4년),주5일,,2026-09-05,https://www.work24.go.kr/wk/a/b/1500/empDetailAuthView.do?wantedAuthNo=51207699&infoTypeCd=CJK&infoTypeGroup=tb_workinfogubun,AI오케스트레이션
AI Agent,AI 서비스 및 에이전트 개발자 (초급/ 중급/고급 개발자),㈜애버커스,서울 구로구,회사내규에 따름,경력3년 대졸(4년),주5일,,2026-08-15,https://www.work24.go.kr/wk/a/b/1500/empDetailAuthView.do?wantedAuthNo=51210256&infoTypeCd=CJK&infoTypeGroup=tb_workinfogubun,AI오케스트레이션
AI Agent,[AI Work Agent 플로우] 고객경험(CX) 담당자,마드라스체크(주),서울 영등포구,회사내규에 따름,신입/경력1년 대졸(4년),주5일,,2026-08-31,https://www.work24.go.kr/wk/a/b/1500/empDetailAuthView.do?wantedAuthNo=54397647&infoTypeCd=CSI&infoTypeGroup=tb_workinfogubun,AI오케스트레이션
AI Agent,[AI Work Agent 플로우] 프리세일즈(기술영업) 담당자,마드라스체크(주),서울 영등포구,회사내규에 따름,경력2년 학력무관,주5일,,2026-08-31,https://www.work24.go.kr/wk/a/b/1500/empDetailAuthView.do?wantedAuthNo=54381100&infoTypeCd=CSI&infoTypeGroup=tb_workinfogubun,AI오케스트레이션
AI Agent,AI SW 엔지니어 - Agentic AI(3년 이상)-전문연구원 ...,엣지크로스,서울 금천구,회사내규에 따름,경력 학력무관,,,2099-12-31,https://www.work24.go.kr/wk/a/b/1500/empDetailAuthView.do?wantedAuthNo=319759&infoTypeCd=CWT&infoTypeGroup=tb_workinfogubun,AI오케스트레이션
AI Agent,AI 엔지니어 (Agent Framework),엔닷라이트,경기 성남시,회사내규에 따름,경력 학력무관,,,2099-12-31,https://www.work24.go.kr/wk/a/b/1500/empDetailAuthView.do?wantedAuthNo=347693&infoTypeCd=CWT&infoTypeGroup=tb_workinfogubun,AI오케스트레이션
AI Agent,(주)위즈코리아 '26년 하반기 AI Agent기반 업무혁신 담당자...,㈜위즈코리아,서울 강서구,회사내규에 따름,신입/경력 대졸(2~3년),주5일,,2026-08-31,https://www.work24.go.kr/wk/a/b/1500/empDetailAuthView.do?wantedAuthNo=51180146&infoTypeCd=CJK&infoTypeGroup=tb_workinfogubun,AI오케스트레이션
AI Agent,AI 엔지니어(VLM /음성 에이전트) 모집,넷마블(주),서울 구로구,회사내규에 따름,경력2년 대졸(4년),,,2026-08-31,https://www.work24.go.kr/wk/a/b/1500/empDetailAuthView.do?wantedAuthNo=54353867&infoTypeCd=CSI&infoTypeGroup=tb_workinfogubun,AI오케스트레이션
AI Agent,시니어 엔지니어 (Agent Native Cloud / AI Agent...,다키클라우드코리아,서울 강남구,회사내규에 따름,경력 학력무관,,,2099-12-31,https://www.work24.go.kr/wk/a/b/1500/empDetailAuthView.do?wantedAuthNo=371314&infoTypeCd=CWT&infoTypeGroup=tb_workinfogubun,AI오케스트레이션
AI Agent,[Socra AI][인재풀]AI engineer (AI Agent)...,소크라에이아이,지역무관,회사내규에 따름,경력무관 학력무관,,,2099-12-31,https://www.work24.go.kr/wk/a/b/1500/empDetailAuthView.do?wantedAuthNo=370749&infoTypeCd=CWT&infoTypeGroup=tb_workinfogubun,AI오케스트레이션
AI Agent,AI Agent 개발자,휴머스온,서울 강남구,회사내규에 따름,경력 학력무관,,,2099-12-31,https://www.work24.go.kr/wk/a/b/1500/empDetailAuthView.do?wantedAuthNo=359834&infoTypeCd=CWT&infoTypeGroup=tb_workinfogubun,AI오케스트레이션
AI Agent,CTO / Agentic AI Engineer,케이존,경기 성남시,회사내규에 따름,경력 학력무관,,,2099-12-31,https://www.work24.go.kr/wk/a/b/1500/empDetailAuthView.do?wantedAuthNo=370651&infoTypeCd=CWT&infoTypeGroup=tb_workinfogubun,AI오케스트레이션
AI Agent,[경력] AI Agent Engineer 채용,카카오헬스케어,경기 성남시 분당구 등,회사내규에 따름,경력무관 학력무관,,,2099-01-01,https://www.work24.go.kr/wk/a/b/1500/empDetailAuthView.do?wantedAuthNo=558090&infoTypeCd=CAT&infoTypeGroup=tb_workinfogubun,AI오케스트레이션
AI Agent,AI Engineer_생성형 AI Agent개발,제논,서울 강남구,회사내규에 따름,경력 학력무관,,,2099-12-31,https://www.work24.go.kr/wk/a/b/1500/empDetailAuthView.do?wantedAuthNo=215978&infoTypeCd=CWT&infoTypeGroup=tb_workinfogubun,AI오케스트레이션
AI Agent,Backend Engineer (AI Agent Platform) ...,아르고스아이덴티티코리아,서울 강남구,회사내규에 따름,경력 학력무관,,,2099-12-31,https://www.work24.go.kr/wk/a/b/1500/empDetailAuthView.do?wantedAuthNo=370173&infoTypeCd=CWT&infoTypeGroup=tb_workinfogubun,AI오케스트레이션
AI Agent,AI Model Production - Agents & Docume...,업스테이지,지역무관,회사내규에 따름,경력 학력무관,,,2099-12-31,https://www.work24.go.kr/wk/a/b/1500/empDetailAuthView.do?wantedAuthNo=370318&infoTypeCd=CWT&infoTypeGroup=tb_workinfogubun,AI오케스트레이션
AI Agent,AICC AI Agent 개발자 채용,㈜메타엠,서울 중구,회사내규에 따름,경력5년 학력무관,주5일,,2026-08-14,https://www.work24.go.kr/wk/a/b/1500/empDetailAuthView.do?wantedAuthNo=51131483&infoTypeCd=CJK&infoTypeGroup=tb_workinfogubun,AI오케스트레이션
AI Agent,[글로벌 AI Agent 스타트업] UXUI 디자이너,튜링,서울 강남구,회사내규에 따름,경력 학력무관,,,2099-12-31,https://www.work24.go.kr/wk/a/b/1500/empDetailAuthView.do?wantedAuthNo=369815&infoTypeCd=CWT&infoTypeGroup=tb_workinfogubun,AI오케스트레이션
AI Agent,AI 데이터 및 Agent 엔지니어,콘센트릭스서비스코리아,서울 강남구,회사내규에 따름,경력3년 학력무관,주5일,,2026-08-22,https://www.work24.go.kr/wk/a/b/1500/empDetailAuthView.do?wantedAuthNo=51124091&infoTypeCd=CJK&infoTypeGroup=tb_workinfogubun,AI오케스트레이션
AI Agent,[채용 공고] AI 에이전트 개발 (연봉 5천~7천),(주)빅스테크놀로지,서울 금천구,회사내규에 따름,경력8년 대졸(4년),,,2099-12-31,https://www.work24.go.kr/wk/a/b/1500/empDetailAuthView.do?wantedAuthNo=54257154&infoTypeCd=CSI&infoTypeGroup=tb_workinfogubun,AI오케스트레이션
AI Agent,[미소정보기술-강원지사] 팀장 및 개발지원 (플랫폼 & Agent ...,(주)미소정보기술,강원 원주시,회사내규에 따름,경력무관 대졸(4년),주5일,,2026-08-18,https://www.work24.go.kr/wk/a/b/1500/empDetailAuthView.do?wantedAuthNo=54229811&infoTypeCd=CSI&infoTypeGroup=tb_workinfogubun,AI오케스트레이션
AI Agent,[정규직] AI Agent & JAVA Web 개발자(신입/경력) ...,(주)엔피씨시스템,경기 성남시 수정구 등,회사내규에 따름,신입/경력1년 대졸(4년),,,2099-01-01,https://www.work24.go.kr/wk/a/b/1500/empDetailAuthView.do?wantedAuthNo=54194177&infoTypeCd=CSI&infoTypeGroup=tb_workinfogubun,AI오케스트레이션
AI Agent,Kubernetes 에이전트 개발자 (GPU/AI Observabi...,와탭랩스(WhaTapLabs),서울 서초구,회사내규에 따름,경력 학력무관,,,2099-12-31,https://www.work24.go.kr/wk/a/b/1500/empDetailAuthView.do?wantedAuthNo=326613&infoTypeCd=CWT&infoTypeGroup=tb_workinfogubun,AI오케스트레이션
AI Agent,[딥파인] AI Agent 개발,(주)딥파인,서울 용산구,회사내규에 따름,경력5년 대졸(2~3년),,,2026-08-14,https://www.work24.go.kr/wk/a/b/1500/empDetailAuthView.do?wantedAuthNo=54173047&infoTypeCd=CSI&infoTypeGroup=tb_workinfogubun,AI오케스트레이션
AI Agent,Product Manager (B2B AI Agent),네오사피엔스(타입캐스트),서울 강남구,회사내규에 따름,경력 학력무관,,,2099-12-31,https://www.work24.go.kr/wk/a/b/1500/empDetailAuthView.do?wantedAuthNo=359811&infoTypeCd=CWT&infoTypeGroup=tb_workinfogubun,AI오케스트레이션
AI Agent,AI Agent Engineer,인피닉(infiniq),서울 강남구,회사내규에 따름,경력 학력무관,,,2099-12-31,https://www.work24.go.kr/wk/a/b/1500/empDetailAuthView.do?wantedAuthNo=360043&infoTypeCd=CWT&infoTypeGroup=tb_workinfogubun,AI오케스트레이션
AI Agent,AI Agent Engineer (AI 에이전트 엔지니어),오토메타,서울 강남구,회사내규에 따름,경력 학력무관,,,2099-12-31,https://www.work24.go.kr/wk/a/b/1500/empDetailAuthView.do?wantedAuthNo=367277&infoTypeCd=CWT&infoTypeGroup=tb_workinfogubun,AI오케스트레이션
AI Agent,Software Engineer (AI Agent부문),에이티씨아이,서울 금천구,회사내규에 따름,경력 학력무관,,,2099-12-31,https://www.work24.go.kr/wk/a/b/1500/empDetailAuthView.do?wantedAuthNo=349626&infoTypeCd=CWT&infoTypeGroup=tb_workinfogubun,AI오케스트레이션
AI Agent,AI Agent Engineer (Python),㈜아이엔소프트,서울 영등포구,회사내규에 따름,경력3년 대졸(4년),주5일,,2026-08-07,https://www.work24.go.kr/wk/a/b/1500/empDetailAuthView.do?wantedAuthNo=51032150&infoTypeCd=CJK&infoTypeGroup=tb_workinfogubun,AI오케스트레이션
MLOps,MLOps 엔지니어 (계약직),(주)카카오모빌리티,경기 성남시 분당구 등,회사내규에 따름,신입/경력 대졸(2~3년),주5일,,2099-12-31,https://www.work24.go.kr/wk/a/b/1500/empDetailAuthView.do?wantedAuthNo=2607200005077&infoTypeCd=CIN&infoTypeGroup=tb_workinfogubun,AI오케스트레이션
MLOps,[의료IT 1위 이지케어텍] 연구소 MLOps Engineer 채용,이지케어텍(주),서울 중구,회사내규에 따름,경력2년 대졸(4년),주5일,,2026-09-12,https://www.work24.go.kr/wk/a/b/1500/empDetailAuthView.do?wantedAuthNo=54458761&infoTypeCd=CSI&infoTypeGroup=tb_workinfogubun,AI오케스트레이션
MLOps,MLOps Engineer,원프레딕트(onepredict),서울 강남구,회사내규에 따름,경력 학력무관,,,2099-12-31,https://www.work24.go.kr/wk/a/b/1500/empDetailAuthView.do?wantedAuthNo=348224&infoTypeCd=CWT&infoTypeGroup=tb_workinfogubun,AI오케스트레이션
MLOps,MLOps Engineer (전문연구요원 가능),소크라에이아이,서울 강남구,회사내규에 따름,경력 학력무관,,,2099-12-31,https://www.work24.go.kr/wk/a/b/1500/empDetailAuthView.do?wantedAuthNo=307483&infoTypeCd=CWT&infoTypeGroup=tb_workinfogubun,AI오케스트레이션
MLOps,시큐어머신스랩 주식회사 MLOps 개발자 경력 채용 공고,시큐어머신스랩 주식회사,경기 수원시 장안구 등,회사내규에 따름,경력2년 대졸(4년),,,2099-01-01,https://www.work24.go.kr/wk/a/b/1500/empDetailAuthView.do?wantedAuthNo=54242449&infoTypeCd=CSI&infoTypeGroup=tb_workinfogubun,AI오케스트레이션
MLOps,MLOps Engineer (MLOps 엔지니어),오토메타,서울 강남구,회사내규에 따름,경력 학력무관,,,2099-12-31,https://www.work24.go.kr/wk/a/b/1500/empDetailAuthView.do?wantedAuthNo=369477&infoTypeCd=CWT&infoTypeGroup=tb_workinfogubun,AI오케스트레이션
LLMOps,LLMOps Engineer,원프레딕트(onepredict),서울 서초구,회사내규에 따름,경력 학력무관,,,2099-12-31,https://www.work24.go.kr/wk/a/b/1500/empDetailAuthView.do?wantedAuthNo=369340&infoTypeCd=CWT&infoTypeGroup=tb_workinfogubun,AI오케스트레이션
RAG,AI 백엔드/RAG 솔루션 개발자 채용,(주)코어스택,세종,회사내규에 따름,경력3년 대졸(4년),,,2026-09-01,https://www.work24.go.kr/wk/a/b/1500/empDetailAuthView.do?wantedAuthNo=54365568&infoTypeCd=CSI&infoTypeGroup=tb_workinfogubun,AI오케스트레이션
AX,KAIST AX학과 문일철 교수 연구실 [위촉연구원] 모집 공고,한국과학기술원,대전광역시 유성구 대학로,월급 260 만원 이상,신입 석사 ~ 박사,주5일 주 40시간 근로 09:00 ~ 18:00,,2026-08-19,https://www.work24.go.kr/wk/a/b/1500/empDetailAuthView.do?wantedAuthNo=K170052608050004&infoTypeCd=VALIDATION&infoTypeGroup=tb_workinfoworknet,AX/DX
AX,한양사이버대학교 계약직원 채용 공고(AX사업단),한양사이버대학교,서울 성동구,"연봉 2,958 만원 ~ 2,958 만원",신입/경력 대졸(4년),주5일,,2026-08-10,https://www.work24.go.kr/wk/a/b/1500/empDetailAuthView.do?wantedAuthNo=2608040000324&infoTypeCd=CIN&infoTypeGroup=tb_workinfogubun,AX/DX
AX,"각 시공 및 설계, AX, HRD/조직문화",자이씨앤에이(주),지역무관,회사내규에 따름,경력3년 학력무관,,,2026-08-10,https://www.work24.go.kr/wk/a/b/1500/empDetailAuthView.do?wantedAuthNo=1410673&infoTypeCd=CWK&infoTypeGroup=tb_workinfogubun,AX/DX
AX,[하이텔레서비스] AICC AX운영담당자 채용,（주）하이텔레서비스,서울특별시 강서구 마곡중앙5로,"연봉 4,400 만원 이상",경력1년 대졸(4년) ~ 박사,주5일 주 40시간 근로 08:30 ~ 17:30,,2026-08-14,https://www.work24.go.kr/wk/a/b/1500/empDetailAuthView.do?wantedAuthNo=K120412608030016&infoTypeCd=VALIDATION&infoTypeGroup=tb_workinfoworknet,AX/DX
AX,[삼정KPMG] Audit AX 본부 경력직 개발자 채용,삼정KPMG,서울 강남구,회사내규에 따름,경력7년 대졸(4년),,,2026-08-14,https://www.work24.go.kr/wk/a/b/1500/empDetailAuthView.do?wantedAuthNo=54637265&infoTypeCd=CSI&infoTypeGroup=tb_workinfogubun,AX/DX
AX,사내 시스템 기획 및 프로젝트 관리 담(팀장급)/사내시스템 AX추...,(주)에이치알비즈코리아,경기 성남시 분당구 등,회사내규에 따름,경력10년 대졸(4년),주5일,,2026-08-17,https://www.work24.go.kr/wk/a/b/1500/empDetailAuthView.do?wantedAuthNo=2608020000171&infoTypeCd=CIN&infoTypeGroup=tb_workinfogubun,AX/DX
AX,[사내정보시스템 운영 & AX 추진] 신규 인원 채용,두원중공업(주),경남 사천시,회사내규에 따름,신입/경력1년 대졸(4년),,,2026-08-09,https://www.work24.go.kr/wk/a/b/1500/empDetailAuthView.do?wantedAuthNo=54618188&infoTypeCd=CSI&infoTypeGroup=tb_workinfogubun,AX/DX
AX,[신규론칭/월최대400만] 진료예약 및 내원 OB상담/2일교육 AX...,(주)유베이스,서울 용산구 등,월급 216 만원 ~ 435 만원,경력무관 학력무관,주5일,,2026-08-12,https://www.work24.go.kr/wk/a/b/1500/empDetailAuthView.do?wantedAuthNo=51354376&infoTypeCd=CJK&infoTypeGroup=tb_workinfogubun,AX/DX
AX,[알파코-성수] HRD DX/AX 기업교육기획 및 강사관리 담당자,(주)알파코,서울 성동구,회사내규에 따름,경력2년 대졸(4년),주5일,,2026-08-28,https://www.work24.go.kr/wk/a/b/1500/empDetailAuthView.do?wantedAuthNo=54306795&infoTypeCd=CSI&infoTypeGroup=tb_workinfogubun,AX/DX
AX,[KCC정보통신] AX사업팀 신입/경력 채용 - Kaspersky ...,KCC정보통신,서울 용산구,회사내규에 따름,신입/경력 대졸(4년),,,2026-08-13,https://www.work24.go.kr/wk/a/b/1500/empDetailAuthView.do?wantedAuthNo=51342108&infoTypeCd=CJK&infoTypeGroup=tb_workinfogubun,AX/DX
AX,[26년 공채] AX개발자 / FDE(Forward Deployed...,플래티어,서울 송파구,회사내규에 따름,경력무관,,,2026-08-09,https://www.work24.go.kr/wk/a/b/1500/empDetailAuthView.do?wantedAuthNo=171854&infoTypeCd=OEW&infoTypeGroup=tb_workinfoopen,AX/DX
AX,AX Engineer,(주)에어스메디컬,서울 강남구,회사내규에 따름,경력3년 대졸(4년),,,2099-01-01,https://www.work24.go.kr/wk/a/b/1500/empDetailAuthView.do?wantedAuthNo=54598505&infoTypeCd=CSI&infoTypeGroup=tb_workinfogubun,AX/DX
AX,초우량 대기업 AX 아키텍트,커리어커넥트(주),서울 중구,회사내규에 따름,경력15년 대졸(4년),주5일,,2099-01-01,https://www.work24.go.kr/wk/a/b/1500/empDetailAuthView.do?wantedAuthNo=2607290003230&infoTypeCd=CIN&infoTypeGroup=tb_workinfogubun,AX/DX
AX,AX(AI/IT) 교육 상품기획자 채용,멀티캠퍼스,서울 강남구,회사내규에 따름,경력무관 대졸(4년),,,2026-08-12,https://www.work24.go.kr/wk/a/b/1500/empDetailAuthView.do?wantedAuthNo=563732&infoTypeCd=CAT&infoTypeGroup=tb_workinfogubun,AX/DX
AX,[ICT] AX 전략기획 경력사원 채용,한화시스템,서울,회사내규에 따름,경력무관 학력무관,,,2026-08-09,https://www.work24.go.kr/wk/a/b/1500/empDetailAuthView.do?wantedAuthNo=564281&infoTypeCd=CAT&infoTypeGroup=tb_workinfogubun,AX/DX
AX,AX 주니어 개발자 채용,씨에스쉐어링(주),서울 강서구,회사내규에 따름,신입/경력1년 대졸(4년),주5일,,2026-08-26,https://www.work24.go.kr/wk/a/b/1500/empDetailAuthView.do?wantedAuthNo=54567734&infoTypeCd=CSI&infoTypeGroup=tb_workinfogubun,AX/DX
AX,AX 시니어 개발자 채용,씨에스쉐어링(주),서울 강서구,회사내규에 따름,경력10년 대졸(4년),주5일,,2026-08-26,https://www.work24.go.kr/wk/a/b/1500/empDetailAuthView.do?wantedAuthNo=54567749&infoTypeCd=CSI&infoTypeGroup=tb_workinfogubun,AX/DX
AX,[경력] AX Tech Master 채용,CJ올리브네트웍스,서울 용산구,회사내규에 따름,경력무관 학력무관,,,2026-08-24,https://www.work24.go.kr/wk/a/b/1500/empDetailAuthView.do?wantedAuthNo=563342&infoTypeCd=CAT&infoTypeGroup=tb_workinfogubun,AX/DX
AX,AI/AX Engineer 경력 2년 이상,(주)에임즈인터내셔널코리아,서울 강남구,회사내규에 따름,경력2년 대졸(4년),,,2099-01-01,https://www.work24.go.kr/wk/a/b/1500/empDetailAuthView.do?wantedAuthNo=2607250000233&infoTypeCd=CIN&infoTypeGroup=tb_workinfogubun,AX/DX
AX,AX·AI 신사업 전략 기획 (경력),네이버클라우드,서울 강남구,회사내규에 따름,경력 대졸(4년) ~ 박사,,,2026-08-05,https://www.work24.go.kr/wk/a/b/1500/empDetailAuthView.do?wantedAuthNo=171229&infoTypeCd=OEW&infoTypeGroup=tb_workinfoopen,AX/DX
AX,제조업 DX/AX 자동화 제어 엔지니어 (PLC/SCADA/전장설계...,(주)동연에스엔티,부산 동래구,회사내규에 따름,경력무관 학력무관,주5일,,2026-09-22,https://www.work24.go.kr/wk/a/b/1500/empDetailAuthView.do?wantedAuthNo=54558558&infoTypeCd=CSI&infoTypeGroup=tb_workinfogubun,AX/DX
AX,[하미글로벌] AX혁신팀 SE 운영 관리자 채용 (신입/경력),㈜하미글로벌,서울 금천구 등,회사내규에 따름,신입/경력 고졸,주5일,,2099-12-31,https://www.work24.go.kr/wk/a/b/1500/empDetailAuthView.do?wantedAuthNo=51307271&infoTypeCd=CJK&infoTypeGroup=tb_workinfogubun,AX/DX
AX,백엔드 시니어 엔지니어 채용 (경력 5년 이상) - AX(AI 전환...,더치트(주),서울 구로구,회사내규에 따름,경력5년 학력무관,,,2026-08-22,https://www.work24.go.kr/wk/a/b/1500/empDetailAuthView.do?wantedAuthNo=54546855&infoTypeCd=CSI&infoTypeGroup=tb_workinfogubun,AX/DX
AX,AI·디지털 교육 고객 지원(CS)·운영 관리 팀원 채용 (AX사업...,에이럭스,서울 도봉구,회사내규에 따름,경력무관 대졸(2~3년),주5일,,2026-08-22,https://www.work24.go.kr/wk/a/b/1500/empDetailAuthView.do?wantedAuthNo=51308636&infoTypeCd=CJK&infoTypeGroup=tb_workinfogubun,AX/DX
AX,경력직_플랫폼개발팀 (AX Engineer) 채용,한화자산운용,서울 영등포구,회사내규에 따름,경력무관 대졸(4년),,,2026-08-05,https://www.work24.go.kr/wk/a/b/1500/empDetailAuthView.do?wantedAuthNo=562305&infoTypeCd=CAT&infoTypeGroup=tb_workinfogubun,AX/DX
AX,[월294만/양재] KT AX미래기술원 사무직 채용,㈜케이티아이에스,서울 서초구,월급 294 만원 ~ 294 만원,경력무관 대졸(2~3년),주5일,,2026-08-20,https://www.work24.go.kr/wk/a/b/1500/empDetailAuthView.do?wantedAuthNo=51287847&infoTypeCd=CJK&infoTypeGroup=tb_workinfogubun,AX/DX
AX,PhysicalAI·모방강화학습·VLA·제조로봇 AX 핵심 인재채용,(주)로자이크,서울 광진구,회사내규에 따름,경력3년 학력무관,,,2026-08-20,https://www.work24.go.kr/wk/a/b/1500/empDetailAuthView.do?wantedAuthNo=54523744&infoTypeCd=CSI&infoTypeGroup=tb_workinfogubun,AX/DX
AX,AX 기반 UX/UI PM,라이덕㈜,서울 강남구,"연봉 4,000 만원 ~ 8,000 만원",경력 대졸(4년),주5일,,2026-09-18,https://www.work24.go.kr/wk/a/b/1500/empDetailAuthView.do?wantedAuthNo=51278948&infoTypeCd=CJK&infoTypeGroup=tb_workinfogubun,AX/DX
AX,[AX HUB] 게임 콘텐츠 AI 응용 개발 (전문연구요원),,,회사내규에 따름,,,,2026-08-31,https://www.work24.go.kr/wk/a/b/1500/empDetailAuthView.do?wantedAuthNo=2000001445307&infoTypeCd=MMA&infoTypeGroup=tb_workinfomma,AX/DX
AX,[NAVER Cloud] AX·AI 신사업 전략 기획 (경력) 채용,네이버클라우드,서울 강남구,회사내규에 따름,경력무관 대졸(4년),,,2026-08-05,https://www.work24.go.kr/wk/a/b/1500/empDetailAuthView.do?wantedAuthNo=562070&infoTypeCd=CAT&infoTypeGroup=tb_workinfogubun,AX/DX
AX,[쿠도커뮤니케이션] AX사업부 보안 솔루션 엔지니어 채용,쿠도커뮤니케이션(주),경기 과천시,회사내규에 따름,경력2년 대졸(4년),,,2026-08-12,https://www.work24.go.kr/wk/a/b/1500/empDetailAuthView.do?wantedAuthNo=54444135&infoTypeCd=CSI&infoTypeGroup=tb_workinfogubun,AX/DX
AX,AI/AX 사업 개발·영업 담당자 채용,GS ITM,서울 종로구,회사내규에 따름,경력무관 학력무관,,,2026-08-12,https://www.work24.go.kr/wk/a/b/1500/empDetailAuthView.do?wantedAuthNo=562171&infoTypeCd=CAT&infoTypeGroup=tb_workinfogubun,AX/DX
AX,"[ AX컨설팅, SI 컨설팅 ] AA,TA,DA,BA,AI",영성미디어㈜,서울 송파구,회사내규에 따름,경력7년 대졸(2~3년),주5일,,2026-09-08,https://www.work24.go.kr/wk/a/b/1500/empDetailAuthView.do?wantedAuthNo=51230718&infoTypeCd=CJK&infoTypeGroup=tb_workinfogubun,AX/DX
AX,AX Engineer(전문연구요원 전직) 모집,,,회사내규에 따름,,,,2026-08-14,https://www.work24.go.kr/wk/a/b/1500/empDetailAuthView.do?wantedAuthNo=2000001435493&infoTypeCd=MMA&infoTypeGroup=tb_workinfomma,AX/DX
AX,[코스닥 제조회사] 경영관리 (AX) 팀원,(주)유비소시어스,서울 강남구,회사내규에 따름,경력1년 대졸(4년),주5일,,2026-08-06,https://www.work24.go.kr/wk/a/b/1500/empDetailAuthView.do?wantedAuthNo=2607070000288&infoTypeCd=CIN&infoTypeGroup=tb_workinfogubun,AX/DX
AX,AX Product Manager,뉴셀렉트㈜,서울 성동구,회사내규에 따름,경력2년 대졸(4년),,,2026-09-05,https://www.work24.go.kr/wk/a/b/1500/empDetailAuthView.do?wantedAuthNo=51209758&infoTypeCd=CJK&infoTypeGroup=tb_workinfogubun,AX/DX
AX,AX Engineer,뉴셀렉트㈜,서울 성동구,회사내규에 따름,경력3년 학력무관,,,2026-09-05,https://www.work24.go.kr/wk/a/b/1500/empDetailAuthView.do?wantedAuthNo=51209767&infoTypeCd=CJK&infoTypeGroup=tb_workinfogubun,AX/DX
AX,[쿠도커뮤니케이션] AX사업부 AX엔지니어링팀 백엔드개발자 채용,쿠도커뮤니케이션(주),경기 과천시,회사내규에 따름,경력3년 대졸(4년),,,2026-08-05,https://www.work24.go.kr/wk/a/b/1500/empDetailAuthView.do?wantedAuthNo=54384450&infoTypeCd=CSI&infoTypeGroup=tb_workinfogubun,AX/DX
AX,[쿠도커뮤니케이션] AX사업부 영업직 경력 채용,쿠도커뮤니케이션(주),경기 과천시,회사내규에 따름,경력3년 대졸(4년),,,2026-08-05,https://www.work24.go.kr/wk/a/b/1500/empDetailAuthView.do?wantedAuthNo=54384548&infoTypeCd=CSI&infoTypeGroup=tb_workinfogubun,AX/DX
AX,[INEEJI] 제조 AX 프로젝트 매니저(PM) 미들급 채용,(주)인이지,경기 등,회사내규에 따름,경력7년 대졸(4년),주5일,,2026-08-05,https://www.work24.go.kr/wk/a/b/1500/empDetailAuthView.do?wantedAuthNo=54387096&infoTypeCd=CSI&infoTypeGroup=tb_workinfogubun,AX/DX
AX,[INEEJI] 제조 AX 프로젝트 매니저(PM) 주니어급 채용,(주)인이지,경기 등,회사내규에 따름,신입/경력1년 대졸(4년),주5일,,2026-08-05,https://www.work24.go.kr/wk/a/b/1500/empDetailAuthView.do?wantedAuthNo=54387144&infoTypeCd=CSI&infoTypeGroup=tb_workinfogubun,AX/DX
AX,(경력) AX 업무 채용,한국경제인협회,서울 영등포구,회사내규에 따름,경력 대졸(4년),,,2099-01-01,https://www.work24.go.kr/wk/a/b/1500/empDetailAuthView.do?wantedAuthNo=559701&infoTypeCd=CAT&infoTypeGroup=tb_workinfogubun,AX/DX
AX,AX Operations Engineer (실무담당) - 공간 지능...,큐픽스,경기 성남시,회사내규에 따름,경력 학력무관,,,2099-12-31,https://www.work24.go.kr/wk/a/b/1500/empDetailAuthView.do?wantedAuthNo=372079&infoTypeCd=CWT&infoTypeGroup=tb_workinfogubun,AX/DX
AX,[채널톡] AX Consultant,채널코퍼레이션,지역무관,회사내규에 따름,경력 학력무관,,,2099-12-31,https://www.work24.go.kr/wk/a/b/1500/empDetailAuthView.do?wantedAuthNo=341277&infoTypeCd=CWT&infoTypeGroup=tb_workinfogubun,AX/DX
AX,[Vision AI & 자동화 설비] AX 엔지니어,라이넨스,서울 강서구,회사내규에 따름,경력 학력무관,,,2099-12-31,https://www.work24.go.kr/wk/a/b/1500/empDetailAuthView.do?wantedAuthNo=370292&infoTypeCd=CWT&infoTypeGroup=tb_workinfogubun,AX/DX
AX,AX R&D 기획팀장,몬드리안에이아이,인천 연수구,회사내규에 따름,경력 학력무관,,,2099-12-31,https://www.work24.go.kr/wk/a/b/1500/empDetailAuthView.do?wantedAuthNo=370895&infoTypeCd=CWT&infoTypeGroup=tb_workinfogubun,AX/DX
AX,AX전담팀 팀장급,웰컴에프앤디,서울 용산구,회사내규에 따름,경력 학력무관,,,2099-12-31,https://www.work24.go.kr/wk/a/b/1500/empDetailAuthView.do?wantedAuthNo=371603&infoTypeCd=CWT&infoTypeGroup=tb_workinfogubun,AX/DX
AX,[쿠도커뮤니케이션] AX사업부 AX컨설팅팀 컨설팅 채용,쿠도커뮤니케이션(주),경기 과천시,회사내규에 따름,신입/경력1년 대졸(4년),,,2026-08-30,https://www.work24.go.kr/wk/a/b/1500/empDetailAuthView.do?wantedAuthNo=54337281&infoTypeCd=CSI&infoTypeGroup=tb_workinfogubun,AX/DX
AX,AX(AI Transformation) 전담팀 채용,(주)녹십초알로에,서울 송파구,회사내규에 따름,경력무관 학력무관,,,2026-08-13,https://www.work24.go.kr/wk/a/b/1500/empDetailAuthView.do?wantedAuthNo=54340439&infoTypeCd=CSI&infoTypeGroup=tb_workinfogubun,AX/DX
AX,AX 컨설턴트,제네시스랩,지역무관,회사내규에 따름,경력 학력무관,,,2099-12-31,https://www.work24.go.kr/wk/a/b/1500/empDetailAuthView.do?wantedAuthNo=371245&infoTypeCd=CWT&infoTypeGroup=tb_workinfogubun,AX/DX
AX,[AX 크리에이티브 본부] 디지털 광고 디자이너 채용,매드업,서울 강남구,회사내규에 따름,경력5년 학력무관,주5일,,2026-08-29,https://www.work24.go.kr/wk/a/b/1500/empDetailAuthView.do?wantedAuthNo=51170295&infoTypeCd=CJK&infoTypeGroup=tb_workinfogubun,AX/DX
AX,AX 컨설턴트 채용,에스코어,서울 송파구,회사내규에 따름,경력무관 학력무관,,,2026-09-29,https://www.work24.go.kr/wk/a/b/1500/empDetailAuthView.do?wantedAuthNo=560452&infoTypeCd=CAT&infoTypeGroup=tb_workinfogubun,AX/DX
AX,[패스트캠퍼스 B2B] 시니어 AX 교육 컨설턴트,데이원컴퍼니,서울 강남구,회사내규에 따름,경력 학력무관,,,2099-01-01,https://www.work24.go.kr/wk/a/b/1500/empDetailAuthView.do?wantedAuthNo=558221&infoTypeCd=CAT&infoTypeGroup=tb_workinfogubun,AX/DX
AX,[미리캔버스] AX 퍼포먼스 마케터,㈜미리디,서울 구로구,회사내규에 따름,경력1년 학력무관,주5일,,2026-08-24,https://www.work24.go.kr/wk/a/b/1500/empDetailAuthView.do?wantedAuthNo=51141438&infoTypeCd=CJK&infoTypeGroup=tb_workinfogubun,AX/DX
AX,AI/AX 사업 리더,마티니아이오,서울 서초구,회사내규에 따름,경력 학력무관,,,2099-12-31,https://www.work24.go.kr/wk/a/b/1500/empDetailAuthView.do?wantedAuthNo=370138&infoTypeCd=CWT&infoTypeGroup=tb_workinfogubun,AX/DX
AX,[미리디] AX 엔지니어 (AX Engineer),미리디,서울 구로구,회사내규에 따름,경력무관 학력무관,,,2099-01-01,https://www.work24.go.kr/wk/a/b/1500/empDetailAuthView.do?wantedAuthNo=557112&infoTypeCd=CAT&infoTypeGroup=tb_workinfogubun,AX/DX
AX,데이터 엔지니어 (AX / Brand Protection),페이커즈,지역무관,회사내규에 따름,경력 학력무관,,,2099-12-31,https://www.work24.go.kr/wk/a/b/1500/empDetailAuthView.do?wantedAuthNo=368726&infoTypeCd=CWT&infoTypeGroup=tb_workinfogubun,AX/DX
AX,AX PM (오산),아이제라,경기 오산시,회사내규에 따름,경력 학력무관,,,2099-12-31,https://www.work24.go.kr/wk/a/b/1500/empDetailAuthView.do?wantedAuthNo=346200&infoTypeCd=CWT&infoTypeGroup=tb_workinfogubun,AX/DX
AX,Product Manager - AX Engineering,씨제이올리브영(CJ올리브영),서울 용산구,회사내규에 따름,경력 학력무관,,,2099-12-31,https://www.work24.go.kr/wk/a/b/1500/empDetailAuthView.do?wantedAuthNo=365893&infoTypeCd=CWT&infoTypeGroup=tb_workinfogubun,AX/DX
AX,Senior AX Engineer,루닛(Lunit),서울 강남구,회사내규에 따름,경력 학력무관,,,2099-12-31,https://www.work24.go.kr/wk/a/b/1500/empDetailAuthView.do?wantedAuthNo=368564&infoTypeCd=CWT&infoTypeGroup=tb_workinfogubun,AX/DX
AX,AX 사업개발 매니저,엘리스,서울 강남구,회사내규에 따름,경력 학력무관,,,2099-12-31,https://www.work24.go.kr/wk/a/b/1500/empDetailAuthView.do?wantedAuthNo=367624&infoTypeCd=CWT&infoTypeGroup=tb_workinfogubun,AX/DX
AX,[알파코-성수] HRD DX/AX 기업교육 컨설팅 및 영업 담당자,(주)알파코,서울 성동구,회사내규에 따름,경력2년 대졸(4년),주5일,,2026-08-11,https://www.work24.go.kr/wk/a/b/1500/empDetailAuthView.do?wantedAuthNo=54160014&infoTypeCd=CSI&infoTypeGroup=tb_workinfogubun,AX/DX
AX,[디어달리아] 전략기획 3년 이상 - IT기획/DX/AX,바람인터내셔날(DEAR DAHLIA),서울 강남구,회사내규에 따름,경력 학력무관,,,2099-12-31,https://www.work24.go.kr/wk/a/b/1500/empDetailAuthView.do?wantedAuthNo=363538&infoTypeCd=CWT&infoTypeGroup=tb_workinfogubun,AX/DX
AX,AI 서비스 기획 & AX 컨설턴트,위레이저,서울 마포구,회사내규에 따름,경력 학력무관,,,2099-12-31,https://www.work24.go.kr/wk/a/b/1500/empDetailAuthView.do?wantedAuthNo=366781&infoTypeCd=CWT&infoTypeGroup=tb_workinfogubun,AX/DX
AI 전환,[제르코닉스] AI 프로덕트 엔지니어 (정규직 전환형 인턴),(주)제르코닉스,경기 부천시,회사내규에 따름,경력무관 학력무관,주5일,,2099-01-01,https://www.work24.go.kr/wk/a/b/1500/empDetailAuthView.do?wantedAuthNo=54337154&infoTypeCd=CSI&infoTypeGroup=tb_workinfogubun,AX/DX
AI 전환,현성기업(주) 기업부설연구소 R&D 연구보조 및 AI 임베디드 담당...,현성기업(주),경상남도 김해시 진례면,월급 250 만원 이상,경력무관 대졸(2~3년) ~ 대졸(4년),주5일 주 40시간 근로,,2026-08-21,https://www.work24.go.kr/wk/a/b/1500/empDetailAuthView.do?wantedAuthNo=K131312606220014&infoTypeCd=VALIDATION&infoTypeGroup=tb_workinfoworknet,AX/DX
AI 전환,전사 디지털 전환 및 AI업무 자동화 담당,(주)달콤한고래들,서울 강서구,회사내규에 따름,경력무관 고졸,주5일,,2026-08-07,https://www.work24.go.kr/wk/a/b/1500/empDetailAuthView.do?wantedAuthNo=54109613&infoTypeCd=CSI&infoTypeGroup=tb_workinfogubun,AX/DX
디지털전환,돌봄서비스 디지털 전환 행정인턴 채용,전북행복한돌봄 사회적협동조합,전북특별자치도 전주시 완산구,월급 234 만원 ~ 234 만원,경력무관 학력무관,주5일 주 40시간 근로 09:00 ~ 18:00,,2026-08-26,https://www.work24.go.kr/wk/a/b/1500/empDetailAuthView.do?wantedAuthNo=KF11552607270001&infoTypeCd=VALIDATION&infoTypeGroup=tb_workinfoworknet,AX/DX
디지털전환,투자풀운용부문 투자풀자문본부 디지털자문팀 신입(정규직 전환형 인턴사...,미래에셋자산운용,서울 종로구,회사내규에 따름,인턴/신입 대졸예정(4년) ~ 박사,,,2026-08-05,https://www.work24.go.kr/wk/a/b/1500/empDetailAuthView.do?wantedAuthNo=170585&infoTypeCd=OEW&infoTypeGroup=tb_workinfoopen,AX/DX
DX,[이차전지/코스닥상장사]DX전문가 (경력 10년 이상),에이피써치,충북 청주시 흥덕구 등,회사내규에 따름,경력10년 대졸(4년),,,2026-09-03,https://www.work24.go.kr/wk/a/b/1500/empDetailAuthView.do?wantedAuthNo=2608040002155&infoTypeCd=CIN&infoTypeGroup=tb_workinfogubun,AX/DX
DX,DX엔지니어 경력사원 채용,(주)엠플러스,충북 청주시 흥덕구 등,회사내규에 따름,경력10년 대졸(4년),주5일,,2026-09-30,https://www.work24.go.kr/wk/a/b/1500/empDetailAuthView.do?wantedAuthNo=54649242&infoTypeCd=CSI&infoTypeGroup=tb_workinfogubun,AX/DX
DX,[쿠도커뮤니케이션] DX사업부 사업·서비스 기획 채용,쿠도커뮤니케이션(주),경기 과천시,회사내규에 따름,경력3년 대졸(4년),,,2026-08-22,https://www.work24.go.kr/wk/a/b/1500/empDetailAuthView.do?wantedAuthNo=54541135&infoTypeCd=CSI&infoTypeGroup=tb_workinfogubun,AX/DX
DX,한세모빌리티 글로벌 DX 및 IT 전략 리더,한세모빌리티(주),대구 달성군,회사내규에 따름,경력15년 대졸(4년),주5일,,2099-12-31,https://www.work24.go.kr/wk/a/b/1500/empDetailAuthView.do?wantedAuthNo=54304292&infoTypeCd=CSI&infoTypeGroup=tb_workinfogubun,AX/DX
DX,ESG DX사업팀 전략·기획 3년 이상,에코앤파트너스,서울 강서구,회사내규에 따름,경력 학력무관,,,2099-12-31,https://www.work24.go.kr/wk/a/b/1500/empDetailAuthView.do?wantedAuthNo=370289&infoTypeCd=CWT&infoTypeGroup=tb_workinfogubun,AX/DX
DX,[DX사업부]DB구축 및 지도제작업무 신규채용,,,회사내규에 따름,,,,2026-09-30,https://www.work24.go.kr/wk/a/b/1500/empDetailAuthView.do?wantedAuthNo=1013673&infoTypeCd=IBK&infoTypeGroup=tb_workinfoibk,AX/DX
DX,[DX사업부]프로젝트 수행PL 경력직 채용,,,회사내규에 따름,,,,2026-08-05,https://www.work24.go.kr/wk/a/b/1500/empDetailAuthView.do?wantedAuthNo=1013607&infoTypeCd=IBK&infoTypeGroup=tb_workinfoibk,AX/DX
